timestamp,open,high,low,close,volume
2026-06-15 00:00:00+00:00,1725.66,1733.0,1719.8,1720.97,8628.838505
2026-06-15 01:00:00+00:00,1720.97,1721.81,1709.81,1716.0,4687.874773
2026-06-15 02:00:00+00:00,1716.0,1726.99,1714.46,1716.84,2602.524164
2026-06-15 03:00:00+00:00,1716.85,1724.17,1715.6,1720.83,3346.013871
2026-06-15 04:00:00+00:00,1720.83,1722.25,1715.74,1717.1,3299.376823
2026-06-15 05:00:00+00:00,1717.11,1722.62,1716.0,1720.69,2186.784947
2026-06-15 06:00:00+00:00,1720.64,1723.33,1718.37,1720.05,2653.39227
2026-06-15 07:00:00+00:00,1720.06,1723.82,1716.44,1716.61,3856.121535
2026-06-15 08:00:00+00:00,1716.61,1721.92,1715.52,1720.52,2164.089795
2026-06-15 09:00:00+00:00,1720.53,1726.99,1712.37,1718.79,4807.202001
2026-06-15 10:00:00+00:00,1718.74,1750.0,1717.9,1737.73,10665.44612
2026-06-15 11:00:00+00:00,1737.73,1769.27,1734.06,1764.86,16649.216788
2026-06-15 12:00:00+00:00,1764.86,1777.93,1760.26,1777.54,10323.723244
2026-06-15 13:00:00+00:00,1777.55,1827.51,1774.44,1814.38,27200.267253
2026-06-15 14:00:00+00:00,1814.23,1818.53,1804.62,1814.38,10343.487913
2026-06-15 15:00:00+00:00,1814.37,1849.4,1813.34,1845.61,17803.665454
2026-06-15 16:00:00+00:00,1845.6,1847.22,1837.67,1842.73,10285.081858
2026-06-15 17:00:00+00:00,1842.73,1842.74,1823.68,1829.23,9670.046948
2026-06-15 18:00:00+00:00,1829.27,1835.68,1825.41,1828.13,3409.198756
2026-06-15 19:00:00+00:00,1828.13,1834.44,1811.19,1821.95,7287.261929
2026-06-15 20:00:00+00:00,1821.58,1826.52,1815.37,1816.99,3401.806941
2026-06-15 21:00:00+00:00,1817.0,1822.28,1809.34,1811.37,3087.126419
2026-06-15 22:00:00+00:00,1811.37,1813.45,1787.15,1789.62,7332.147291
2026-06-15 23:00:00+00:00,1789.51,1797.51,1782.68,1796.02,4139.978721
2026-06-16 00:00:00+00:00,1796.02,1802.78,1788.91,1789.6,3685.913976
2026-06-16 01:00:00+00:00,1789.6,1797.35,1789.13,1792.27,2048.015737
2026-06-16 02:00:00+00:00,1792.23,1794.15,1767.48,1770.16,8725.21784
2026-06-16 03:00:00+00:00,1770.17,1780.6,1764.83,1779.21,4982.107155
2026-06-16 04:00:00+00:00,1779.21,1783.31,1758.49,1760.6,6424.30856
2026-06-16 05:00:00+00:00,1760.61,1766.05,1760.59,1762.19,3966.770757
2026-06-16 06:00:00+00:00,1762.23,1774.22,1762.22,1771.64,5219.603437
2026-06-16 07:00:00+00:00,1771.67,1776.79,1769.12,1774.26,4056.930893
2026-06-16 08:00:00+00:00,1774.25,1807.99,1773.27,1803.3,11125.944518
2026-06-16 09:00:00+00:00,1803.11,1805.7,1787.14,1789.7,8347.161589
2026-06-16 10:00:00+00:00,1789.7,1800.55,1788.56,1794.14,5111.71771
2026-06-16 11:00:00+00:00,1794.08,1800.23,1790.89,1799.63,2958.988923
2026-06-16 12:00:00+00:00,1799.69,1839.5,1796.7,1814.73,15298.7949
2026-06-16 13:00:00+00:00,1814.78,1817.29,1791.51,1797.89,10321.382234
2026-06-16 14:00:00+00:00,1797.99,1805.6,1763.52,1780.66,18898.257691
2026-06-16 15:00:00+00:00,1780.54,1788.58,1775.0,1782.46,11908.376587
2026-06-16 16:00:00+00:00,1782.46,1785.66,1772.88,1778.04,4161.378036
2026-06-16 17:00:00+00:00,1778.05,1799.67,1777.26,1795.36,6090.488439
2026-06-16 18:00:00+00:00,1795.36,1809.33,1792.64,1799.44,7976.745923
2026-06-16 19:00:00+00:00,1799.45,1801.13,1790.1,1795.4,4873.179758
2026-06-16 20:00:00+00:00,1795.4,1798.72,1789.42,1797.99,2371.360151
2026-06-16 21:00:00+00:00,1798.0,1800.56,1790.62,1796.54,2046.435119
2026-06-16 22:00:00+00:00,1796.54,1799.55,1791.2,1796.34,1211.506766
2026-06-16 23:00:00+00:00,1796.34,1798.93,1791.26,1793.12,1234.398871
2026-06-17 00:00:00+00:00,1793.13,1799.1,1792.02,1794.23,2540.597898
2026-06-17 01:00:00+00:00,1794.24,1799.17,1780.0,1797.75,4945.702548
2026-06-17 02:00:00+00:00,1797.75,1810.23,1788.89,1795.67,5281.221995
2026-06-17 03:00:00+00:00,1795.68,1797.31,1787.61,1793.63,3217.55849
2026-06-17 04:00:00+00:00,1793.64,1802.5,1792.19,1794.3,1770.998235
2026-06-17 05:00:00+00:00,1794.33,1799.22,1789.13,1794.04,1514.560865
2026-06-17 06:00:00+00:00,1794.04,1797.25,1786.48,1790.47,2320.289338
2026-06-17 07:00:00+00:00,1790.49,1792.39,1779.0,1785.32,4408.365931
2026-06-17 08:00:00+00:00,1785.18,1786.48,1760.36,1765.51,6476.85567
2026-06-17 09:00:00+00:00,1765.51,1777.85,1765.04,1773.1,3389.956169
2026-06-17 10:00:00+00:00,1773.11,1776.01,1767.09,1768.45,1949.251047
2026-06-17 11:00:00+00:00,1768.46,1770.94,1759.63,1764.19,3842.116778
2026-06-17 12:00:00+00:00,1764.19,1766.13,1743.0,1759.37,9767.95034
2026-06-17 13:00:00+00:00,1759.32,1771.88,1754.89,1761.08,7320.370438
2026-06-17 14:00:00+00:00,1761.06,1765.5,1740.92,1754.88,8428.930231
2026-06-17 15:00:00+00:00,1755.06,1777.14,1751.0,1773.27,5473.076634
2026-06-17 16:00:00+00:00,1773.24,1791.66,1769.47,1771.96,6942.170942
2026-06-17 17:00:00+00:00,1772.02,1796.69,1767.47,1789.3,5602.43196
2026-06-17 18:00:00+00:00,1789.28,1789.51,1746.51,1770.25,21494.081206
2026-06-17 19:00:00+00:00,1770.21,1775.94,1729.45,1734.78,19858.229233
2026-06-17 20:00:00+00:00,1734.69,1747.99,1733.07,1747.46,5535.808487
2026-06-17 21:00:00+00:00,1747.47,1748.0,1736.49,1738.83,2886.302531
2026-06-17 22:00:00+00:00,1738.84,1746.63,1725.29,1740.26,3875.520268
2026-06-17 23:00:00+00:00,1740.26,1751.93,1740.11,1750.47,1960.050418
2026-06-18 00:00:00+00:00,1750.43,1759.58,1749.9,1752.89,2805.901335
2026-06-18 01:00:00+00:00,1752.89,1763.18,1752.76,1755.05,2904.58337
2026-06-18 02:00:00+00:00,1755.06,1759.08,1750.42,1755.86,2114.675983
2026-06-18 03:00:00+00:00,1755.91,1756.2,1741.24,1744.24,2634.86264
2026-06-18 04:00:00+00:00,1744.23,1746.08,1729.99,1730.73,5113.999971
2026-06-18 05:00:00+00:00,1730.73,1733.19,1722.31,1730.93,4842.221287
2026-06-18 06:00:00+00:00,1731.01,1737.04,1725.55,1735.48,3424.775914
2026-06-18 07:00:00+00:00,1735.62,1753.46,1732.68,1749.93,8484.39925
2026-06-18 08:00:00+00:00,1749.94,1753.69,1746.48,1747.78,3913.113364
2026-06-18 09:00:00+00:00,1747.79,1752.16,1742.53,1746.1,2348.575341
2026-06-18 10:00:00+00:00,1746.1,1753.15,1739.6,1746.97,3414.555299
2026-06-18 11:00:00+00:00,1747.01,1749.45,1739.15,1743.27,2569.539324
2026-06-18 12:00:00+00:00,1743.28,1753.17,1741.88,1750.33,2544.326461
2026-06-18 13:00:00+00:00,1750.34,1752.5,1729.12,1736.92,7201.476244
2026-06-18 14:00:00+00:00,1736.84,1745.56,1729.66,1739.96,5483.168327
2026-06-18 15:00:00+00:00,1739.97,1740.3,1679.4,1682.34,23390.849424
2026-06-18 16:00:00+00:00,1682.29,1693.15,1680.7,1686.99,9717.493213
2026-06-18 17:00:00+00:00,1687.06,1687.77,1671.63,1679.38,6874.584678
2026-06-18 18:00:00+00:00,1679.37,1689.17,1676.47,1685.26,3945.289856
2026-06-18 19:00:00+00:00,1685.27,1707.69,1682.75,1705.55,4749.496547
2026-06-18 20:00:00+00:00,1705.61,1717.46,1705.51,1710.58,3603.676683
2026-06-18 21:00:00+00:00,1710.59,1712.22,1701.87,1708.38,3568.244259
2026-06-18 22:00:00+00:00,1708.38,1708.67,1700.01,1707.0,1648.509727
2026-06-18 23:00:00+00:00,1707.0,1712.46,1703.07,1711.12,1466.743047
2026-06-19 00:00:00+00:00,1711.13,1716.3,1708.73,1713.93,2418.839555
2026-06-19 01:00:00+00:00,1713.94,1719.51,1706.27,1713.56,2282.595815
2026-06-19 02:00:00+00:00,1713.56,1715.37,1701.0,1706.95,2675.121674
2026-06-19 03:00:00+00:00,1706.95,1708.26,1682.38,1697.6,9734.475201
2026-06-19 04:00:00+00:00,1697.61,1702.99,1685.89,1689.69,3923.481278
2026-06-19 05:00:00+00:00,1689.59,1697.6,1689.44,1697.59,2604.921531
2026-06-19 06:00:00+00:00,1697.58,1703.5,1696.19,1700.37,4708.605602
2026-06-19 07:00:00+00:00,1700.34,1701.09,1690.16,1695.95,4766.411923
2026-06-19 08:00:00+00:00,1695.97,1699.12,1693.41,1697.98,2528.556379
2026-06-19 09:00:00+00:00,1697.99,1699.99,1688.75,1689.07,3511.290501
2026-06-19 10:00:00+00:00,1689.09,1694.67,1687.28,1692.55,1648.025459
2026-06-19 11:00:00+00:00,1692.55,1694.4,1688.63,1691.71,1193.604965
2026-06-19 12:00:00+00:00,1691.8,1696.0,1677.07,1695.3,5156.000832
2026-06-19 13:00:00+00:00,1695.32,1711.44,1687.87,1703.47,6592.113547
2026-06-19 14:00:00+00:00,1703.47,1709.99,1696.47,1707.02,5073.856993
2026-06-19 15:00:00+00:00,1707.03,1712.49,1698.12,1707.63,5107.168451
2026-06-19 16:00:00+00:00,1707.68,1711.88,1695.01,1696.66,3316.677923
2026-06-19 17:00:00+00:00,1696.77,1706.38,1692.54,1704.72,3354.239874
2026-06-19 18:00:00+00:00,1704.73,1705.5,1698.4,1702.77,1301.197681
2026-06-19 19:00:00+00:00,1702.78,1704.7,1698.22,1701.18,4772.534079
2026-06-19 20:00:00+00:00,1701.22,1709.48,1698.81,1708.85,1395.448811
2026-06-19 21:00:00+00:00,1708.86,1708.86,1701.4,1701.86,1024.764988
2026-06-19 22:00:00+00:00,1701.87,1710.45,1700.54,1707.61,1877.840811
2026-06-19 23:00:00+00:00,1707.65,1715.05,1704.64,1710.95,2448.471876
2026-06-20 00:00:00+00:00,1711.0,1718.28,1708.4,1708.82,3749.265993
2026-06-20 01:00:00+00:00,1708.83,1713.5,1706.77,1709.83,3322.231458
2026-06-20 02:00:00+00:00,1709.86,1710.67,1704.01,1705.01,1038.30468
2026-06-20 03:00:00+00:00,1705.01,1709.5,1704.7,1708.26,772.867055
2026-06-20 04:00:00+00:00,1708.26,1715.61,1706.67,1713.54,1999.24932
2026-06-20 05:00:00+00:00,1713.54,1733.63,1712.55,1726.19,8267.126543
2026-06-20 06:00:00+00:00,1726.19,1729.86,1724.13,1727.77,1524.142196
2026-06-20 07:00:00+00:00,1727.77,1729.5,1723.04,1725.58,2704.358197
2026-06-20 08:00:00+00:00,1725.75,1726.9,1721.37,1722.84,1919.503399
2026-06-20 09:00:00+00:00,1722.84,1730.36,1722.84,1728.49,4047.639236
2026-06-20 10:00:00+00:00,1728.5,1729.4,1725.46,1727.74,2025.817279
2026-06-20 11:00:00+00:00,1727.74,1732.29,1725.98,1727.18,2090.75617
2026-06-20 12:00:00+00:00,1727.19,1730.53,1723.7,1727.07,2706.776736
2026-06-20 13:00:00+00:00,1727.07,1727.28,1712.54,1717.46,5438.421176
2026-06-20 14:00:00+00:00,1717.45,1747.28,1708.02,1733.58,12345.64712
2026-06-20 15:00:00+00:00,1733.68,1749.84,1729.5,1740.71,9551.64037
2026-06-20 16:00:00+00:00,1740.8,1741.0,1730.83,1734.08,3033.025931
2026-06-20 17:00:00+00:00,1734.1,1734.1,1721.21,1727.0,4458.316287
2026-06-20 18:00:00+00:00,1727.0,1732.13,1726.06,1726.63,2268.343682
2026-06-20 19:00:00+00:00,1726.63,1730.33,1725.01,1729.1,11191.131124
2026-06-20 20:00:00+00:00,1729.1,1731.51,1726.28,1730.9,34089.128829
2026-06-20 21:00:00+00:00,1730.9,1738.0,1730.35,1735.42,16074.457984
2026-06-20 22:00:00+00:00,1735.41,1746.49,1733.07,1743.18,4412.398748
2026-06-20 23:00:00+00:00,1743.28,1743.8,1740.33,1740.77,2159.624825
2026-06-21 00:00:00+00:00,1740.78,1740.99,1736.23,1737.69,8371.553853
2026-06-21 01:00:00+00:00,1737.69,1740.25,1734.23,1736.78,37143.966181
2026-06-21 02:00:00+00:00,1736.76,1738.38,1735.4,1736.14,29744.421925
2026-06-21 03:00:00+00:00,1736.15,1741.92,1733.5,1737.87,15739.836544
2026-06-21 04:00:00+00:00,1737.88,1741.55,1731.55,1732.9,14213.833705
2026-06-21 05:00:00+00:00,1732.91,1737.11,1728.79,1733.36,17128.236459
2026-06-21 06:00:00+00:00,1733.35,1738.68,1732.39,1736.09,23519.422345
2026-06-21 07:00:00+00:00,1736.09,1736.4,1731.61,1732.24,55884.638358
2026-06-21 08:00:00+00:00,1732.23,1733.29,1724.04,1729.23,34476.832658
2026-06-21 09:00:00+00:00,1729.23,1734.51,1725.85,1732.89,32718.320957
2026-06-21 10:00:00+00:00,1732.89,1737.04,1730.8,1731.51,33804.519676
2026-06-21 11:00:00+00:00,1731.52,1734.99,1718.8,1725.48,10085.919979
2026-06-21 12:00:00+00:00,1725.49,1727.05,1716.89,1726.05,13297.091101
2026-06-21 13:00:00+00:00,1726.04,1728.05,1721.77,1725.04,6915.34781
2026-06-21 14:00:00+00:00,1725.04,1728.54,1721.69,1728.53,6113.38249
2026-06-21 15:00:00+00:00,1728.54,1732.62,1726.98,1730.8,8027.116576
2026-06-21 16:00:00+00:00,1730.8,1730.8,1722.14,1728.18,15823.525854
2026-06-21 17:00:00+00:00,1728.17,1731.47,1725.83,1727.23,28440.710448
2026-06-21 18:00:00+00:00,1727.22,1737.89,1721.45,1735.36,20181.088534
2026-06-21 19:00:00+00:00,1735.5,1739.34,1733.69,1734.05,14037.028365
2026-06-21 20:00:00+00:00,1734.09,1735.48,1717.27,1721.39,16470.007105
2026-06-21 21:00:00+00:00,1721.4,1724.31,1701.68,1718.51,16954.250528
2026-06-21 22:00:00+00:00,1718.5,1721.41,1708.71,1717.82,7258.242617
2026-06-21 23:00:00+00:00,1717.83,1717.83,1704.4,1707.14,12872.199707
2026-06-22 00:00:00+00:00,1707.15,1732.14,1707.14,1726.88,15097.993251
2026-06-22 01:00:00+00:00,1726.97,1759.67,1724.57,1743.81,29031.704315
2026-06-22 02:00:00+00:00,1743.81,1745.58,1737.17,1737.18,12413.822379
2026-06-22 03:00:00+00:00,1737.18,1741.16,1726.59,1730.19,19602.602769
2026-06-22 04:00:00+00:00,1730.19,1736.06,1727.61,1735.42,15290.781306
2026-06-22 05:00:00+00:00,1735.43,1739.69,1734.04,1737.14,55694.10951
2026-06-22 06:00:00+00:00,1737.14,1740.41,1733.16,1735.17,90398.605204
2026-06-22 07:00:00+00:00,1735.17,1751.52,1734.66,1746.48,77918.575692
2026-06-22 08:00:00+00:00,1746.48,1752.31,1743.6,1747.74,99613.571658
2026-06-22 09:00:00+00:00,1747.75,1750.61,1743.71,1745.89,154131.345355
2026-06-22 10:00:00+00:00,1745.9,1751.54,1745.16,1748.77,2586.411661
2026-06-22 11:00:00+00:00,1748.77,1774.65,1747.28,1767.72,10548.649794
2026-06-22 12:00:00+00:00,1767.73,1772.34,1761.01,1764.01,9462.590964
2026-06-22 13:00:00+00:00,1764.01,1780.0,1762.08,1777.71,8761.217331
2026-06-22 14:00:00+00:00,1777.73,1777.99,1750.0,1754.68,8762.857732
2026-06-22 15:00:00+00:00,1754.66,1757.9,1742.48,1744.88,6032.897874
2026-06-22 16:00:00+00:00,1744.9,1746.45,1733.33,1740.17,8073.647484
2026-06-22 17:00:00+00:00,1740.17,1743.19,1731.43,1740.95,4563.074257
2026-06-22 18:00:00+00:00,1740.96,1747.86,1729.67,1733.71,6636.489673
2026-06-22 19:00:00+00:00,1733.59,1736.89,1729.29,1734.79,4988.954042
2026-06-22 20:00:00+00:00,1734.79,1740.25,1731.26,1734.77,2662.440119
2026-06-22 21:00:00+00:00,1734.78,1737.66,1727.0,1732.91,2777.149209
2026-06-22 22:00:00+00:00,1732.96,1736.04,1717.01,1724.34,8253.288658
2026-06-22 23:00:00+00:00,1724.34,1730.46,1721.35,1728.36,3292.692705
2026-06-23 00:00:00+00:00,1728.36,1732.15,1719.79,1731.41,2450.586137
2026-06-23 01:00:00+00:00,1731.42,1736.24,1721.24,1730.51,3253.853504
2026-06-23 02:00:00+00:00,1730.68,1735.0,1726.26,1732.67,1405.031395
2026-06-23 03:00:00+00:00,1732.68,1733.12,1725.66,1729.89,2059.19155
2026-06-23 04:00:00+00:00,1729.9,1731.32,1718.16,1718.96,2781.511513
2026-06-23 05:00:00+00:00,1719.13,1721.58,1710.01,1713.61,4725.564124
2026-06-23 06:00:00+00:00,1713.48,1713.8,1680.43,1692.28,13759.533312
2026-06-23 07:00:00+00:00,1692.27,1696.5,1681.38,1682.94,8315.543777
2026-06-23 08:00:00+00:00,1682.94,1684.9,1635.0,1648.27,30882.841853
2026-06-23 09:00:00+00:00,1648.26,1654.39,1648.0,1650.95,5876.119096
2026-06-23 10:00:00+00:00,1650.86,1659.85,1649.3,1652.46,4699.141267
2026-06-23 11:00:00+00:00,1652.46,1663.8,1652.46,1660.93,6171.004844
2026-06-23 12:00:00+00:00,1660.94,1662.68,1653.76,1654.63,3394.825787
2026-06-23 13:00:00+00:00,1654.64,1664.02,1645.11,1662.94,11978.465249
2026-06-23 14:00:00+00:00,1662.88,1671.99,1657.87,1662.01,9420.489394
2026-06-23 15:00:00+00:00,1662.07,1663.44,1651.35,1659.72,4538.711685
2026-06-23 16:00:00+00:00,1659.73,1673.96,1657.79,1659.4,6336.742922
2026-06-23 17:00:00+00:00,1659.35,1664.98,1654.58,1656.79,3467.663861
2026-06-23 18:00:00+00:00,1656.87,1660.64,1649.86,1655.33,3102.664789
2026-06-23 19:00:00+00:00,1655.33,1664.0,1655.33,1662.5,3225.41202
2026-06-23 20:00:00+00:00,1662.82,1667.66,1661.17,1664.07,1554.044287
2026-06-23 21:00:00+00:00,1664.03,1668.48,1663.49,1666.89,1567.361683
2026-06-23 22:00:00+00:00,1666.87,1673.06,1663.02,1664.59,1472.996069
2026-06-23 23:00:00+00:00,1664.6,1669.55,1660.37,1667.18,2744.094107
2026-06-24 00:00:00+00:00,1667.2,1674.65,1666.92,1671.27,2349.228648
2026-06-24 01:00:00+00:00,1671.27,1680.49,1666.23,1672.81,3128.797696
2026-06-24 02:00:00+00:00,1672.81,1673.71,1663.45,1663.81,2262.602734
2026-06-24 03:00:00+00:00,1663.86,1670.0,1658.01,1666.85,2909.962207
2026-06-24 04:00:00+00:00,1666.83,1671.05,1658.33,1668.98,2026.505387
2026-06-24 05:00:00+00:00,1668.99,1679.59,1667.96,1674.53,4945.048771
2026-06-24 06:00:00+00:00,1674.54,1677.05,1670.48,1674.95,2007.534218
2026-06-24 07:00:00+00:00,1674.96,1678.79,1670.87,1673.17,2892.488638
2026-06-24 08:00:00+00:00,1673.2,1675.16,1669.26,1673.19,3280.978505
2026-06-24 09:00:00+00:00,1673.26,1673.29,1665.28,1667.05,1876.598372
2026-06-24 10:00:00+00:00,1667.03,1668.16,1662.77,1663.83,2952.902766
2026-06-24 11:00:00+00:00,1663.81,1693.69,1655.7,1679.55,10083.072014
2026-06-24 12:00:00+00:00,1679.56,1681.36,1670.51,1671.53,3607.977045
2026-06-24 13:00:00+00:00,1671.52,1672.56,1641.27,1645.4,17315.455139
2026-06-24 14:00:00+00:00,1645.51,1657.36,1638.13,1647.21,11437.821271
2026-06-24 15:00:00+00:00,1647.24,1651.3,1617.02,1618.33,15665.77733
2026-06-24 16:00:00+00:00,1618.33,1636.25,1585.0,1589.83,31512.176024
2026-06-24 17:00:00+00:00,1589.84,1597.56,1552.53,1560.51,26784.270669
2026-06-24 18:00:00+00:00,1560.56,1584.87,1556.49,1572.4,15533.431083
2026-06-24 19:00:00+00:00,1572.41,1585.38,1567.04,1584.37,6889.913801
2026-06-24 20:00:00+00:00,1584.47,1622.0,1579.73,1613.71,13003.706824
2026-06-24 21:00:00+00:00,1613.8,1621.66,1605.8,1621.18,3458.165608
2026-06-24 22:00:00+00:00,1621.23,1629.67,1613.52,1615.51,4047.540902
2026-06-24 23:00:00+00:00,1615.42,1623.64,1613.54,1622.4,2275.237394
2026-06-25 00:00:00+00:00,1622.4,1626.5,1616.3,1619.14,3231.789381
2026-06-25 01:00:00+00:00,1619.14,1624.23,1614.27,1620.72,4654.321986
2026-06-25 02:00:00+00:00,1620.73,1621.61,1615.01,1620.93,2147.964392
2026-06-25 03:00:00+00:00,1620.91,1624.29,1616.23,1619.61,2599.95711
2026-06-25 04:00:00+00:00,1619.61,1636.35,1617.13,1634.97,8424.069639
2026-06-25 05:00:00+00:00,1634.87,1652.25,1633.52,1645.81,12130.412348
2026-06-25 06:00:00+00:00,1645.82,1660.51,1644.29,1653.85,4822.360629
2026-06-25 07:00:00+00:00,1653.93,1659.88,1651.3,1657.2,4016.849099
2026-06-25 08:00:00+00:00,1657.18,1658.99,1650.89,1652.94,2002.453553
2026-06-25 09:00:00+00:00,1652.95,1655.34,1646.68,1648.89,2068.642409
2026-06-25 10:00:00+00:00,1648.82,1649.64,1633.45,1636.72,4541.207339
2026-06-25 11:00:00+00:00,1636.72,1638.99,1627.73,1633.29,7256.239588
2026-06-25 12:00:00+00:00,1633.29,1651.19,1624.56,1635.7,9622.716897
2026-06-25 13:00:00+00:00,1635.67,1640.69,1532.0,1538.06,41351.055438
2026-06-25 14:00:00+00:00,1537.99,1593.44,1537.98,1568.34,37717.645574
2026-06-25 15:00:00+00:00,1568.34,1573.45,1544.2,1569.99,14438.781943
2026-06-25 16:00:00+00:00,1570.04,1587.56,1558.15,1562.0,10348.304375
2026-06-25 17:00:00+00:00,1562.01,1575.38,1557.41,1574.83,5744.709595
2026-06-25 18:00:00+00:00,1574.89,1577.3,1560.09,1567.81,5462.992145
2026-06-25 19:00:00+00:00,1567.8,1568.0,1554.51,1559.35,3752.476279
2026-06-25 20:00:00+00:00,1559.55,1570.76,1556.85,1560.31,3242.05855
2026-06-25 21:00:00+00:00,1560.31,1583.4,1560.3,1580.79,3557.221269
2026-06-25 22:00:00+00:00,1580.68,1583.52,1566.67,1570.33,3082.760619
2026-06-25 23:00:00+00:00,1570.32,1579.85,1564.43,1567.82,3494.666916
2026-06-26 00:00:00+00:00,1567.83,1571.83,1563.71,1564.69,1704.122039
2026-06-26 01:00:00+00:00,1564.69,1568.59,1555.29,1560.08,2779.700992
2026-06-26 02:00:00+00:00,1560.08,1560.9,1519.27,1524.58,23542.647221
2026-06-26 03:00:00+00:00,1524.61,1563.63,1512.04,1557.8,20290.918621
2026-06-26 04:00:00+00:00,1557.81,1560.73,1547.62,1549.81,4072.639536
2026-06-26 05:00:00+00:00,1549.81,1559.38,1548.42,1555.68,2985.634895
2026-06-26 06:00:00+00:00,1555.69,1574.23,1543.21,1571.07,8654.786744
2026-06-26 07:00:00+00:00,1571.12,1586.47,1570.76,1580.87,16224.473456
2026-06-26 08:00:00+00:00,1580.87,1582.33,1563.61,1566.51,6466.711898
2026-06-26 09:00:00+00:00,1566.59,1567.29,1549.24,1552.82,7786.255002
2026-06-26 10:00:00+00:00,1552.92,1556.0,1544.91,1548.35,5669.874634
2026-06-26 11:00:00+00:00,1548.35,1555.15,1540.78,1545.11,17794.072476
2026-06-26 12:00:00+00:00,1545.12,1560.91,1527.41,1536.21,19171.80718
2026-06-26 13:00:00+00:00,1536.33,1571.36,1521.52,1569.53,14897.066341
2026-06-26 14:00:00+00:00,1569.56,1575.91,1553.58,1560.04,17615.645983
2026-06-26 15:00:00+00:00,1560.09,1588.56,1559.44,1580.08,11393.843809
2026-06-26 16:00:00+00:00,1580.14,1595.0,1572.3,1577.87,7033.7283
2026-06-26 17:00:00+00:00,1577.88,1589.32,1576.65,1581.98,5596.346406
2026-06-26 18:00:00+00:00,1581.91,1585.41,1570.48,1573.26,2359.595715
2026-06-26 19:00:00+00:00,1573.28,1584.19,1570.32,1574.42,3998.628471
2026-06-26 20:00:00+00:00,1574.63,1583.46,1567.36,1571.08,4355.899543
2026-06-26 21:00:00+00:00,1570.92,1579.33,1568.31,1575.15,1256.106452
2026-06-26 22:00:00+00:00,1575.16,1579.4,1569.41,1577.9,1932.036639
2026-06-26 23:00:00+00:00,1577.86,1580.92,1574.23,1578.73,1809.260417
2026-06-27 00:00:00+00:00,1578.71,1582.17,1571.54,1576.74,2335.513073
2026-06-27 01:00:00+00:00,1576.78,1577.62,1573.93,1575.74,1088.462502
2026-06-27 02:00:00+00:00,1575.74,1586.99,1574.51,1583.26,6557.995131
2026-06-27 03:00:00+00:00,1583.26,1585.29,1578.48,1580.61,1725.145931
2026-06-27 04:00:00+00:00,1580.62,1585.41,1579.2,1579.7,1047.330967
2026-06-27 05:00:00+00:00,1579.71,1581.33,1577.01,1578.79,1390.649366
2026-06-27 06:00:00+00:00,1578.79,1584.68,1575.47,1582.72,1557.097692
2026-06-27 07:00:00+00:00,1582.72,1586.48,1580.55,1585.7,1363.739489
2026-06-27 08:00:00+00:00,1585.7,1586.15,1581.8,1584.28,1621.865434
2026-06-27 09:00:00+00:00,1584.28,1585.25,1579.6,1582.81,1343.271262
2026-06-27 10:00:00+00:00,1582.81,1585.0,1582.0,1584.32,1091.532393
2026-06-27 11:00:00+00:00,1584.32,1585.39,1578.9,1584.03,13780.909709
2026-06-27 12:00:00+00:00,1583.94,1586.28,1581.3,1585.83,1450.349166
2026-06-27 13:00:00+00:00,1585.81,1593.45,1584.95,1592.17,3505.671688
2026-06-27 14:00:00+00:00,1592.13,1598.73,1589.32,1594.55,3810.511133
2026-06-27 15:00:00+00:00,1594.59,1611.11,1593.84,1605.65,6097.2655
2026-06-27 16:00:00+00:00,1605.66,1607.93,1601.54,1607.2,2224.849788
2026-06-27 17:00:00+00:00,1607.05,1607.21,1588.45,1591.51,5563.195238
2026-06-27 18:00:00+00:00,1591.51,1594.73,1589.19,1593.87,1013.431431
2026-06-27 19:00:00+00:00,1593.95,1595.31,1573.33,1578.52,6044.225462
2026-06-27 20:00:00+00:00,1578.51,1583.34,1578.43,1581.7,1769.516053
2026-06-27 21:00:00+00:00,1581.78,1585.48,1574.42,1575.19,4055.076312
2026-06-27 22:00:00+00:00,1575.19,1579.6,1562.78,1579.2,4356.27823
2026-06-27 23:00:00+00:00,1579.22,1581.43,1570.71,1574.01,1958.280752
2026-06-28 00:00:00+00:00,1573.99,1578.24,1572.69,1574.77,1399.943659
2026-06-28 01:00:00+00:00,1574.78,1577.06,1570.0,1575.39,1515.754475
2026-06-28 02:00:00+00:00,1575.39,1579.99,1569.23,1572.26,9308.604599
2026-06-28 03:00:00+00:00,1572.27,1576.49,1572.27,1575.22,889.324951
2026-06-28 04:00:00+00:00,1575.22,1577.53,1570.67,1574.47,1097.634699
2026-06-28 05:00:00+00:00,1574.48,1574.63,1564.24,1569.25,9255.039524
2026-06-28 06:00:00+00:00,1569.13,1570.52,1562.68,1567.86,1677.11208
2026-06-28 07:00:00+00:00,1567.86,1577.22,1567.85,1576.03,1483.883699
2026-06-28 08:00:00+00:00,1576.01,1585.34,1573.68,1581.45,2954.074364
2026-06-28 09:00:00+00:00,1581.46,1586.0,1578.47,1579.02,1499.428019
2026-06-28 10:00:00+00:00,1579.02,1581.47,1572.22,1577.36,1828.894747
2026-06-28 11:00:00+00:00,1577.37,1583.99,1575.75,1582.81,1542.229053
2026-06-28 12:00:00+00:00,1582.82,1589.14,1578.25,1583.63,2188.950985
2026-06-28 13:00:00+00:00,1583.6,1583.69,1575.01,1579.71,2084.549031
2026-06-28 14:00:00+00:00,1579.72,1586.28,1578.24,1581.6,1882.899979
2026-06-28 15:00:00+00:00,1581.5,1585.49,1577.3,1580.7,2344.783181
2026-06-28 16:00:00+00:00,1580.85,1582.0,1566.5,1572.81,4850.337294
2026-06-28 17:00:00+00:00,1572.8,1577.52,1563.53,1572.4,3966.889577
2026-06-28 18:00:00+00:00,1572.28,1575.25,1569.26,1571.9,1347.691478
2026-06-28 19:00:00+00:00,1571.9,1574.48,1556.7,1564.69,4814.090629
2026-06-28 20:00:00+00:00,1564.66,1576.65,1564.11,1573.39,2015.622515
2026-06-28 21:00:00+00:00,1573.39,1573.9,1559.21,1563.85,1834.253393
2026-06-28 22:00:00+00:00,1563.86,1582.26,1548.05,1557.0,8830.334455
2026-06-28 23:00:00+00:00,1556.99,1580.0,1555.05,1571.93,4180.423758
2026-06-29 00:00:00+00:00,1571.97,1574.7,1552.0,1573.23,7105.308465
2026-06-29 01:00:00+00:00,1573.29,1574.38,1560.0,1568.43,2374.966348
2026-06-29 02:00:00+00:00,1568.43,1579.04,1550.06,1576.61,6268.63588
2026-06-29 03:00:00+00:00,1576.62,1589.6,1576.62,1584.81,3954.53787
2026-06-29 04:00:00+00:00,1584.81,1585.0,1574.72,1575.55,1728.633471
2026-06-29 05:00:00+00:00,1575.55,1583.33,1562.34,1583.22,4670.864728
2026-06-29 06:00:00+00:00,1583.29,1589.0,1579.72,1582.86,3192.159427
2026-06-29 07:00:00+00:00,1582.89,1584.9,1577.65,1580.29,2102.742289
2026-06-29 08:00:00+00:00,1580.28,1582.47,1570.1,1573.01,2722.876024
2026-06-29 09:00:00+00:00,1573.01,1580.45,1570.36,1576.26,2400.44949
2026-06-29 10:00:00+00:00,1576.3,1587.11,1576.3,1578.5,2590.218999
2026-06-29 11:00:00+00:00,1578.5,1582.34,1570.41,1574.9,4401.709166
2026-06-29 12:00:00+00:00,1574.97,1597.0,1566.72,1576.23,16383.287076
2026-06-29 13:00:00+00:00,1576.24,1588.8,1565.0,1572.97,9094.886076
2026-06-29 14:00:00+00:00,1573.05,1579.25,1557.51,1573.02,8153.296888
2026-06-29 15:00:00+00:00,1573.02,1585.57,1561.54,1580.25,9855.017699
2026-06-29 16:00:00+00:00,1580.22,1587.87,1574.03,1585.33,3459.973627
2026-06-29 17:00:00+00:00,1585.25,1637.92,1585.25,1627.95,20958.870598
2026-06-29 18:00:00+00:00,1627.95,1628.83,1618.47,1621.25,3789.237925
2026-06-29 19:00:00+00:00,1621.25,1627.4,1616.37,1625.74,3142.325788
2026-06-29 20:00:00+00:00,1625.59,1626.7,1617.51,1617.82,2378.195575
2026-06-29 21:00:00+00:00,1617.79,1623.13,1612.0,1620.33,2777.009025
2026-06-29 22:00:00+00:00,1620.34,1621.99,1612.61,1612.99,1896.896766
2026-06-29 23:00:00+00:00,1613.0,1614.1,1607.86,1613.03,1979.757665
2026-06-30 00:00:00+00:00,1613.18,1614.5,1592.71,1594.67,5895.608628
2026-06-30 01:00:00+00:00,1594.74,1599.98,1589.1,1593.95,4791.608017
2026-06-30 02:00:00+00:00,1593.98,1594.13,1586.62,1590.96,2536.862259
2026-06-30 03:00:00+00:00,1590.96,1596.39,1586.66,1587.24,1738.146702
2026-06-30 04:00:00+00:00,1587.25,1591.15,1580.0,1587.96,4283.840545
2026-06-30 05:00:00+00:00,1587.96,1592.12,1585.17,1591.52,2487.891913
2026-06-30 06:00:00+00:00,1591.66,1594.81,1588.81,1593.93,2132.073201
2026-06-30 07:00:00+00:00,1593.94,1596.37,1590.11,1592.33,1623.229183
2026-06-30 08:00:00+00:00,1592.49,1594.36,1579.0,1584.07,6144.911437
2026-06-30 09:00:00+00:00,1584.06,1587.25,1581.51,1585.47,1866.328262
2026-06-30 10:00:00+00:00,1585.53,1587.09,1582.27,1584.61,1371.389086
2026-06-30 11:00:00+00:00,1584.57,1586.33,1575.94,1578.59,3636.321393
2026-06-30 12:00:00+00:00,1578.54,1578.6,1552.0,1552.91,11254.300508
2026-06-30 13:00:00+00:00,1552.9,1567.84,1550.47,1567.43,11886.872736
2026-06-30 14:00:00+00:00,1567.42,1578.24,1561.3,1563.59,9811.731652
2026-06-30 15:00:00+00:00,1563.59,1577.0,1557.28,1565.41,6840.71671
2026-06-30 16:00:00+00:00,1565.41,1575.03,1562.0,1572.56,3445.714636
2026-06-30 17:00:00+00:00,1572.57,1577.4,1568.67,1570.99,2505.161428
2026-06-30 18:00:00+00:00,1570.99,1582.26,1569.51,1579.02,3266.948289
2026-06-30 19:00:00+00:00,1579.02,1581.99,1575.72,1580.74,2445.661955
2026-06-30 20:00:00+00:00,1580.73,1583.16,1573.13,1576.01,2139.942399
2026-06-30 21:00:00+00:00,1576.01,1577.4,1570.01,1571.82,1635.652092
2026-06-30 22:00:00+00:00,1571.85,1575.47,1566.87,1567.73,1615.084847
2026-06-30 23:00:00+00:00,1567.74,1572.9,1565.76,1572.04,1903.671439
2026-07-01 00:00:00+00:00,1572.14,1576.99,1566.08,1574.89,2369.787468
2026-07-01 01:00:00+00:00,1574.95,1586.43,1552.8,1577.86,12780.625235
2026-07-01 02:00:00+00:00,1577.86,1589.46,1574.34,1586.25,6047.792874
2026-07-01 03:00:00+00:00,1586.24,1599.17,1582.41,1594.69,6913.196424
2026-07-01 04:00:00+00:00,1594.67,1604.0,1590.8,1599.47,6470.275471
2026-07-01 05:00:00+00:00,1599.48,1601.0,1591.0,1592.63,4552.477617
2026-07-01 06:00:00+00:00,1592.68,1593.15,1571.43,1576.18,9763.665395
2026-07-01 07:00:00+00:00,1576.24,1581.27,1572.35,1578.46,9277.729252
2026-07-01 08:00:00+00:00,1578.45,1582.34,1568.43,1582.34,4557.566519
2026-07-01 09:00:00+00:00,1582.35,1585.34,1578.59,1581.16,3252.737524
2026-07-01 10:00:00+00:00,1581.16,1581.72,1572.09,1573.25,2763.353414
2026-07-01 11:00:00+00:00,1573.48,1576.13,1566.4,1570.0,2153.466754
2026-07-01 12:00:00+00:00,1570.03,1572.81,1565.19,1570.0,5308.19141
2026-07-01 13:00:00+00:00,1570.23,1598.18,1569.74,1597.31,10681.501166
2026-07-01 14:00:00+00:00,1597.2,1617.39,1591.23,1601.34,13342.267451
2026-07-01 15:00:00+00:00,1601.16,1631.27,1600.87,1620.15,16799.408065
2026-07-01 16:00:00+00:00,1620.07,1629.68,1612.73,1614.5,11770.004888
2026-07-01 17:00:00+00:00,1614.5,1624.95,1607.25,1622.82,4588.814839
2026-07-01 18:00:00+00:00,1622.88,1624.6,1612.23,1616.67,4043.665445
2026-07-01 19:00:00+00:00,1616.59,1624.3,1614.77,1618.2,2245.489544
2026-07-01 20:00:00+00:00,1618.17,1620.71,1610.48,1617.82,2944.432723
2026-07-01 21:00:00+00:00,1617.85,1639.0,1617.6,1632.03,6450.009758
2026-07-01 22:00:00+00:00,1632.03,1646.26,1620.19,1621.79,9732.459772
2026-07-01 23:00:00+00:00,1621.79,1621.79,1608.42,1609.65,4376.466991
2026-07-02 00:00:00+00:00,1609.74,1609.97,1597.25,1603.57,5221.693788
2026-07-02 01:00:00+00:00,1603.59,1625.0,1602.55,1620.49,4221.63447
2026-07-02 02:00:00+00:00,1620.52,1624.59,1614.7,1620.87,2437.205104
2026-07-02 03:00:00+00:00,1621.0,1642.6,1618.26,1639.56,7427.828292
2026-07-02 04:00:00+00:00,1639.61,1640.12,1630.48,1632.76,3285.646955
2026-07-02 05:00:00+00:00,1632.76,1635.0,1625.41,1626.79,3804.773435
2026-07-02 06:00:00+00:00,1626.8,1629.99,1617.79,1619.17,4651.133149
2026-07-02 07:00:00+00:00,1619.13,1620.25,1614.54,1616.07,7789.877763
2026-07-02 08:00:00+00:00,1616.1,1626.41,1615.16,1625.13,5694.385859
2026-07-02 09:00:00+00:00,1625.01,1651.83,1620.56,1643.21,17189.085283
2026-07-02 10:00:00+00:00,1643.21,1649.57,1641.45,1646.44,5005.394621
2026-07-02 11:00:00+00:00,1646.56,1655.0,1644.6,1650.4,5814.107853
2026-07-02 12:00:00+00:00,1650.2,1670.0,1647.61,1662.69,15886.079931
2026-07-02 13:00:00+00:00,1662.76,1714.0,1661.0,1710.76,35071.117108
2026-07-02 14:00:00+00:00,1710.8,1724.88,1691.06,1701.61,27157.304761
2026-07-02 15:00:00+00:00,1701.67,1703.75,1688.8,1697.2,9476.862697
2026-07-02 16:00:00+00:00,1697.21,1704.06,1686.75,1699.64,9028.981935
2026-07-02 17:00:00+00:00,1699.64,1705.56,1694.41,1695.74,3620.222482
2026-07-02 18:00:00+00:00,1695.75,1707.85,1695.26,1702.1,3262.820281
2026-07-02 19:00:00+00:00,1702.12,1705.52,1694.65,1700.03,3480.310029
2026-07-02 20:00:00+00:00,1699.97,1706.66,1696.11,1705.71,3383.620427
2026-07-02 21:00:00+00:00,1705.72,1706.15,1697.02,1700.1,2494.431479
2026-07-02 22:00:00+00:00,1700.09,1700.9,1694.09,1696.79,1487.514673
2026-07-02 23:00:00+00:00,1696.66,1701.8,1692.04,1700.7,1548.575561
2026-07-03 00:00:00+00:00,1700.6,1703.06,1694.66,1696.88,2054.525672
2026-07-03 01:00:00+00:00,1696.88,1718.92,1695.43,1712.39,5862.930427
2026-07-03 02:00:00+00:00,1712.4,1715.5,1696.37,1704.84,3421.16659
2026-07-03 03:00:00+00:00,1704.84,1712.13,1699.47,1706.55,3539.174786
2026-07-03 04:00:00+00:00,1706.58,1708.7,1702.6,1703.5,10958.007263
2026-07-03 05:00:00+00:00,1703.51,1722.0,1702.57,1715.04,6680.505244
2026-07-03 06:00:00+00:00,1715.05,1721.5,1713.16,1716.25,3693.271966
2026-07-03 07:00:00+00:00,1716.25,1722.24,1714.14,1718.02,6562.098111
2026-07-03 08:00:00+00:00,1718.01,1734.93,1715.86,1720.0,7402.371628
2026-07-03 09:00:00+00:00,1719.93,1731.33,1717.17,1726.42,3626.597258
2026-07-03 10:00:00+00:00,1726.41,1749.0,1726.25,1742.39,9497.162896
2026-07-03 11:00:00+00:00,1742.27,1747.99,1737.4,1742.45,4293.394062
2026-07-03 12:00:00+00:00,1742.5,1745.11,1731.54,1736.56,3679.821015
2026-07-03 13:00:00+00:00,1736.64,1753.48,1736.2,1748.37,6922.011961
2026-07-03 14:00:00+00:00,1748.38,1748.38,1729.15,1737.48,6203.841372
2026-07-03 15:00:00+00:00,1737.48,1746.0,1729.3,1731.3,5805.894078
2026-07-03 16:00:00+00:00,1731.3,1735.56,1728.0,1733.69,2454.706076
2026-07-03 17:00:00+00:00,1733.7,1742.08,1732.4,1738.38,2384.47169
2026-07-03 18:00:00+00:00,1738.4,1741.32,1736.26,1738.96,1187.15665
2026-07-03 19:00:00+00:00,1738.97,1753.21,1737.38,1745.41,5295.074208
2026-07-03 20:00:00+00:00,1745.41,1773.89,1743.66,1766.34,10360.885544
2026-07-03 21:00:00+00:00,1766.21,1775.86,1757.01,1763.31,5161.292481
2026-07-03 22:00:00+00:00,1763.35,1764.31,1756.15,1757.46,2020.507732
2026-07-03 23:00:00+00:00,1757.46,1762.03,1755.41,1758.18,1103.820283
2026-07-04 00:00:00+00:00,1758.13,1764.07,1756.5,1758.61,1938.680802
2026-07-04 01:00:00+00:00,1758.61,1758.61,1746.01,1747.93,9960.247973
2026-07-04 02:00:00+00:00,1747.9,1751.05,1744.39,1749.41,8458.861787
2026-07-04 03:00:00+00:00,1749.42,1756.58,1747.17,1753.79,1703.429404
2026-07-04 04:00:00+00:00,1753.79,1764.53,1752.04,1761.8,2364.66672
2026-07-04 05:00:00+00:00,1761.8,1761.8,1753.09,1756.0,3755.517149
2026-07-04 06:00:00+00:00,1755.99,1761.21,1751.57,1754.84,1423.42942
2026-07-04 07:00:00+00:00,1754.84,1759.5,1752.76,1757.99,4159.874208
2026-07-04 08:00:00+00:00,1758.02,1765.77,1757.28,1762.3,2947.543582
2026-07-04 09:00:00+00:00,1762.3,1763.13,1754.89,1758.06,3395.512031
2026-07-04 10:00:00+00:00,1758.06,1761.02,1756.88,1759.21,1015.598774
2026-07-04 11:00:00+00:00,1759.1,1760.39,1756.28,1758.04,997.613583
2026-07-04 12:00:00+00:00,1758.03,1766.49,1758.03,1764.42,2301.510582
2026-07-04 13:00:00+00:00,1764.47,1778.62,1761.57,1764.07,4723.158472
2026-07-04 14:00:00+00:00,1763.95,1774.84,1763.85,1772.43,2143.224977
2026-07-04 15:00:00+00:00,1772.43,1800.0,1772.41,1791.38,17403.106266
2026-07-04 16:00:00+00:00,1791.3,1792.37,1783.46,1787.16,3662.631605
2026-07-04 17:00:00+00:00,1787.15,1808.2,1779.14,1799.63,9680.406279
2026-07-04 18:00:00+00:00,1799.74,1806.0,1791.73,1793.88,2791.346082
2026-07-04 19:00:00+00:00,1793.89,1797.95,1788.58,1792.62,1594.370125
2026-07-04 20:00:00+00:00,1792.63,1796.09,1783.86,1787.18,1752.280595
2026-07-04 21:00:00+00:00,1787.18,1795.0,1786.29,1789.31,1321.969342
2026-07-04 22:00:00+00:00,1789.25,1789.49,1782.06,1784.77,1199.031453
2026-07-04 23:00:00+00:00,1784.78,1785.73,1772.38,1780.64,4067.446798
2026-07-05 00:00:00+00:00,1780.66,1780.9,1769.09,1772.65,2792.120354
2026-07-05 01:00:00+00:00,1772.66,1774.57,1761.22,1766.48,4885.691398
2026-07-05 02:00:00+00:00,1766.51,1767.93,1756.89,1760.61,4153.56113
2026-07-05 03:00:00+00:00,1760.62,1763.99,1757.74,1761.52,1834.911549
2026-07-05 04:00:00+00:00,1761.52,1773.09,1760.07,1767.47,3308.406288
2026-07-05 05:00:00+00:00,1767.51,1767.94,1760.51,1766.19,2083.131956
2026-07-05 06:00:00+00:00,1766.2,1768.1,1762.07,1764.91,1554.209991
2026-07-05 07:00:00+00:00,1764.72,1772.17,1762.01,1769.88,2543.083746
2026-07-05 08:00:00+00:00,1769.88,1773.07,1766.61,1767.62,1190.860047
2026-07-05 09:00:00+00:00,1767.62,1767.99,1748.11,1758.12,6368.143391
2026-07-05 10:00:00+00:00,1758.02,1762.19,1755.0,1761.61,3155.663003
2026-07-05 11:00:00+00:00,1761.61,1765.43,1758.73,1760.32,2958.113383
2026-07-05 12:00:00+00:00,1760.32,1769.53,1756.42,1765.02,1948.445117
2026-07-05 13:00:00+00:00,1765.03,1767.78,1761.16,1766.42,1695.455135
2026-07-05 14:00:00+00:00,1766.42,1772.9,1765.0,1772.44,2241.738619
2026-07-05 15:00:00+00:00,1772.58,1782.0,1770.29,1774.84,4858.268786
2026-07-05 16:00:00+00:00,1774.85,1777.67,1770.28,1772.92,2228.207665
2026-07-05 17:00:00+00:00,1772.91,1786.0,1772.91,1779.45,4298.37859
2026-07-05 18:00:00+00:00,1779.4,1787.42,1777.96,1781.51,2043.37129
2026-07-05 19:00:00+00:00,1781.3,1784.77,1777.89,1781.6,764.068341
2026-07-05 20:00:00+00:00,1781.6,1783.75,1776.34,1777.42,1382.790259
2026-07-05 21:00:00+00:00,1777.43,1793.33,1768.4,1786.88,4867.681296
2026-07-05 22:00:00+00:00,1786.88,1808.18,1784.27,1789.97,9961.728157
2026-07-05 23:00:00+00:00,1789.89,1802.58,1782.67,1785.77,4713.511474
2026-07-06 00:00:00+00:00,1785.97,1794.1,1774.69,1793.47,5333.121109
2026-07-06 01:00:00+00:00,1793.45,1799.0,1785.27,1786.27,2476.569449
2026-07-06 02:00:00+00:00,1786.28,1790.45,1779.45,1783.82,2593.125651
2026-07-06 03:00:00+00:00,1783.75,1785.2,1771.79,1779.96,4236.613577
2026-07-06 04:00:00+00:00,1779.85,1785.26,1776.36,1778.07,2711.693719
2026-07-06 05:00:00+00:00,1777.87,1778.58,1765.01,1774.06,4557.316093
2026-07-06 06:00:00+00:00,1774.25,1775.48,1769.17,1769.51,2343.247206
2026-07-06 07:00:00+00:00,1769.5,1775.45,1766.98,1772.39,5187.310932
2026-07-06 08:00:00+00:00,1772.39,1778.68,1762.92,1765.8,2535.853287
2026-07-06 09:00:00+00:00,1765.76,1766.27,1756.0,1758.79,3473.903679
2026-07-06 10:00:00+00:00,1758.8,1774.14,1758.08,1771.25,10171.135757
2026-07-06 11:00:00+00:00,1771.25,1775.56,1759.47,1759.88,11316.748777
2026-07-06 12:00:00+00:00,1759.57,1760.94,1735.0,1740.78,55763.75527
2026-07-06 13:00:00+00:00,1740.78,1753.5,1728.86,1744.9,250917.754677
2026-07-06 14:00:00+00:00,1744.9,1763.0,1741.94,1751.83,333572.482169
2026-07-06 15:00:00+00:00,1751.84,1789.18,1751.48,1788.56,399683.000707
2026-07-06 16:00:00+00:00,1788.56,1804.94,1782.42,1792.65,25043.812187
2026-07-06 17:00:00+00:00,1792.66,1800.63,1787.34,1788.33,5896.91876
2026-07-06 18:00:00+00:00,1788.34,1796.58,1786.45,1792.84,3753.940498
2026-07-06 19:00:00+00:00,1792.83,1798.99,1791.1,1792.52,3618.344597
2026-07-06 20:00:00+00:00,1792.53,1796.43,1787.18,1793.07,3498.084116
2026-07-06 21:00:00+00:00,1793.07,1834.0,1792.54,1815.26,26734.589832
2026-07-06 22:00:00+00:00,1815.31,1817.0,1804.49,1806.22,17096.531557
2026-07-06 23:00:00+00:00,1806.18,1810.16,1797.35,1799.63,3789.214831
2026-07-07 00:00:00+00:00,1799.57,1810.18,1795.0,1803.52,5749.742452
2026-07-07 01:00:00+00:00,1803.64,1803.64,1788.15,1792.41,5423.090668
2026-07-07 02:00:00+00:00,1792.41,1794.5,1777.02,1778.41,5254.746297
2026-07-07 03:00:00+00:00,1778.49,1781.81,1769.0,1771.46,3881.964838
2026-07-07 04:00:00+00:00,1771.46,1773.8,1762.32,1766.54,3176.708469
2026-07-07 05:00:00+00:00,1766.56,1774.0,1757.62,1770.71,4184.538534
2026-07-07 06:00:00+00:00,1770.7,1782.56,1764.82,1779.08,5043.315685
2026-07-07 07:00:00+00:00,1779.17,1782.56,1770.86,1771.29,3621.529951
2026-07-07 08:00:00+00:00,1771.28,1775.59,1768.33,1770.63,4279.259912
2026-07-07 09:00:00+00:00,1770.62,1784.68,1768.56,1778.09,3339.292622
2026-07-07 10:00:00+00:00,1778.09,1784.95,1774.32,1775.94,3378.61879
2026-07-07 11:00:00+00:00,1775.96,1785.0,1771.66,1780.85,3265.662984
2026-07-07 12:00:00+00:00,1780.88,1794.63,1780.11,1781.97,5726.414974
2026-07-07 13:00:00+00:00,1781.99,1783.38,1766.21,1769.01,8669.601029
2026-07-07 14:00:00+00:00,1769.04,1793.0,1760.93,1789.35,12591.088048
2026-07-07 15:00:00+00:00,1789.35,1803.03,1782.98,1797.56,8644.461733
2026-07-07 16:00:00+00:00,1797.56,1813.2,1792.46,1802.26,7236.353386
2026-07-07 17:00:00+00:00,1802.34,1810.57,1798.45,1810.4,5042.441403
2026-07-07 18:00:00+00:00,1810.29,1810.44,1785.54,1786.41,5991.883275
2026-07-07 19:00:00+00:00,1786.34,1792.44,1773.58,1790.58,6949.68196
2026-07-07 20:00:00+00:00,1790.71,1793.27,1781.57,1784.24,2359.946566
2026-07-07 21:00:00+00:00,1784.24,1789.54,1771.13,1773.72,5591.566932
2026-07-07 22:00:00+00:00,1773.62,1778.57,1765.58,1775.52,4418.933341
2026-07-07 23:00:00+00:00,1775.51,1781.24,1768.36,1771.44,2925.16137
2026-07-08 00:00:00+00:00,1771.47,1785.58,1769.96,1780.4,4845.864727
2026-07-08 01:00:00+00:00,1780.42,1780.92,1750.06,1755.92,7685.508849
2026-07-08 02:00:00+00:00,1755.9,1760.0,1741.74,1757.87,7457.232995
2026-07-08 03:00:00+00:00,1757.88,1763.94,1749.17,1751.78,3763.255863
2026-07-08 04:00:00+00:00,1751.81,1758.05,1749.24,1756.3,2121.253887
2026-07-08 05:00:00+00:00,1756.31,1759.57,1750.47,1754.26,2687.01279
2026-07-08 06:00:00+00:00,1754.2,1755.32,1746.31,1751.75,2934.244842
2026-07-08 07:00:00+00:00,1751.76,1757.49,1745.0,1756.8,6327.763521
2026-07-08 08:00:00+00:00,1756.81,1758.75,1725.0,1735.45,14784.887081
2026-07-08 09:00:00+00:00,1735.47,1740.8,1730.31,1736.3,4590.072296
2026-07-08 10:00:00+00:00,1736.39,1742.45,1732.66,1739.47,3827.302055
2026-07-08 11:00:00+00:00,1739.48,1751.56,1735.72,1748.09,10168.263079
2026-07-08 12:00:00+00:00,1748.0,1751.38,1737.96,1738.51,16625.669591
2026-07-08 13:00:00+00:00,1738.52,1744.42,1731.21,1737.83,43447.731858
2026-07-08 14:00:00+00:00,1737.61,1741.07,1722.64,1729.78,50527.875153
2026-07-08 15:00:00+00:00,1729.78,1730.73,1713.46,1722.85,63780.957899
2026-07-08 16:00:00+00:00,1722.85,1738.33,1722.75,1736.4,5467.468229
2026-07-08 17:00:00+00:00,1736.57,1746.65,1731.0,1733.22,4560.147201
2026-07-08 18:00:00+00:00,1733.02,1741.07,1729.9,1737.32,3062.914047
2026-07-08 19:00:00+00:00,1737.32,1741.57,1733.63,1741.14,1788.236723
2026-07-08 20:00:00+00:00,1741.06,1741.57,1734.53,1736.6,2328.183831
2026-07-08 21:00:00+00:00,1736.6,1739.99,1731.5,1738.07,1766.936895
2026-07-08 22:00:00+00:00,1738.07,1743.91,1736.73,1741.35,3712.426894
2026-07-08 23:00:00+00:00,1741.26,1745.26,1738.93,1743.5,5098.098751
2026-07-09 00:00:00+00:00,1743.49,1744.71,1736.96,1738.3,1671.651468
2026-07-09 01:00:00+00:00,1738.29,1757.08,1730.33,1731.84,7155.21686
2026-07-09 02:00:00+00:00,1731.77,1739.39,1723.48,1727.26,2896.429634
2026-07-09 03:00:00+00:00,1727.26,1734.48,1721.67,1730.58,2559.966354
2026-07-09 04:00:00+00:00,1730.58,1743.72,1730.28,1742.42,3372.775835
2026-07-09 05:00:00+00:00,1742.4,1749.51,1737.6,1749.4,3854.288601
2026-07-09 06:00:00+00:00,1749.39,1755.66,1746.0,1755.31,4336.364234
2026-07-09 07:00:00+00:00,1755.17,1762.66,1750.57,1753.29,4591.384775
2026-07-09 08:00:00+00:00,1753.3,1758.74,1750.8,1754.3,1701.840685
2026-07-09 09:00:00+00:00,1754.31,1756.41,1749.4,1755.7,1600.86637
2026-07-09 10:00:00+00:00,1755.7,1757.43,1744.04,1746.27,2306.834032
2026-07-09 11:00:00+00:00,1746.31,1748.38,1741.33,1744.07,2400.555131
2026-07-09 12:00:00+00:00,1744.15,1747.4,1735.06,1741.77,10107.092147
2026-07-09 13:00:00+00:00,1741.78,1752.19,1736.0,1747.06,4236.424167
2026-07-09 14:00:00+00:00,1747.12,1749.96,1733.33,1743.18,5064.373968
2026-07-09 15:00:00+00:00,1743.19,1749.39,1737.35,1739.48,3570.296097
2026-07-09 16:00:00+00:00,1739.49,1743.99,1732.01,1739.1,2575.552378
2026-07-09 17:00:00+00:00,1739.1,1752.49,1738.42,1748.53,3460.171304
2026-07-09 18:00:00+00:00,1748.52,1759.68,1747.44,1751.44,4083.765233
2026-07-09 19:00:00+00:00,1751.5,1753.11,1747.13,1748.61,1352.691274
2026-07-09 20:00:00+00:00,1748.6,1750.52,1745.13,1748.81,2460.069736
2026-07-09 21:00:00+00:00,1748.82,1751.06,1745.03,1748.21,1159.54084
2026-07-09 22:00:00+00:00,1748.21,1751.18,1746.26,1747.45,1260.560487
2026-07-09 23:00:00+00:00,1747.45,1749.35,1741.38,1745.2,1444.445702
2026-07-10 00:00:00+00:00,1745.24,1746.56,1737.38,1742.99,3361.843994
2026-07-10 01:00:00+00:00,1743.0,1777.57,1738.06,1767.79,13048.575705
2026-07-10 02:00:00+00:00,1767.79,1775.0,1764.67,1772.81,6679.332716
2026-07-10 03:00:00+00:00,1772.9,1779.9,1769.08,1776.31,4075.038367
2026-07-10 04:00:00+00:00,1776.32,1780.25,1771.77,1774.8,3393.723134
2026-07-10 05:00:00+00:00,1774.82,1779.95,1772.57,1779.1,4262.836124
2026-07-10 06:00:00+00:00,1779.11,1779.95,1769.31,1771.2,3293.680326
2026-07-10 07:00:00+00:00,1771.21,1777.54,1768.71,1773.23,3180.201332
2026-07-10 08:00:00+00:00,1773.31,1789.66,1772.6,1783.98,6424.125203
2026-07-10 09:00:00+00:00,1783.9,1795.0,1781.17,1792.61,5457.878198
2026-07-10 10:00:00+00:00,1792.61,1803.0,1789.45,1796.97,6598.799319
2026-07-10 11:00:00+00:00,1796.97,1802.49,1794.38,1801.41,4176.059482
2026-07-10 12:00:00+00:00,1801.41,1807.73,1792.76,1793.96,6344.327836
2026-07-10 13:00:00+00:00,1793.97,1813.0,1793.7,1803.9,5991.15764
2026-07-10 14:00:00+00:00,1803.84,1804.68,1775.4,1785.03,11812.862259
2026-07-10 15:00:00+00:00,1785.04,1796.88,1783.88,1791.2,7059.270307
2026-07-10 16:00:00+00:00,1791.2,1799.56,1785.8,1797.46,3554.712297
2026-07-10 17:00:00+00:00,1797.47,1799.25,1788.2,1788.21,3388.065772
2026-07-10 18:00:00+00:00,1788.36,1793.85,1780.94,1785.02,3526.283416
2026-07-10 19:00:00+00:00,1784.94,1797.34,1784.04,1792.67,3383.624956
2026-07-10 20:00:00+00:00,1792.59,1794.52,1789.49,1790.07,1901.344829
2026-07-10 21:00:00+00:00,1790.07,1797.22,1789.57,1794.52,1244.775414
2026-07-10 22:00:00+00:00,1794.52,1796.96,1792.99,1795.26,1140.223428
2026-07-10 23:00:00+00:00,1795.26,1798.22,1792.43,1796.9,1461.840435
2026-07-11 00:00:00+00:00,1796.93,1797.22,1789.64,1793.19,1944.826946
2026-07-11 01:00:00+00:00,1793.22,1799.3,1788.53,1789.07,1999.49143
2026-07-11 02:00:00+00:00,1789.08,1796.0,1786.78,1795.5,1593.162401
2026-07-11 03:00:00+00:00,1795.5,1798.24,1792.62,1796.61,1964.392898
2026-07-11 04:00:00+00:00,1796.61,1800.67,1795.66,1796.52,1144.154296
2026-07-11 05:00:00+00:00,1796.53,1802.44,1794.96,1799.38,1190.593422
2026-07-11 06:00:00+00:00,1799.38,1803.6,1794.75,1799.31,1628.464461
2026-07-11 07:00:00+00:00,1799.3,1801.83,1798.11,1799.75,1041.171313
2026-07-11 08:00:00+00:00,1799.75,1803.49,1799.38,1801.51,2056.736898
2026-07-11 09:00:00+00:00,1801.5,1802.75,1795.16,1795.57,2113.700781
2026-07-11 10:00:00+00:00,1795.53,1799.44,1795.12,1798.36,1686.822689
2026-07-11 11:00:00+00:00,1798.45,1800.99,1797.12,1800.5,1176.985956
2026-07-11 12:00:00+00:00,1800.51,1801.5,1798.48,1800.16,842.454315
2026-07-11 13:00:00+00:00,1800.16,1808.38,1798.85,1802.77,2347.234103
2026-07-11 14:00:00+00:00,1802.77,1818.0,1802.59,1810.75,5823.753851
2026-07-11 15:00:00+00:00,1810.73,1828.12,1808.72,1814.69,16282.994071
2026-07-11 16:00:00+00:00,1814.7,1824.3,1810.65,1823.36,6403.670212
2026-07-11 17:00:00+00:00,1823.37,1829.91,1818.18,1824.67,3168.170281
2026-07-11 18:00:00+00:00,1824.64,1829.99,1823.64,1826.29,2353.05535
2026-07-11 19:00:00+00:00,1826.3,1827.34,1819.41,1824.5,2451.403082
2026-07-11 20:00:00+00:00,1824.51,1828.53,1823.94,1825.96,794.089503
2026-07-11 21:00:00+00:00,1825.96,1829.46,1822.6,1823.95,1659.192218
2026-07-11 22:00:00+00:00,1823.96,1824.31,1809.49,1813.76,4537.282286
2026-07-11 23:00:00+00:00,1813.77,1815.73,1786.66,1787.77,9689.455827
2026-07-12 00:00:00+00:00,1787.77,1791.2,1779.6,1789.19,5869.579585
2026-07-12 01:00:00+00:00,1789.19,1808.32,1788.14,1806.69,5689.971127
2026-07-12 02:00:00+00:00,1806.69,1807.44,1802.6,1805.24,2220.999522
2026-07-12 03:00:00+00:00,1805.14,1813.61,1802.5,1811.58,3006.950527
2026-07-12 04:00:00+00:00,1811.59,1812.54,1804.11,1805.69,1910.076776
2026-07-12 05:00:00+00:00,1805.7,1807.3,1800.47,1803.15,1966.188367
2026-07-12 06:00:00+00:00,1803.12,1803.12,1789.36,1795.24,3446.181356
2026-07-12 07:00:00+00:00,1795.25,1799.14,1794.23,1798.88,1075.890633
2026-07-12 08:00:00+00:00,1798.89,1809.0,1798.66,1805.26,3060.615357
2026-07-12 09:00:00+00:00,1805.27,1805.98,1796.74,1802.48,2265.801888
2026-07-12 10:00:00+00:00,1802.49,1802.61,1798.99,1799.45,2349.95794
2026-07-12 11:00:00+00:00,1799.45,1806.61,1796.33,1803.64,1407.629342
2026-07-12 12:00:00+00:00,1803.63,1809.64,1802.87,1807.07,1670.107924
2026-07-12 13:00:00+00:00,1807.08,1809.83,1805.33,1805.88,1846.226411
2026-07-12 14:00:00+00:00,1805.88,1823.0,1803.94,1819.56,4178.551712
2026-07-12 15:00:00+00:00,1819.48,1826.7,1816.5,1820.89,4999.88939
2026-07-12 16:00:00+00:00,1820.89,1824.28,1817.32,1821.81,3561.075087
2026-07-12 17:00:00+00:00,1821.81,1822.5,1811.55,1818.26,3427.038421
2026-07-12 18:00:00+00:00,1818.26,1822.22,1815.03,1821.53,915.501344
2026-07-12 19:00:00+00:00,1821.54,1823.67,1818.64,1821.35,769.898961
2026-07-12 20:00:00+00:00,1821.35,1824.16,1818.71,1821.26,1219.869351
2026-07-12 21:00:00+00:00,1821.26,1823.58,1811.39,1812.52,1684.55863
2026-07-12 22:00:00+00:00,1812.53,1812.53,1797.44,1805.01,5695.626283
2026-07-12 23:00:00+00:00,1805.0,1809.0,1800.92,1806.8,1475.99024
2026-07-13 00:00:00+00:00,1806.8,1846.04,1804.17,1826.48,19000.065525
2026-07-13 01:00:00+00:00,1826.66,1829.9,1805.45,1806.84,7631.221751
2026-07-13 02:00:00+00:00,1807.0,1814.94,1799.19,1807.02,6425.193918
2026-07-13 03:00:00+00:00,1807.01,1807.01,1775.22,1780.74,16665.133481
2026-07-13 04:00:00+00:00,1780.78,1785.27,1776.49,1779.01,3699.57441
2026-07-13 05:00:00+00:00,1779.02,1786.69,1773.31,1781.89,7001.94612
2026-07-13 06:00:00+00:00,1781.91,1783.7,1776.01,1777.87,2535.622935
2026-07-13 07:00:00+00:00,1777.88,1791.25,1776.32,1787.5,4712.57188
2026-07-13 08:00:00+00:00,1787.5,1793.49,1783.87,1790.33,3653.756251
2026-07-13 09:00:00+00:00,1790.42,1790.55,1785.01,1785.72,1834.017396
2026-07-13 10:00:00+00:00,1785.72,1786.89,1777.19,1779.54,3594.474606
2026-07-13 11:00:00+00:00,1779.6,1784.99,1779.6,1780.7,2405.858229
2026-07-13 12:00:00+00:00,1780.7,1783.44,1767.14,1772.29,9104.445762
2026-07-13 13:00:00+00:00,1772.3,1776.55,1763.34,1771.36,6014.266936
2026-07-13 14:00:00+00:00,1771.41,1782.0,1761.96,1781.89,13508.852181
2026-07-13 15:00:00+00:00,1781.94,1786.49,1775.47,1776.82,2776.489463
2026-07-13 16:00:00+00:00,1776.82,1780.82,1767.27,1771.97,5113.071993
2026-07-13 17:00:00+00:00,1771.96,1776.54,1753.22,1753.59,7313.666098
2026-07-13 18:00:00+00:00,1753.59,1767.31,1750.0,1764.82,5159.85244
2026-07-13 19:00:00+00:00,1764.82,1775.34,1764.49,1774.89,3825.807751
2026-07-13 20:00:00+00:00,1774.89,1777.4,1761.64,1767.43,2737.210114
2026-07-13 21:00:00+00:00,1767.33,1767.33,1752.53,1761.66,2298.998157
2026-07-13 22:00:00+00:00,1761.6,1768.42,1756.45,1758.28,2285.771006
2026-07-13 23:00:00+00:00,1758.28,1778.17,1756.45,1776.61,4000.583172
2026-07-14 00:00:00+00:00,1776.64,1788.68,1773.34,1786.09,3873.194273
2026-07-14 01:00:00+00:00,1786.14,1794.63,1783.35,1784.77,2944.175566
2026-07-14 02:00:00+00:00,1784.77,1789.1,1775.12,1782.62,3161.519777
2026-07-14 03:00:00+00:00,1782.58,1783.99,1774.49,1783.61,2490.118409
2026-07-14 04:00:00+00:00,1783.61,1789.71,1782.11,1785.8,2304.015922
2026-07-14 05:00:00+00:00,1785.79,1793.06,1784.4,1787.02,1825.292109
2026-07-14 06:00:00+00:00,1787.01,1787.44,1781.86,1783.19,1295.852695
2026-07-14 07:00:00+00:00,1783.19,1786.54,1779.45,1781.07,2574.495869
2026-07-14 08:00:00+00:00,1781.07,1789.5,1778.71,1785.95,1993.812991
2026-07-14 09:00:00+00:00,1785.95,1789.4,1782.87,1785.92,1511.381394
2026-07-14 10:00:00+00:00,1785.92,1804.99,1785.92,1800.15,5235.575941
2026-07-14 11:00:00+00:00,1800.16,1802.97,1795.77,1797.98,1998.819214
2026-07-14 12:00:00+00:00,1797.98,1867.23,1794.28,1860.98,34036.214696
2026-07-14 13:00:00+00:00,1860.99,1882.98,1854.88,1871.62,44798.724309
2026-07-14 14:00:00+00:00,1871.64,1884.94,1859.09,1881.26,16809.02641
2026-07-14 15:00:00+00:00,1881.24,1888.99,1873.05,1875.08,14590.264471
2026-07-14 16:00:00+00:00,1875.19,1877.3,1868.8,1874.03,4433.007648
2026-07-14 17:00:00+00:00,1873.98,1873.98,1860.93,1871.6,3949.606826
2026-07-14 18:00:00+00:00,1871.59,1876.88,1868.32,1874.82,1979.984508
2026-07-14 19:00:00+00:00,1874.83,1881.72,1874.49,1877.0,2006.172722
2026-07-14 20:00:00+00:00,1877.02,1878.79,1873.73,1875.46,1228.718705
2026-07-14 21:00:00+00:00,1875.46,1879.8,1874.55,1876.53,2011.169602
2026-07-14 22:00:00+00:00,1876.49,1897.54,1872.22,1882.02,6576.556554
2026-07-14 23:00:00+00:00,1882.01,1893.48,1878.81,1892.02,2785.740705
2026-07-15 00:00:00+00:00,1892.02,1893.49,1878.03,1881.78,3466.267482
2026-07-15 01:00:00+00:00,1881.66,1882.22,1867.5,1870.41,2406.806227
2026-07-15 02:00:00+00:00,1870.47,1873.13,1864.67,1864.67,1328.437597
2026-07-15 03:00:00+00:00,1864.68,1879.22,1864.67,1876.4,2104.884146
2026-07-15 04:00:00+00:00,1876.41,1880.55,1873.63,1876.52,1382.314669
2026-07-15 05:00:00+00:00,1876.56,1883.52,1872.0,1882.84,1648.466499
2026-07-15 06:00:00+00:00,1882.94,1891.99,1875.0,1875.68,5170.83947
2026-07-15 07:00:00+00:00,1875.68,1877.23,1864.41,1869.95,5577.585719
2026-07-15 08:00:00+00:00,1869.9,1879.78,1869.85,1879.26,2174.636533
2026-07-15 09:00:00+00:00,1879.26,1886.56,1879.0,1879.74,1989.259709
2026-07-15 10:00:00+00:00,1879.74,1886.47,1874.86,1878.03,2212.90469
2026-07-15 11:00:00+00:00,1878.0,1885.69,1877.39,1884.47,2002.75497
2026-07-15 12:00:00+00:00,1884.48,1931.87,1879.32,1927.24,16745.48246
2026-07-15 13:00:00+00:00,1927.19,1946.4,1917.33,1925.94,23438.138484
2026-07-15 14:00:00+00:00,1926.1,1935.31,1919.4,1933.16,8936.574674
2026-07-15 15:00:00+00:00,1933.23,1938.0,1925.6,1931.85,3758.756573
2026-07-15 16:00:00+00:00,1931.85,1933.0,1904.46,1919.71,8672.159327
2026-07-15 17:00:00+00:00,1919.77,1931.38,1919.57,1928.01,3316.400616
2026-07-15 18:00:00+00:00,1927.96,1936.8,1922.61,1924.23,3984.560095
2026-07-15 19:00:00+00:00,1924.23,1929.29,1919.08,1923.95,1626.57559
2026-07-15 20:00:00+00:00,1923.94,1930.7,1918.33,1923.57,1363.748735
2026-07-15 21:00:00+00:00,1923.57,1925.71,1919.48,1922.12,1115.948866
2026-07-15 22:00:00+00:00,1922.19,1928.64,1918.33,1923.21,1669.021666
2026-07-15 23:00:00+00:00,1923.21,1927.18,1914.83,1917.73,2261.613666
2026-07-16 00:00:00+00:00,1917.72,1924.99,1911.48,1914.91,4685.568004
2026-07-16 01:00:00+00:00,1914.92,1926.0,1908.01,1922.69,3754.738589
2026-07-16 02:00:00+00:00,1922.7,1926.09,1918.67,1925.13,1953.977722
2026-07-16 03:00:00+00:00,1925.12,1929.2,1917.01,1918.65,2658.198487
2026-07-16 04:00:00+00:00,1918.66,1920.87,1914.12,1918.29,1629.662854
2026-07-16 05:00:00+00:00,1918.43,1927.64,1917.28,1925.62,1967.395928
2026-07-16 06:00:00+00:00,1925.63,1929.98,1915.67,1922.63,2601.159567
2026-07-16 07:00:00+00:00,1922.64,1922.64,1905.17,1910.62,4511.864717
2026-07-16 08:00:00+00:00,1910.62,1912.99,1875.11,1886.24,17822.87486
2026-07-16 09:00:00+00:00,1886.26,1889.41,1880.68,1884.7,2658.307575
2026-07-16 10:00:00+00:00,1884.72,1891.72,1883.92,1888.53,2178.330163
2026-07-16 11:00:00+00:00,1888.54,1888.71,1879.51,1885.29,2214.102954
2026-07-16 12:00:00+00:00,1885.22,1885.24,1867.51,1872.62,5434.345548
2026-07-16 13:00:00+00:00,1872.62,1890.2,1871.0,1882.58,7914.401457
2026-07-16 14:00:00+00:00,1882.47,1892.97,1874.6,1883.51,6995.877027
2026-07-16 15:00:00+00:00,1883.54,1894.29,1871.12,1881.93,6080.581083
2026-07-16 16:00:00+00:00,1882.0,1883.23,1875.0,1879.08,2501.638465
2026-07-16 17:00:00+00:00,1879.01,1879.52,1862.28,1869.06,5708.745738
2026-07-16 18:00:00+00:00,1869.04,1879.82,1868.01,1875.92,1766.489833
2026-07-16 19:00:00+00:00,1875.91,1877.76,1871.12,1875.77,877.659482
2026-07-16 20:00:00+00:00,1875.76,1875.76,1871.61,1871.88,910.607058
2026-07-16 21:00:00+00:00,1871.87,1881.46,1871.86,1878.8,1116.996239
2026-07-16 22:00:00+00:00,1878.8,1881.55,1868.0,1868.96,2871.556924
2026-07-16 23:00:00+00:00,1869.04,1870.71,1857.73,1864.55,4205.914594
2026-07-17 00:00:00+00:00,1864.64,1866.66,1847.21,1865.76,8724.748339
2026-07-17 01:00:00+00:00,1865.78,1871.17,1848.01,1851.24,4149.76345
2026-07-17 02:00:00+00:00,1851.07,1855.72,1843.47,1848.21,5449.169057
2026-07-17 03:00:00+00:00,1848.09,1859.61,1847.34,1852.55,3036.760205
2026-07-17 04:00:00+00:00,1852.55,1852.98,1844.01,1850.03,3537.873497
2026-07-17 05:00:00+00:00,1850.01,1850.01,1821.73,1823.9,11654.041911
2026-07-17 06:00:00+00:00,1823.9,1836.58,1820.75,1832.48,5456.777311
2026-07-17 07:00:00+00:00,1832.48,1833.51,1826.22,1828.42,3351.798591
2026-07-17 08:00:00+00:00,1828.42,1832.64,1821.31,1830.2,3088.038578
2026-07-17 09:00:00+00:00,1830.2,1836.32,1829.24,1835.02,1394.900824
2026-07-17 10:00:00+00:00,1835.05,1840.34,1834.28,1836.92,2189.198234
2026-07-17 11:00:00+00:00,1836.92,1843.2,1833.34,1839.28,1857.026216
2026-07-17 12:00:00+00:00,1839.33,1840.45,1827.5,1828.44,2503.902219
2026-07-17 13:00:00+00:00,1828.58,1829.13,1803.2,1825.5,10741.300177
2026-07-17 14:00:00+00:00,1825.64,1833.96,1817.28,1822.22,4667.792332
2026-07-17 15:00:00+00:00,1822.23,1831.23,1810.9,1830.99,4867.85765
2026-07-17 16:00:00+00:00,1830.99,1840.55,1826.15,1836.01,6049.782545
2026-07-17 17:00:00+00:00,1836.09,1856.4,1836.09,1843.74,4471.218113
2026-07-17 18:00:00+00:00,1843.77,1849.6,1834.9,1847.01,3036.803021
2026-07-17 19:00:00+00:00,1847.0,1847.0,1835.84,1843.92,1951.227862
2026-07-17 20:00:00+00:00,1843.64,1846.14,1837.15,1842.94,1324.734854
2026-07-17 21:00:00+00:00,1842.95,1846.76,1839.47,1841.53,1443.384115
2026-07-17 22:00:00+00:00,1841.53,1843.73,1837.44,1840.02,859.99712
2026-07-17 23:00:00+00:00,1839.95,1844.39,1835.14,1841.79,1299.632708
2026-07-18 00:00:00+00:00,1841.89,1844.99,1840.01,1840.74,678.317766
2026-07-18 01:00:00+00:00,1840.78,1843.54,1839.25,1842.6,627.303816
2026-07-18 02:00:00+00:00,1842.61,1846.74,1840.79,1841.95,1418.349053
2026-07-18 03:00:00+00:00,1841.94,1846.47,1841.52,1846.04,986.267514
2026-07-18 04:00:00+00:00,1846.05,1846.18,1842.42,1844.77,660.097307
2026-07-18 05:00:00+00:00,1844.79,1849.57,1843.01,1845.82,2058.647686
2026-07-18 06:00:00+00:00,1845.84,1847.82,1843.01,1844.84,755.714298
2026-07-18 07:00:00+00:00,1844.83,1845.97,1843.01,1844.22,547.096407
2026-07-18 08:00:00+00:00,1844.22,1849.24,1842.35,1847.55,963.310774
2026-07-18 09:00:00+00:00,1847.55,1848.0,1842.78,1845.14,722.92664
2026-07-18 10:00:00+00:00,1844.99,1846.75,1843.62,1845.46,492.718316
2026-07-18 11:00:00+00:00,1845.46,1846.75,1844.4,1845.49,423.059934
2026-07-18 12:00:00+00:00,1845.5,1850.59,1840.01,1844.8,1947.541706
2026-07-18 13:00:00+00:00,1844.8,1844.8,1837.5,1841.68,1989.416695
2026-07-18 14:00:00+00:00,1841.69,1846.33,1840.75,1845.77,1078.610014
2026-07-18 15:00:00+00:00,1845.8,1846.0,1842.04,1843.81,764.399732
2026-07-18 16:00:00+00:00,1843.9,1847.2,1841.61,1846.12,1864.832605
2026-07-18 17:00:00+00:00,1846.12,1853.27,1843.57,1852.67,2027.629413
2026-07-18 18:00:00+00:00,1852.76,1867.5,1849.81,1857.4,5509.703842
2026-07-18 19:00:00+00:00,1857.37,1861.53,1855.62,1858.45,1725.051306
2026-07-18 20:00:00+00:00,1858.46,1863.46,1855.46,1857.12,1272.052458
2026-07-18 21:00:00+00:00,1857.12,1863.29,1855.83,1860.86,999.410949
2026-07-18 22:00:00+00:00,1860.85,1865.58,1859.9,1863.47,1525.104981
2026-07-18 23:00:00+00:00,1863.43,1864.39,1859.79,1862.63,1160.745373
2026-07-19 00:00:00+00:00,1862.64,1863.79,1859.26,1861.32,1198.547146
2026-07-19 01:00:00+00:00,1861.34,1861.58,1858.39,1859.13,1559.622636
2026-07-19 02:00:00+00:00,1858.96,1877.37,1858.19,1871.42,4984.507537
2026-07-19 03:00:00+00:00,1871.43,1872.89,1863.74,1867.14,1447.18987
2026-07-19 04:00:00+00:00,1867.23,1870.36,1864.23,1867.37,1023.245809
2026-07-19 05:00:00+00:00,1867.37,1870.32,1865.63,1868.53,530.516949
2026-07-19 06:00:00+00:00,1868.53,1871.52,1868.19,1869.26,790.409826
2026-07-19 07:00:00+00:00,1869.26,1871.9,1867.03,1870.14,770.624471
2026-07-19 08:00:00+00:00,1870.14,1875.33,1867.51,1873.65,1090.323123
2026-07-19 09:00:00+00:00,1873.66,1874.03,1865.28,1866.32,1664.632813
2026-07-19 10:00:00+00:00,1866.28,1879.99,1864.0,1872.39,2837.918221
2026-07-19 11:00:00+00:00,1872.4,1879.0,1870.0,1871.31,1747.330265
2026-07-19 12:00:00+00:00,1871.29,1874.39,1864.35,1870.48,2510.819204
2026-07-19 13:00:00+00:00,1870.48,1873.92,1865.87,1871.76,1865.521645
2026-07-19 14:00:00+00:00,1871.76,1879.94,1868.67,1874.8,2069.25106
2026-07-19 15:00:00+00:00,1874.66,1876.23,1868.84,1870.94,1451.074563
2026-07-19 16:00:00+00:00,1871.0,1873.6,1865.91,1866.7,1023.876572
2026-07-19 17:00:00+00:00,1866.71,1874.04,1857.82,1867.32,2856.494042
2026-07-19 18:00:00+00:00,1867.31,1867.83,1852.01,1861.07,3086.836108
2026-07-19 19:00:00+00:00,1861.1,1862.89,1854.81,1862.4,578.016575
2026-07-19 20:00:00+00:00,1862.41,1867.28,1862.22,1867.28,902.917773
2026-07-19 21:00:00+00:00,1867.28,1868.52,1857.65,1861.99,1436.972073
2026-07-19 22:00:00+00:00,1861.92,1877.09,1857.15,1870.61,3715.264172
2026-07-19 23:00:00+00:00,1870.61,1875.37,1865.01,1872.19,2932.257664
2026-07-20 00:00:00+00:00,1872.19,1892.0,1862.64,1872.21,7417.729279
2026-07-20 01:00:00+00:00,1872.09,1889.98,1865.77,1869.47,5075.450594
2026-07-20 02:00:00+00:00,1869.48,1883.33,1868.01,1878.94,2866.06638
2026-07-20 03:00:00+00:00,1879.05,1882.32,1871.0,1879.94,1772.914488
2026-07-20 04:00:00+00:00,1879.98,1880.0,1868.45,1868.86,1782.190214
2026-07-20 05:00:00+00:00,1869.2,1869.88,1850.48,1855.4,4807.33721
2026-07-20 06:00:00+00:00,1855.51,1859.97,1842.48,1849.62,5009.135728
2026-07-20 07:00:00+00:00,1849.77,1865.45,1848.94,1863.88,3236.62987
2026-07-20 08:00:00+00:00,1863.93,1868.33,1854.01,1860.67,4500.11872
2026-07-20 09:00:00+00:00,1860.66,1867.37,1857.89,1864.19,1703.829589
2026-07-20 10:00:00+00:00,1864.19,1872.53,1862.69,1869.0,2710.856001
2026-07-20 11:00:00+00:00,1869.01,1896.56,1867.89,1893.22,9687.548006
2026-07-20 12:00:00+00:00,1893.18,1893.97,1871.43,1873.37,5171.474955
2026-07-20 13:00:00+00:00,1873.38,1880.53,1857.42,1862.57,9369.367252
2026-07-20 14:00:00+00:00,1862.56,1871.99,1853.6,1868.23,3877.058446
2026-07-20 15:00:00+00:00,1868.24,1905.0,1867.7,1902.48,11129.725695
2026-07-20 16:00:00+00:00,1902.49,1907.0,1893.55,1899.37,6571.781079
2026-07-20 17:00:00+00:00,1899.3,1909.67,1895.3,1907.84,5086.226453
2026-07-20 18:00:00+00:00,1907.77,1918.0,1897.22,1899.5,7325.259839
2026-07-20 19:00:00+00:00,1899.45,1901.15,1890.03,1898.31,2965.567212
2026-07-20 20:00:00+00:00,1898.5,1906.54,1896.09,1904.79,1318.453265
2026-07-20 21:00:00+00:00,1904.8,1907.57,1902.0,1902.31,1469.362988
2026-07-20 22:00:00+00:00,1902.31,1902.57,1894.4,1895.71,1347.564645
2026-07-20 23:00:00+00:00,1895.71,1905.35,1895.13,1904.66,982.059847
2026-07-21 00:00:00+00:00,1904.61,1917.85,1900.62,1915.06,5171.384032
2026-07-21 01:00:00+00:00,1915.0,1918.48,1907.0,1907.35,4674.640794
2026-07-21 02:00:00+00:00,1907.53,1923.93,1904.55,1917.21,3779.959582
2026-07-21 03:00:00+00:00,1917.13,1928.64,1916.74,1926.72,3739.857361
2026-07-21 04:00:00+00:00,1926.71,1931.17,1922.26,1924.67,4361.756547
2026-07-21 05:00:00+00:00,1924.63,1936.36,1921.88,1930.55,4001.736038
2026-07-21 06:00:00+00:00,1930.54,1940.0,1927.78,1935.11,4749.152917
2026-07-21 07:00:00+00:00,1935.1,1940.94,1933.1,1933.9,6496.868261
2026-07-21 08:00:00+00:00,1933.86,1953.26,1931.62,1939.96,10771.043206
2026-07-21 09:00:00+00:00,1939.93,1943.57,1936.46,1942.07,2750.426593
2026-07-21 10:00:00+00:00,1942.08,1947.0,1931.92,1933.89,3854.004643
2026-07-21 11:00:00+00:00,1933.89,1937.54,1926.75,1935.88,3168.310316
2026-07-21 12:00:00+00:00,1935.89,1945.5,1933.02,1942.7,3918.647963
2026-07-21 13:00:00+00:00,1942.63,1943.68,1927.23,1940.44,3961.502213
2026-07-21 14:00:00+00:00,1940.46,1943.83,1927.7,1931.87,4311.068565
2026-07-21 15:00:00+00:00,1931.82,1932.49,1923.41,1931.83,5202.601915
2026-07-21 16:00:00+00:00,1931.79,1935.31,1921.52,1926.36,3084.029718
2026-07-21 17:00:00+00:00,1926.35,1928.42,1910.64,1918.73,4241.359463
2026-07-21 18:00:00+00:00,1918.71,1923.05,1915.0,1920.01,1734.35674
2026-07-21 19:00:00+00:00,1920.01,1925.99,1918.29,1923.29,2012.539184
2026-07-21 20:00:00+00:00,1923.25,1926.3,1921.51,1923.09,956.576342
2026-07-21 21:00:00+00:00,1923.1,1926.5,1920.0,1924.17,2122.309766
2026-07-21 22:00:00+00:00,1924.18,1924.18,1918.06,1920.83,2103.956671
2026-07-21 23:00:00+00:00,1920.74,1931.9,1916.44,1930.2,2519.776811
2026-07-22 00:00:00+00:00,1930.19,1944.18,1929.1,1939.07,4770.409257
2026-07-22 01:00:00+00:00,1939.07,1940.57,1927.41,1933.44,3764.55483
2026-07-22 02:00:00+00:00,1933.38,1936.17,1926.67,1930.02,3061.15089
2026-07-22 03:00:00+00:00,1930.16,1935.82,1926.57,1928.46,1929.409074
2026-07-22 04:00:00+00:00,1928.46,1939.18,1928.01,1936.45,2816.39496
2026-07-22 05:00:00+00:00,1936.5,1936.92,1918.18,1919.56,5258.227557
2026-07-22 06:00:00+00:00,1919.56,1921.2,1913.15,1917.43,3849.795706
2026-07-22 07:00:00+00:00,1917.61,1919.05,1910.6,1914.34,4577.935995
2026-07-22 08:00:00+00:00,1914.37,1925.34,1913.84,1921.11,2761.204835
2026-07-22 09:00:00+00:00,1921.11,1926.78,1919.4,1924.48,2354.149092
2026-07-22 10:00:00+00:00,1924.48,1933.54,1922.76,1930.63,3733.463278
2026-07-22 11:00:00+00:00,1930.64,1931.68,1922.28,1927.36,1624.793581
2026-07-22 12:00:00+00:00,1927.36,1927.37,1913.47,1917.14,2375.422721
2026-07-22 13:00:00+00:00,1917.17,1942.64,1917.01,1939.9,6047.73572
2026-07-22 14:00:00+00:00,1939.86,1956.27,1923.12,1933.0,9440.769977
2026-07-22 15:00:00+00:00,1933.19,1952.17,1932.87,1942.69,6165.258493
2026-07-22 16:00:00+00:00,1942.7,1957.1,1935.43,1949.73,8323.313359
2026-07-22 17:00:00+00:00,1949.73,1950.0,1934.7,1938.51,2943.557036
2026-07-22 18:00:00+00:00,1938.5,1939.99,1923.16,1930.62,4598.836862
2026-07-22 19:00:00+00:00,1930.65,1932.16,1921.03,1924.98,2418.573914
2026-07-22 20:00:00+00:00,1924.98,1930.34,1922.87,1926.83,2977.245516
2026-07-22 21:00:00+00:00,1926.84,1939.74,1926.83,1938.8,2004.814033
2026-07-22 22:00:00+00:00,1938.81,1939.4,1930.85,1938.4,1292.552622
2026-07-22 23:00:00+00:00,1938.39,1938.57,1923.49,1934.3,3024.668469
2026-07-23 00:00:00+00:00,1934.3,1941.56,1932.37,1932.46,2442.893305
2026-07-23 01:00:00+00:00,1932.46,1936.75,1926.51,1928.35,3485.328175
2026-07-23 02:00:00+00:00,1928.35,1929.62,1922.11,1927.63,2221.956568
2026-07-23 03:00:00+00:00,1927.63,1928.02,1917.61,1920.61,2826.46656
2026-07-23 04:00:00+00:00,1920.57,1926.15,1918.62,1919.84,1788.466341
2026-07-23 05:00:00+00:00,1919.85,1928.88,1918.37,1922.83,2470.870924
2026-07-23 06:00:00+00:00,1922.84,1926.79,1921.17,1925.4,1358.499361
2026-07-23 07:00:00+00:00,1925.39,1925.39,1912.8,1915.79,4078.779621
2026-07-23 08:00:00+00:00,1915.8,1927.31,1914.47,1926.5,2643.427694
2026-07-23 09:00:00+00:00,1926.46,1931.5,1923.27,1924.15,3202.517315
2026-07-23 10:00:00+00:00,1924.2,1930.39,1922.0,1928.02,1429.903147
2026-07-23 11:00:00+00:00,1928.02,1929.15,1924.65,1925.76,1836.485614
2026-07-23 12:00:00+00:00,1925.77,1927.74,1894.34,1904.52,11796.935732
2026-07-23 13:00:00+00:00,1904.54,1908.98,1895.79,1898.64,8890.777805
2026-07-23 14:00:00+00:00,1898.65,1907.3,1892.65,1896.53,6452.335448
2026-07-23 15:00:00+00:00,1896.54,1897.99,1883.08,1895.38,9155.952866
2026-07-23 16:00:00+00:00,1895.46,1895.59,1884.81,1888.06,4287.316949
2026-07-23 17:00:00+00:00,1888.09,1892.3,1871.77,1878.42,4406.303008
2026-07-23 18:00:00+00:00,1878.42,1884.52,1876.0,1881.18,2365.372704
2026-07-23 19:00:00+00:00,1881.2,1883.5,1867.04,1875.4,2914.629241
2026-07-23 20:00:00+00:00,1875.64,1889.16,1874.64,1885.99,2388.056066
2026-07-23 21:00:00+00:00,1886.0,1889.16,1880.76,1882.59,1610.960364
2026-07-23 22:00:00+00:00,1882.59,1883.95,1874.26,1883.37,2091.359994
2026-07-23 23:00:00+00:00,1883.45,1884.59,1875.5,1878.27,1196.544383
2026-07-24 00:00:00+00:00,1878.35,1878.99,1859.51,1871.43,5637.994576
2026-07-24 01:00:00+00:00,1871.44,1877.64,1870.35,1872.78,1984.502817
2026-07-24 02:00:00+00:00,1872.78,1878.34,1864.79,1869.61,2224.870844
2026-07-24 03:00:00+00:00,1869.61,1881.45,1868.34,1880.74,2408.339784
2026-07-24 04:00:00+00:00,1880.74,1882.0,1874.89,1876.35,1446.035206
2026-07-24 05:00:00+00:00,1876.13,1882.14,1873.4,1880.96,2802.256884
2026-07-24 06:00:00+00:00,1880.96,1888.39,1878.74,1887.94,2609.344046
2026-07-24 07:00:00+00:00,1887.96,1909.68,1887.96,1896.06,12497.792709
2026-07-24 08:00:00+00:00,1896.09,1896.3,1886.55,1888.25,2655.174335
2026-07-24 09:00:00+00:00,1888.23,1889.57,1878.35,1888.12,3712.73698
2026-07-24 10:00:00+00:00,1888.13,1888.74,1880.38,1883.64,1316.68824
2026-07-24 11:00:00+00:00,1883.71,1884.5,1876.48,1883.85,3282.504341
2026-07-24 12:00:00+00:00,1883.84,1886.0,1872.0,1872.63,3860.558831
2026-07-24 13:00:00+00:00,1872.64,1875.34,1848.28,1858.06,14943.217229
2026-07-24 14:00:00+00:00,1857.96,1863.5,1847.77,1862.81,8945.464505
2026-07-24 15:00:00+00:00,1862.62,1869.32,1854.18,1861.94,7682.674812
2026-07-24 16:00:00+00:00,1861.95,1866.17,1853.61,1857.51,3316.557873
2026-07-24 17:00:00+00:00,1857.52,1866.56,1855.11,1866.56,2243.146764
2026-07-24 18:00:00+00:00,1866.56,1866.79,1858.65,1862.71,1200.332121
2026-07-24 19:00:00+00:00,1862.72,1864.82,1857.85,1863.91,1167.019192
2026-07-24 20:00:00+00:00,1863.92,1865.44,1858.39,1860.95,1308.886575
2026-07-24 21:00:00+00:00,1860.95,1861.9,1857.27,1857.67,1472.21701
2026-07-24 22:00:00+00:00,1857.69,1861.62,1856.79,1859.57,991.489618
2026-07-24 23:00:00+00:00,1859.57,1862.05,1859.0,1861.67,636.359571
2026-07-25 00:00:00+00:00,1861.64,1864.85,1856.98,1860.29,1988.098899
2026-07-25 01:00:00+00:00,1860.3,1863.65,1858.09,1860.09,1590.227505
2026-07-25 02:00:00+00:00,1860.1,1861.71,1858.34,1859.52,722.167624
2026-07-25 03:00:00+00:00,1859.52,1860.6,1855.88,1858.65,1162.811263
2026-07-25 04:00:00+00:00,1858.73,1862.5,1858.52,1861.29,610.197577
2026-07-25 05:00:00+00:00,1861.38,1862.95,1856.93,1858.57,1149.264128
2026-07-25 06:00:00+00:00,1858.56,1860.3,1854.6,1858.63,1030.581996
2026-07-25 07:00:00+00:00,1858.63,1858.74,1856.38,1856.4,2769.1942
2026-07-25 08:00:00+00:00,1856.41,1856.41,1851.46,1853.69,1342.507591
2026-07-25 09:00:00+00:00,1853.69,1858.99,1851.93,1858.44,656.470922
2026-07-25 10:00:00+00:00,1858.44,1859.38,1856.86,1858.83,921.423701
2026-07-25 11:00:00+00:00,1858.83,1860.13,1857.64,1857.84,513.594031
2026-07-25 12:00:00+00:00,1857.84,1860.55,1857.05,1860.47,865.135812
2026-07-25 13:00:00+00:00,1860.47,1872.4,1859.97,1867.34,2434.760335
2026-07-25 14:00:00+00:00,1867.42,1869.3,1865.17,1868.84,860.82006
2026-07-25 15:00:00+00:00,1868.84,1871.56,1867.1,1868.0,1050.256023
2026-07-25 16:00:00+00:00,1868.01,1871.13,1864.65,1868.21,1356.664138
2026-07-25 17:00:00+00:00,1868.21,1875.28,1868.19,1873.35,1660.402791
2026-07-25 18:00:00+00:00,1873.35,1877.34,1872.56,1875.6,1645.502057
2026-07-25 19:00:00+00:00,1875.61,1876.82,1874.35,1874.82,1100.064719
2026-07-25 20:00:00+00:00,1874.83,1875.05,1870.76,1872.26,514.694192
2026-07-25 21:00:00+00:00,1872.26,1875.63,1867.96,1872.63,1116.840741
2026-07-25 22:00:00+00:00,1872.66,1876.95,1872.37,1875.95,559.641061
2026-07-25 23:00:00+00:00,1875.98,1876.28,1873.41,1874.79,364.544083
2026-07-26 00:00:00+00:00,1874.8,1881.72,1873.9,1881.13,1025.375858
2026-07-26 01:00:00+00:00,1881.13,1882.31,1878.14,1878.84,777.575298
2026-07-26 02:00:00+00:00,1878.85,1881.69,1876.97,1880.82,602.238065
2026-07-26 03:00:00+00:00,1880.82,1884.34,1879.17,1882.42,876.1837
2026-07-26 04:00:00+00:00,1882.42,1889.41,1880.4,1886.33,1688.023236
2026-07-26 05:00:00+00:00,1886.34,1887.5,1882.42,1883.18,1173.494851
2026-07-26 06:00:00+00:00,1883.28,1885.4,1878.44,1884.78,1188.5416
2026-07-26 07:00:00+00:00,1884.9,1886.35,1880.36,1881.44,1547.556795
2026-07-26 08:00:00+00:00,1881.61,1882.54,1878.83,1881.48,703.21149
2026-07-26 09:00:00+00:00,1881.48,1885.79,1881.44,1883.86,603.564655
2026-07-26 10:00:00+00:00,1883.88,1887.7,1882.34,1886.13,661.560475
2026-07-26 11:00:00+00:00,1886.02,1887.71,1884.43,1885.72,910.453745
2026-07-26 12:00:00+00:00,1885.72,1893.85,1885.42,1886.35,1755.239611
2026-07-26 13:00:00+00:00,1886.35,1888.87,1881.99,1886.78,1589.345696
2026-07-26 14:00:00+00:00,1886.78,1900.0,1886.64,1898.79,3550.857562
2026-07-26 15:00:00+00:00,1898.79,1917.35,1898.01,1914.49,6901.485937
2026-07-26 16:00:00+00:00,1914.59,1928.0,1908.74,1916.28,7397.476475
2026-07-26 17:00:00+00:00,1916.17,1917.79,1911.1,1911.18,1891.16946
2026-07-26 18:00:00+00:00,1911.23,1916.59,1911.12,1914.65,1002.550855
2026-07-26 19:00:00+00:00,1914.66,1916.15,1912.1,1914.34,548.235073
2026-07-26 20:00:00+00:00,1914.37,1914.83,1911.5,1913.69,664.778549
2026-07-26 21:00:00+00:00,1913.69,1930.62,1913.68,1926.13,2906.078621
2026-07-26 22:00:00+00:00,1926.15,1952.58,1926.15,1949.85,10710.873637
2026-07-26 23:00:00+00:00,1949.84,1967.38,1945.31,1954.92,10921.511057
2026-07-27 00:00:00+00:00,1954.93,1955.58,1939.54,1942.46,4731.18785
2026-07-27 01:00:00+00:00,1942.47,1948.44,1936.41,1948.25,3533.546255
2026-07-27 02:00:00+00:00,1948.3,1949.24,1941.84,1943.35,2744.576774
2026-07-27 03:00:00+00:00,1943.36,1950.94,1942.74,1949.64,2019.926803
2026-07-27 04:00:00+00:00,1949.64,1962.6,1948.64,1953.39,5416.387222
2026-07-27 05:00:00+00:00,1953.51,1970.0,1952.64,1965.59,4792.112067
2026-07-27 06:00:00+00:00,1965.59,1981.26,1963.67,1968.46,13709.524757
2026-07-27 07:00:00+00:00,1968.45,1971.59,1960.99,1964.4,6222.587523
2026-07-27 08:00:00+00:00,1964.45,1968.87,1961.85,1964.28,3595.9517
2026-07-27 09:00:00+00:00,1964.18,1968.18,1956.7,1965.31,3878.855747
2026-07-27 10:00:00+00:00,1965.2,1972.0,1963.76,1967.55,4357.087187
2026-07-27 11:00:00+00:00,1967.55,1967.65,1958.3,1959.8,2748.461247
2026-07-27 12:00:00+00:00,1959.81,1964.55,1943.0,1957.7,5924.277484
2026-07-27 13:00:00+00:00,1957.65,1977.9,1950.7,1961.14,8960.665781
2026-07-27 14:00:00+00:00,1961.15,1966.65,1918.8,1932.55,16695.408245
2026-07-27 15:00:00+00:00,1932.58,1937.87,1924.78,1927.68,3851.630517
2026-07-27 16:00:00+00:00,1927.88,1946.95,1922.8,1940.81,4400.460664
2026-07-27 17:00:00+00:00,1940.69,1946.39,1935.32,1943.77,4601.732247
2026-07-27 18:00:00+00:00,1943.72,1944.64,1929.29,1939.12,4165.824952
2026-07-27 19:00:00+00:00,1939.3,1955.45,1937.6,1948.31,2896.531659
2026-07-27 20:00:00+00:00,1948.46,1950.74,1943.47,1946.92,1070.984635
2026-07-27 21:00:00+00:00,1946.91,1950.29,1940.35,1942.02,1316.225303
2026-07-27 22:00:00+00:00,1942.04,1942.04,1892.12,1893.66,10387.899628
2026-07-27 23:00:00+00:00,1893.67,1896.14,1882.27,1892.6,7869.117917
2026-07-28 00:00:00+00:00,1892.57,1894.4,1876.9,1878.75,5544.606991
2026-07-28 01:00:00+00:00,1878.68,1882.66,1866.59,1875.89,8057.932813
2026-07-28 02:00:00+00:00,1875.91,1880.35,1872.39,1875.7,4845.727182
2026-07-28 03:00:00+00:00,1875.67,1883.28,1872.81,1881.35,3037.88122
2026-07-28 04:00:00+00:00,1881.33,1882.73,1876.45,1879.19,2237.650132
2026-07-28 05:00:00+00:00,1879.2,1889.57,1878.36,1883.26,3086.584823
2026-07-28 06:00:00+00:00,1883.26,1888.51,1878.57,1888.51,1990.148913
2026-07-28 07:00:00+00:00,1888.51,1889.02,1880.66,1883.97,3719.417509
2026-07-28 08:00:00+00:00,1883.97,1885.7,1880.3,1884.59,2312.280769
2026-07-28 09:00:00+00:00,1884.58,1885.0,1874.66,1876.41,3786.334578
2026-07-28 10:00:00+00:00,1876.41,1881.02,1873.74,1878.66,2618.067385
2026-07-28 11:00:00+00:00,1878.67,1881.97,1872.0,1876.67,3785.117751
2026-07-28 12:00:00+00:00,1876.68,1893.33,1874.48,1892.3,4895.748806
2026-07-28 13:00:00+00:00,1892.3,1896.07,1856.94,1874.08,12701.83988
2026-07-28 14:00:00+00:00,1873.94,1893.33,1867.44,1888.79,8770.995781
2026-07-28 15:00:00+00:00,1888.8,1924.42,1884.41,1919.99,14016.530742
2026-07-28 16:00:00+00:00,1920.0,1929.0,1914.5,1925.54,5788.443317
2026-07-28 17:00:00+00:00,1925.62,1925.62,1892.98,1901.64,8725.585721
2026-07-28 18:00:00+00:00,1901.67,1914.98,1901.27,1911.19,2422.086424
2026-07-28 19:00:00+00:00,1911.23,1922.32,1911.11,1922.2,2308.720826
2026-07-28 20:00:00+00:00,1922.2,1923.8,1916.31,1918.4,1711.479173
2026-07-28 21:00:00+00:00,1918.39,1930.0,1918.28,1924.0,1608.734436
2026-07-28 22:00:00+00:00,1924.02,1927.39,1910.06,1911.83,2165.207177
2026-07-28 23:00:00+00:00,1911.8,1923.32,1904.11,1922.14,2849.783034
2026-07-29 00:00:00+00:00,1922.01,1929.0,1916.87,1917.23,4338.591112
2026-07-29 01:00:00+00:00,1917.21,1918.09,1904.9,1905.66,2774.945834
2026-07-29 02:00:00+00:00,1905.48,1919.48,1901.08,1911.03,5643.907571
2026-07-29 03:00:00+00:00,1911.02,1913.07,1891.16,1892.79,3402.469436
2026-07-29 04:00:00+00:00,1892.86,1906.44,1884.11,1905.36,5209.05315
2026-07-29 05:00:00+00:00,1905.5,1915.23,1903.61,1912.5,2453.588522
2026-07-29 06:00:00+00:00,1912.5,1921.77,1908.93,1920.11,3271.348459
2026-07-29 07:00:00+00:00,1920.13,1925.2,1913.98,1924.4,4641.935081
2026-07-29 08:00:00+00:00,1924.49,1925.06,1911.92,1915.23,2135.132626
2026-07-29 09:00:00+00:00,1915.14,1924.53,1914.91,1922.36,2009.185478
2026-07-29 10:00:00+00:00,1922.21,1922.59,1910.25,1912.05,2552.101274
2026-07-29 11:00:00+00:00,1912.02,1916.94,1910.2,1915.21,1319.430426
2026-07-29 12:00:00+00:00,1915.2,1915.2,1903.0,1905.37,2326.905075
2026-07-29 13:00:00+00:00,1905.35,1911.51,1895.29,1909.22,4639.465046
2026-07-29 14:00:00+00:00,1909.23,1911.47,1891.33,1895.15,5855.830605
2026-07-29 15:00:00+00:00,1895.31,1899.04,1887.45,1892.1,4642.732884
2026-07-29 16:00:00+00:00,1892.1,1900.01,1887.8,1895.45,2811.076564
2026-07-29 17:00:00+00:00,1895.5,1917.05,1894.66,1916.25,6083.60128
2026-07-29 18:00:00+00:00,1916.25,1935.96,1894.43,1920.55,18384.347866
2026-07-29 19:00:00+00:00,1920.58,1922.9,1884.0,1888.67,9991.660164
2026-07-29 20:00:00+00:00,1888.8,1891.91,1878.38,1884.24,6556.021833
2026-07-29 21:00:00+00:00,1884.21,1898.53,1874.0,1898.53,5641.45541
2026-07-29 22:00:00+00:00,1898.53,1911.5,1898.16,1907.14,3938.998902
2026-07-29 23:00:00+00:00,1907.15,1913.07,1902.53,1910.62,2342.28618
2026-07-30 00:00:00+00:00,1910.61,1914.82,1894.0,1898.34,3348.930758
2026-07-30 01:00:00+00:00,1898.36,1921.42,1897.45,1916.8,6439.275653
2026-07-30 02:00:00+00:00,1916.85,1920.0,1910.45,1911.25,2380.493506
2026-07-30 03:00:00+00:00,1911.27,1915.13,1907.0,1910.2,1562.194762
2026-07-30 04:00:00+00:00,1910.27,1911.01,1901.58,1902.31,2366.014452
2026-07-30 05:00:00+00:00,1902.31,1909.5,1900.38,1906.46,4484.186119
2026-07-30 06:00:00+00:00,1906.41,1906.86,1899.76,1901.27,4034.989556
2026-07-30 07:00:00+00:00,1901.26,1908.0,1900.46,1903.3,2355.149575
2026-07-30 08:00:00+00:00,1903.48,1917.76,1900.47,1915.01,2536.862784
2026-07-30 09:00:00+00:00,1915.03,1924.53,1914.08,1918.24,3163.090771
2026-07-30 10:00:00+00:00,1918.24,1921.86,1916.46,1918.21,1695.979976
2026-07-30 11:00:00+00:00,1918.2,1926.62,1916.42,1923.27,3008.731221
2026-07-30 12:00:00+00:00,1923.15,1927.58,1920.0,1925.21,3089.602122
2026-07-30 13:00:00+00:00,1925.21,1937.05,1917.23,1929.73,7185.424485
2026-07-30 14:00:00+00:00,1929.71,1930.39,1913.68,1917.65,6108.437883
2026-07-30 15:00:00+00:00,1917.7,1924.35,1914.9,1919.15,2028.677521
2026-07-30 16:00:00+00:00,1919.03,1926.15,1916.3,1919.39,2063.792986
2026-07-30 17:00:00+00:00,1919.43,1925.31,1916.32,1920.84,1297.219389
2026-07-30 18:00:00+00:00,1920.84,1922.92,1914.98,1916.24,2475.021375
2026-07-30 19:00:00+00:00,1916.25,1929.97,1916.05,1923.9,1929.416779
2026-07-30 20:00:00+00:00,1923.91,1927.49,1920.12,1921.72,1616.968665
2026-07-30 21:00:00+00:00,1921.73,1924.52,1917.49,1918.65,1097.032101
2026-07-30 22:00:00+00:00,1918.65,1933.33,1916.33,1925.61,2953.543547
2026-07-30 23:00:00+00:00,1925.61,1936.7,1918.1,1918.65,4894.960835
2026-07-31 00:00:00+00:00,1918.66,1922.37,1915.2,1917.35,2917.568233
2026-07-31 01:00:00+00:00,1917.03,1936.24,1907.0,1910.32,7836.426494
2026-07-31 02:00:00+00:00,1910.36,1912.31,1901.92,1904.26,3320.964368
2026-07-31 03:00:00+00:00,1904.26,1911.66,1899.22,1908.8,3242.656013
2026-07-31 04:00:00+00:00,1908.8,1909.53,1903.37,1905.91,1261.347341
2026-07-31 05:00:00+00:00,1905.92,1909.24,1901.62,1906.45,1397.553847
2026-07-31 06:00:00+00:00,1906.45,1911.29,1900.35,1902.61,1652.590388
2026-07-31 07:00:00+00:00,1902.6,1902.79,1884.41,1890.35,5934.055254
2026-07-31 08:00:00+00:00,1890.34,1893.27,1888.47,1890.56,3312.531532
2026-07-31 09:00:00+00:00,1890.57,1891.33,1881.48,1883.81,2652.037219
2026-07-31 10:00:00+00:00,1883.86,1890.3,1877.9,1887.14,3236.059869
2026-07-31 11:00:00+00:00,1887.14,1890.02,1882.52,1884.71,1235.739092
2026-07-31 12:00:00+00:00,1884.67,1884.98,1873.49,1882.96,4051.267363
2026-07-31 13:00:00+00:00,1882.96,1890.49,1865.0,1867.3,7864.857688
2026-07-31 14:00:00+00:00,1867.21,1870.73,1848.73,1860.24,17768.316099
2026-07-31 15:00:00+00:00,1860.24,1866.5,1854.86,1863.16,3735.28959
2026-07-31 16:00:00+00:00,1863.16,1867.33,1861.04,1864.73,2014.973792
2026-07-31 17:00:00+00:00,1864.72,1878.31,1863.54,1875.05,2579.314549
2026-07-31 18:00:00+00:00,1875.04,1876.85,1865.01,1871.83,1616.18709
2026-07-31 19:00:00+00:00,1871.82,1873.97,1865.53,1868.17,1540.586581
2026-07-31 20:00:00+00:00,1868.41,1870.8,1861.63,1862.42,1529.835925
2026-07-31 21:00:00+00:00,1862.42,1864.99,1859.54,1861.9,1300.849613
2026-07-31 22:00:00+00:00,1861.91,1865.52,1858.7,1861.41,1288.245819
2026-07-31 23:00:00+00:00,1861.41,1864.9,1861.17,1862.59,611.30485
2026-08-01 00:00:00+00:00,1862.74,1867.68,1862.56,1864.85,873.445169
2026-08-01 01:00:00+00:00,1864.86,1867.62,1864.85,1866.99,942.942306
2026-08-01 02:00:00+00:00,1867.0,1869.94,1866.4,1868.32,1273.091898
2026-08-01 03:00:00+00:00,1868.33,1869.98,1866.48,1869.97,642.029269
2026-08-01 04:00:00+00:00,1869.98,1870.51,1868.02,1869.68,1424.830993
2026-08-01 05:00:00+00:00,1869.69,1871.15,1865.39,1867.7,1804.100379
2026-08-01 06:00:00+00:00,1867.71,1870.97,1866.41,1870.47,832.802834
2026-08-01 07:00:00+00:00,1870.47,1871.9,1868.3,1870.08,2309.394125
2026-08-01 08:00:00+00:00,1870.09,1870.3,1867.46,1869.21,1520.26314
2026-08-01 09:00:00+00:00,1869.21,1870.79,1867.57,1867.92,626.831655
2026-08-01 10:00:00+00:00,1867.96,1869.14,1863.15,1867.36,1235.236471
2026-08-01 11:00:00+00:00,1867.4,1867.86,1866.0,1866.98,475.769525
2026-08-01 12:00:00+00:00,1866.99,1870.0,1866.99,1869.01,754.821894
2026-08-01 13:00:00+00:00,1869.01,1869.66,1867.42,1869.26,312.690421
2026-08-01 14:00:00+00:00,1869.3,1875.3,1869.3,1874.98,1720.057817
2026-08-01 15:00:00+00:00,1874.99,1875.7,1870.21,1870.21,646.713187
2026-08-01 16:00:00+00:00,1870.21,1873.74,1866.54,1868.82,731.715627
2026-08-01 17:00:00+00:00,1868.82,1870.26,1857.55,1862.08,2008.017962
2026-08-01 18:00:00+00:00,1862.08,1862.88,1821.91,1836.7,15739.788837
2026-08-01 19:00:00+00:00,1836.65,1840.54,1834.15,1837.05,2137.442598
2026-08-01 20:00:00+00:00,1837.05,1840.47,1833.09,1838.3,1907.290598
2026-08-01 21:00:00+00:00,1838.3,1845.87,1836.37,1845.81,2355.889766
2026-08-01 22:00:00+00:00,1845.87,1849.19,1844.77,1847.41,903.314795
2026-08-01 23:00:00+00:00,1847.42,1849.02,1843.0,1845.01,923.356632
2026-08-02 00:00:00+00:00,1845.01,1849.73,1843.9,1846.73,1486.929147
2026-08-02 01:00:00+00:00,1846.81,1859.5,1846.81,1856.98,3429.321816
2026-08-02 02:00:00+00:00,1856.98,1884.56,1856.28,1876.97,7989.256662
2026-08-02 03:00:00+00:00,1876.98,1880.22,1874.76,1877.63,2230.487533
2026-08-02 04:00:00+00:00,1877.48,1882.48,1877.48,1881.05,1687.048749
2026-08-02 05:00:00+00:00,1880.86,1882.5,1875.17,1876.39,1603.752226
2026-08-02 06:00:00+00:00,1876.39,1879.4,1875.11,1877.59,1169.799129
2026-08-02 07:00:00+00:00,1877.6,1878.79,1875.49,1875.99,831.834192
2026-08-02 08:00:00+00:00,1875.99,1879.0,1867.09,1868.14,1552.719038
2026-08-02 09:00:00+00:00,1868.14,1873.04,1862.61,1870.99,1069.182549
2026-08-02 10:00:00+00:00,1870.99,1871.18,1865.5,1868.59,935.284835
2026-08-02 11:00:00+00:00,1868.6,1869.76,1849.79,1852.73,4085.576606
2026-08-02 12:00:00+00:00,1852.77,1860.76,1852.38,1856.96,1602.77416
2026-08-02 13:00:00+00:00,1856.97,1858.28,1852.42,1855.05,1056.619302
2026-08-02 14:00:00+00:00,1855.05,1859.86,1852.42,1855.0,1172.941234
2026-08-02 15:00:00+00:00,1855.0,1863.59,1853.9,1858.72,1083.346276
2026-08-02 16:00:00+00:00,1858.73,1866.1,1856.13,1863.28,1318.698585
2026-08-02 17:00:00+00:00,1863.28,1870.49,1862.31,1868.84,1500.600033
2026-08-02 18:00:00+00:00,1868.86,1887.58,1868.58,1876.02,5252.182065
2026-08-02 19:00:00+00:00,1876.02,1884.0,1874.87,1882.34,1887.602612
2026-08-02 20:00:00+00:00,1882.35,1885.68,1879.84,1883.73,966.783861
2026-08-02 21:00:00+00:00,1883.73,1898.84,1882.09,1890.52,4264.159436
2026-08-02 22:00:00+00:00,1890.52,1897.84,1880.13,1882.12,3848.265901
2026-08-02 23:00:00+00:00,1882.11,1885.67,1876.61,1885.24,1690.219005
2026-08-03 00:00:00+00:00,1885.25,1885.9,1871.35,1873.83,2198.804539
2026-08-03 01:00:00+00:00,1873.92,1875.43,1866.0,1867.15,1893.577781
2026-08-03 02:00:00+00:00,1867.15,1872.06,1862.91,1864.2,2247.635022
2026-08-03 03:00:00+00:00,1864.19,1865.87,1851.4,1857.04,3075.814172
2026-08-03 04:00:00+00:00,1857.04,1863.28,1854.78,1855.0,2371.931274
2026-08-03 05:00:00+00:00,1855.01,1860.74,1853.74,1859.98,1261.816645
2026-08-03 06:00:00+00:00,1859.93,1861.24,1846.66,1849.26,2946.317884
2026-08-03 07:00:00+00:00,1849.26,1849.98,1840.21,1844.23,4839.68171
2026-08-03 08:00:00+00:00,1844.22,1845.86,1828.81,1840.5,5391.615482
2026-08-03 09:00:00+00:00,1840.5,1854.04,1839.31,1852.57,2647.491763
2026-08-03 10:00:00+00:00,1852.57,1854.45,1841.12,1846.39,2397.805097
2026-08-03 11:00:00+00:00,1846.4,1848.08,1838.61,1839.77,2461.746791
2026-08-03 12:00:00+00:00,1839.78,1845.66,1836.71,1844.0,1999.290234
2026-08-03 13:00:00+00:00,1844.0,1860.51,1838.58,1859.1,5356.853256
2026-08-03 14:00:00+00:00,1859.2,1874.47,1851.52,1873.56,6683.030763
2026-08-03 15:00:00+00:00,1873.56,1874.15,1860.44,1863.46,3953.23951
2026-08-03 16:00:00+00:00,1863.47,1872.32,1861.68,1866.35,1846.784881
2026-08-03 17:00:00+00:00,1866.36,1874.86,1863.48,1868.89,2111.129164
2026-08-03 18:00:00+00:00,1868.77,1873.99,1866.71,1869.01,1359.331408
2026-08-03 19:00:00+00:00,1869.01,1876.65,1868.25,1870.08,1170.140278
2026-08-03 20:00:00+00:00,1870.08,1875.96,1866.72,1868.92,1680.459489
2026-08-03 21:00:00+00:00,1868.92,1869.23,1863.51,1863.54,1306.769705
2026-08-03 22:00:00+00:00,1863.54,1866.12,1852.0,1860.44,2423.775757
2026-08-03 23:00:00+00:00,1860.44,1860.68,1856.3,1860.64,612.348967
2026-08-04 00:00:00+00:00,1860.65,1863.23,1848.63,1851.46,2304.325323
2026-08-04 01:00:00+00:00,1851.24,1869.62,1849.35,1867.62,2384.674149
2026-08-04 02:00:00+00:00,1867.62,1872.2,1862.01,1866.08,1404.809198
2026-08-04 03:00:00+00:00,1866.08,1867.13,1858.53,1864.32,1118.612895
2026-08-04 04:00:00+00:00,1864.33,1874.85,1862.17,1868.11,1677.961243
2026-08-04 05:00:00+00:00,1868.12,1870.93,1864.5,1864.68,820.428378
2026-08-04 06:00:00+00:00,1864.69,1869.72,1854.89,1857.27,2879.541474
2026-08-04 07:00:00+00:00,1857.28,1864.99,1853.67,1864.01,3111.518169
2026-08-04 08:00:00+00:00,1864.01,1865.9,1856.79,1857.91,1576.758502
2026-08-04 09:00:00+00:00,1857.91,1859.13,1854.09,1858.93,708.628311
2026-08-04 10:00:00+00:00,1858.93,1872.84,1854.08,1866.89,1748.842135
2026-08-04 11:00:00+00:00,1867.03,1874.73,1866.12,1872.68,1406.35323
2026-08-04 12:00:00+00:00,1872.67,1882.0,1867.77,1875.17,2910.274355
2026-08-04 13:00:00+00:00,1875.09,1877.6,1860.15,1861.98,4080.64046
2026-08-04 14:00:00+00:00,1861.99,1875.56,1858.74,1873.14,3826.701685
2026-08-04 15:00:00+00:00,1873.14,1877.96,1862.1,1873.08,3707.302087
2026-08-04 16:00:00+00:00,1873.08,1874.21,1865.81,1869.93,1321.388262
2026-08-04 17:00:00+00:00,1869.93,1877.68,1867.07,1869.65,1702.815228
2026-08-04 18:00:00+00:00,1869.56,1880.8,1869.29,1875.24,2324.770282
2026-08-04 19:00:00+00:00,1875.23,1882.24,1874.01,1875.08,1742.377871
2026-08-04 20:00:00+00:00,1875.12,1879.7,1866.17,1876.52,1944.166881
2026-08-04 21:00:00+00:00,1876.52,1876.61,1872.0,1872.22,2387.567006
2026-08-04 22:00:00+00:00,1872.19,1876.92,1868.4,1875.79,1220.516288
2026-08-04 23:00:00+00:00,1875.8,1881.5,1869.12,1869.83,1640.139314
2026-08-05 00:00:00+00:00,1869.83,1873.76,1863.34,1864.06,1480.248901
2026-08-05 01:00:00+00:00,1864.07,1874.46,1861.49,1873.43,938.586188
2026-08-05 02:00:00+00:00,1873.41,1878.03,1872.27,1874.51,1373.099589
2026-08-05 03:00:00+00:00,1874.51,1876.29,1864.16,1868.0,2323.349628
2026-08-05 04:00:00+00:00,1868.03,1869.79,1865.05,1867.6,631.381602
2026-08-05 05:00:00+00:00,1867.6,1877.93,1867.5,1873.36,1808.520579
2026-08-05 06:00:00+00:00,1873.35,1873.76,1868.33,1869.93,773.68193
2026-08-05 07:00:00+00:00,1870.0,1872.71,1863.32,1872.71,2527.914961
2026-08-05 08:00:00+00:00,1872.7,1874.82,1867.91,1869.93,1337.000359
2026-08-05 09:00:00+00:00,1869.94,1874.86,1868.86,1871.92,1329.638726
2026-08-05 10:00:00+00:00,1871.93,1876.17,1865.81,1868.41,1585.123179
2026-08-05 11:00:00+00:00,1868.44,1871.17,1867.28,1868.86,768.676113
2026-08-05 12:00:00+00:00,1868.95,1885.29,1867.71,1876.1,3961.031425
2026-08-05 13:00:00+00:00,1876.1,1879.59,1855.4,1878.66,7531.58265
2026-08-05 14:00:00+00:00,1878.65,1883.0,1869.33,1875.84,3555.438184
2026-08-05 15:00:00+00:00,1875.89,1882.6,1872.9,1873.71,2532.37994
2026-08-05 16:00:00+00:00,1873.71,1897.31,1873.5,1895.81,6320.9734
2026-08-05 17:00:00+00:00,1895.84,1917.99,1890.9,1917.03,9139.974584
2026-08-05 18:00:00+00:00,1916.73,1928.1,1914.01,1918.11,10444.730684
2026-08-05 19:00:00+00:00,1918.02,1921.23,1915.8,1917.02,2004.196045
2026-08-05 20:00:00+00:00,1917.03,1924.76,1916.72,1917.1,2474.292991
2026-08-05 21:00:00+00:00,1917.11,1917.54,1907.14,1908.78,2609.294567
2026-08-05 22:00:00+00:00,1908.79,1913.51,1906.75,1907.03,1262.476429
2026-08-05 23:00:00+00:00,1907.02,1912.45,1904.66,1909.18,1367.508316
2026-08-06 00:00:00+00:00,1909.23,1913.99,1907.31,1910.45,1909.759411
2026-08-06 01:00:00+00:00,1910.45,1911.32,1903.58,1906.94,1775.39451
2026-08-06 02:00:00+00:00,1906.95,1910.99,1895.23,1899.35,4166.465282
2026-08-06 03:00:00+00:00,1899.4,1899.68,1895.52,1898.91,1074.53254
2026-08-06 04:00:00+00:00,1898.91,1908.31,1895.63,1907.82,2527.436314
2026-08-06 05:00:00+00:00,1907.87,1918.61,1907.39,1914.29,3235.497545
2026-08-06 06:00:00+00:00,1914.29,1914.79,1909.55,1913.69,1206.241546
2026-08-06 07:00:00+00:00,1913.7,1915.35,1907.57,1909.27,2775.990471
2026-08-06 08:00:00+00:00,1909.27,1920.0,1908.5,1916.39,2428.735235
2026-08-06 09:00:00+00:00,1916.39,1916.93,1905.0,1907.97,2714.389778
2026-08-06 10:00:00+00:00,1907.98,1907.98,1901.63,1902.79,1579.026099
2026-08-06 11:00:00+00:00,1902.8,1909.28,1897.0,1907.79,4665.129786
2026-08-06 12:00:00+00:00,1907.8,1908.19,1899.07,1899.14,2299.524775
2026-08-06 13:00:00+00:00,1899.16,1911.41,1892.42,1907.43,4828.245403
2026-08-06 14:00:00+00:00,1907.68,1918.7,1903.49,1914.97,4084.403324
2026-08-06 15:00:00+00:00,1914.98,1919.8,1910.39,1910.86,3364.620281
2026-08-06 16:00:00+00:00,1910.87,1916.77,1908.59,1915.64,1484.252754
2026-08-06 17:00:00+00:00,1915.75,1918.51,1910.55,1914.06,1144.266925
2026-08-06 18:00:00+00:00,1914.15,1914.4,1904.17,1906.17,1581.659902
2026-08-06 19:00:00+00:00,1906.43,1911.21,1906.0,1909.94,703.156638
2026-08-06 20:00:00+00:00,1909.84,1910.98,1906.03,1907.09,582.790517
2026-08-06 21:00:00+00:00,1907.11,1909.75,1905.99,1906.26,906.634646
2026-08-06 22:00:00+00:00,1906.27,1907.6,1902.56,1905.19,728.847576
2026-08-06 23:00:00+00:00,1905.16,1905.94,1898.86,1904.13,1015.268514
2026-08-07 00:00:00+00:00,1904.13,1905.57,1900.0,1903.95,902.02377
2026-08-07 01:00:00+00:00,1903.98,1907.76,1899.14,1903.63,1224.968217
2026-08-07 02:00:00+00:00,1903.6,1908.65,1897.78,1902.73,1763.624532
2026-08-07 03:00:00+00:00,1902.83,1903.95,1896.3,1897.53,1361.033499
2026-08-07 04:00:00+00:00,1897.54,1900.8,1894.54,1897.48,1451.617998
2026-08-07 05:00:00+00:00,1897.49,1902.49,1895.57,1901.59,4677.211903
2026-08-07 06:00:00+00:00,1901.6,1907.5,1900.2,1904.58,1759.951019
2026-08-07 07:00:00+00:00,1904.57,1907.36,1902.44,1902.44,1212.13613
2026-08-07 08:00:00+00:00,1902.44,1914.44,1901.9,1910.73,2537.025072
2026-08-07 09:00:00+00:00,1910.74,1917.5,1910.45,1913.25,3135.622523
2026-08-07 10:00:00+00:00,1913.21,1916.0,1912.53,1912.87,1372.800247
2026-08-07 11:00:00+00:00,1912.89,1921.2,1912.64,1916.34,2193.814505
2026-08-07 12:00:00+00:00,1916.35,1943.6,1916.35,1932.25,14344.267383
2026-08-07 13:00:00+00:00,1932.25,1935.12,1921.76,1923.38,3993.175408
2026-08-07 14:00:00+00:00,1923.38,1926.49,1910.71,1913.81,7798.688654
2026-08-07 15:00:00+00:00,1914.0,1921.0,1913.11,1917.8,1746.711526
2026-08-07 16:00:00+00:00,1918.0,1925.0,1909.69,1909.69,2860.901072
2026-08-07 17:00:00+00:00,1909.69,1913.21,1905.3,1912.63,3423.950167
2026-08-07 18:00:00+00:00,1912.54,1915.49,1906.38,1909.94,1014.854278
2026-08-07 19:00:00+00:00,1909.95,1920.35,1909.95,1918.9,2611.809365
2026-08-07 20:00:00+00:00,1918.84,1920.42,1914.37,1915.0,485.994911
2026-08-07 21:00:00+00:00,1915.0,1929.41,1912.94,1916.74,6029.601037
2026-08-07 22:00:00+00:00,1916.74,1916.78,1913.85,1915.1,608.810654
2026-08-07 23:00:00+00:00,1915.1,1916.59,1914.07,1914.08,427.213133
2026-08-08 00:00:00+00:00,1914.08,1914.99,1912.44,1914.46,618.282904
2026-08-08 01:00:00+00:00,1914.51,1916.55,1914.13,1914.82,1003.408444
2026-08-08 02:00:00+00:00,1914.82,1914.82,1912.44,1913.31,767.972236
2026-08-08 03:00:00+00:00,1913.31,1919.4,1913.31,1918.05,737.557734
2026-08-08 04:00:00+00:00,1918.05,1919.58,1916.42,1917.06,654.21672
2026-08-08 05:00:00+00:00,1917.06,1918.98,1915.6,1917.55,598.151306
2026-08-08 06:00:00+00:00,1917.56,1917.98,1916.27,1916.59,392.3138
2026-08-08 07:00:00+00:00,1916.59,1916.95,1914.06,1915.21,465.574138
2026-08-08 08:00:00+00:00,1915.22,1917.9,1914.77,1916.96,487.406004
2026-08-08 09:00:00+00:00,1916.96,1923.3,1916.16,1918.9,1800.549114
2026-08-08 10:00:00+00:00,1918.9,1922.75,1918.89,1921.09,702.900767
2026-08-08 11:00:00+00:00,1921.09,1923.53,1919.08,1920.75,646.995379
2026-08-08 12:00:00+00:00,1920.75,1922.59,1918.48,1919.17,731.431318
2026-08-08 13:00:00+00:00,1919.17,1920.48,1918.51,1920.15,284.868933
2026-08-08 14:00:00+00:00,1920.16,1926.58,1920.15,1923.76,1412.831281
2026-08-08 15:00:00+00:00,1923.77,1924.4,1921.3,1922.61,660.689739
2026-08-08 16:00:00+00:00,1922.61,1924.8,1921.48,1922.45,367.11411
2026-08-08 17:00:00+00:00,1922.46,1926.26,1922.08,1923.81,546.625264
2026-08-08 18:00:00+00:00,1923.81,1923.81,1919.71,1921.31,746.419413
2026-08-08 19:00:00+00:00,1921.31,1921.85,1919.51,1920.59,550.571407
2026-08-08 20:00:00+00:00,1920.59,1921.33,1919.86,1920.34,187.105196
2026-08-08 21:00:00+00:00,1920.34,1922.62,1920.22,1920.95,407.414471
2026-08-08 22:00:00+00:00,1920.96,1921.65,1916.33,1916.87,442.543889
2026-08-08 23:00:00+00:00,1916.87,1919.15,1914.87,1917.07,497.458804
2026-08-09 00:00:00+00:00,1917.08,1918.83,1916.37,1918.14,591.813464
2026-08-09 01:00:00+00:00,1918.14,1920.41,1913.53,1916.37,1503.108342
2026-08-09 02:00:00+00:00,1916.36,1917.09,1913.77,1915.02,419.050401
2026-08-09 03:00:00+00:00,1915.02,1915.07,1912.41,1914.16,680.594704
2026-08-09 04:00:00+00:00,1914.17,1916.17,1913.26,1913.5,703.092137
2026-08-09 05:00:00+00:00,1913.5,1915.4,1913.2,1914.85,490.987219
2026-08-09 06:00:00+00:00,1914.87,1919.65,1914.09,1919.38,1026.642742
2026-08-09 07:00:00+00:00,1919.38,1919.38,1917.23,1919.0,735.958582
2026-08-09 08:00:00+00:00,1919.0,1925.0,1914.08,1916.12,3169.779043
2026-08-09 09:00:00+00:00,1916.12,1922.0,1913.61,1922.0,1241.551819
2026-08-09 10:00:00+00:00,1921.64,1923.0,1919.24,1920.27,734.962392
2026-08-09 11:00:00+00:00,1920.28,1921.61,1918.5,1919.23,513.01119
2026-08-09 12:00:00+00:00,1919.24,1919.39,1916.39,1917.71,871.582733
2026-08-09 13:00:00+00:00,1917.71,1926.0,1917.55,1923.48,2451.217768
2026-08-09 14:00:00+00:00,1923.49,1926.58,1922.54,1925.09,1264.40206
2026-08-09 15:00:00+00:00,1925.1,1927.24,1924.03,1926.39,1313.588994
2026-08-09 16:00:00+00:00,1926.4,1927.08,1921.4,1924.13,703.635082
2026-08-09 17:00:00+00:00,1924.13,1924.8,1923.07,1923.1,1261.058734
2026-08-09 18:00:00+00:00,1923.1,1924.02,1920.33,1921.51,526.299993
2026-08-09 19:00:00+00:00,1921.52,1922.67,1921.31,1922.12,325.192453
2026-08-09 20:00:00+00:00,1922.11,1922.41,1918.08,1921.01,511.355292
2026-08-09 21:00:00+00:00,1921.02,1926.8,1920.0,1924.73,851.32016
2026-08-09 22:00:00+00:00,1924.74,1938.0,1915.12,1919.68,5508.33132
2026-08-09 23:00:00+00:00,1919.62,1920.78,1907.64,1910.78,3378.459681
2026-08-10 00:00:00+00:00,1910.77,1928.47,1906.24,1912.87,4485.598604
2026-08-10 01:00:00+00:00,1912.87,1931.27,1908.0,1925.35,3739.55135
2026-08-10 02:00:00+00:00,1925.36,1926.5,1913.09,1923.47,2437.141793
2026-08-10 03:00:00+00:00,1923.46,1924.7,1913.8,1917.6,2185.076488
2026-08-10 04:00:00+00:00,1917.56,1921.15,1912.63,1915.89,1317.133019
2026-08-10 05:00:00+00:00,1915.89,1925.0,1915.26,1923.38,1596.683357
2026-08-10 06:00:00+00:00,1923.38,1929.5,1923.1,1928.09,2387.144601
2026-08-10 07:00:00+00:00,1928.1,1930.95,1924.78,1925.38,2403.590098
2026-08-10 08:00:00+00:00,1925.38,1929.6,1923.3,1926.72,1655.202065
2026-08-10 09:00:00+00:00,1926.71,1927.28,1916.05,1916.6,1729.970604
2026-08-10 10:00:00+00:00,1916.6,1920.82,1916.29,1917.69,960.114078
2026-08-10 11:00:00+00:00,1917.78,1921.3,1914.82,1920.47,1467.228435
2026-08-10 12:00:00+00:00,1920.41,1923.29,1905.17,1906.12,4781.627449
2026-08-10 13:00:00+00:00,1906.13,1910.69,1894.39,1897.73,11941.096881
2026-08-10 14:00:00+00:00,1897.73,1902.84,1891.66,1893.64,6683.295812
2026-08-10 15:00:00+00:00,1893.63,1893.63,1871.42,1877.09,11807.899936
2026-08-10 16:00:00+00:00,1877.09,1878.93,1869.0,1872.47,5296.149591
2026-08-10 17:00:00+00:00,1872.5,1877.37,1868.69,1873.85,2384.709632
2026-08-10 18:00:00+00:00,1873.85,1875.41,1868.14,1872.87,2048.050853
2026-08-10 19:00:00+00:00,1872.81,1880.59,1872.1,1878.54,1916.177835
2026-08-10 20:00:00+00:00,1878.67,1881.36,1877.68,1879.87,865.171124
2026-08-10 21:00:00+00:00,1879.88,1879.88,1873.51,1874.52,1308.863215
2026-08-10 22:00:00+00:00,1874.52,1878.32,1872.2,1876.36,1027.19162
2026-08-10 23:00:00+00:00,1876.36,1876.36,1870.33,1873.19,1375.508023
2026-08-11 00:00:00+00:00,1873.19,1876.14,1870.92,1875.36,1014.2901
2026-08-11 01:00:00+00:00,1875.35,1878.73,1873.63,1878.13,1528.347159
2026-08-11 02:00:00+00:00,1878.04,1879.72,1877.31,1878.69,1169.127344
2026-08-11 03:00:00+00:00,1878.7,1881.74,1878.7,1880.99,815.124857
2026-08-11 04:00:00+00:00,1880.99,1881.99,1876.15,1876.16,1202.629784
2026-08-11 05:00:00+00:00,1876.16,1877.11,1872.24,1874.26,1090.317691
2026-08-11 06:00:00+00:00,1874.19,1875.36,1871.37,1874.51,1490.729312
2026-08-11 07:00:00+00:00,1874.5,1879.61,1870.77,1878.1,3176.88341
2026-08-11 08:00:00+00:00,1878.1,1880.52,1875.6,1879.31,932.720716
2026-08-11 09:00:00+00:00,1879.3,1885.45,1877.51,1885.4,1591.866857
2026-08-11 10:00:00+00:00,1885.43,1889.0,1882.82,1886.32,2982.872848
2026-08-11 11:00:00+00:00,1886.32,1895.61,1886.26,1893.15,3402.934736
2026-08-11 12:00:00+00:00,1893.16,1897.99,1887.4,1887.88,2858.369213
2026-08-11 13:00:00+00:00,1887.83,1892.67,1883.29,1890.24,2433.491762
2026-08-11 14:00:00+00:00,1890.11,1891.7,1870.33,1873.67,4502.974603
2026-08-11 15:00:00+00:00,1873.66,1877.88,1853.76,1862.75,9418.193508
2026-08-11 16:00:00+00:00,1862.9,1867.24,1859.85,1865.0,4118.117046
2026-08-11 17:00:00+00:00,1864.9,1868.11,1863.01,1864.77,935.4771
2026-08-11 18:00:00+00:00,1864.77,1866.82,1860.0,1866.0,1106.845984
2026-08-11 19:00:00+00:00,1866.0,1884.8,1862.83,1881.66,2577.988295
2026-08-11 20:00:00+00:00,1881.99,1885.44,1879.0,1882.39,1349.580258
2026-08-11 21:00:00+00:00,1882.38,1885.47,1880.39,1884.66,1560.383681
2026-08-11 22:00:00+00:00,1884.66,1887.56,1879.54,1882.26,1307.294333
2026-08-11 23:00:00+00:00,1882.27,1884.5,1878.67,1882.73,834.017999
2026-08-12 00:00:00+00:00,1882.71,1883.54,1880.65,1882.48,845.194296
2026-08-12 01:00:00+00:00,1882.49,1886.62,1881.05,1884.69,1561.10087
2026-08-12 02:00:00+00:00,1884.69,1887.96,1883.54,1884.46,1299.442958
2026-08-12 03:00:00+00:00,1884.47,1887.47,1882.88,1886.66,803.627411
2026-08-12 04:00:00+00:00,1886.67,1893.27,1885.46,1889.48,1928.381107
2026-08-12 05:00:00+00:00,1889.49,1892.46,1886.6,1891.77,1387.678115
2026-08-12 06:00:00+00:00,1891.71,1891.71,1885.47,1887.73,901.112023
2026-08-12 07:00:00+00:00,1887.87,1891.82,1886.02,1891.7,1434.624787
2026-08-12 08:00:00+00:00,1891.71,1895.99,1890.54,1890.86,1990.501277
2026-08-12 09:00:00+00:00,1890.86,1909.58,1889.9,1905.83,5827.033091
2026-08-12 10:00:00+00:00,1905.84,1915.38,1905.78,1909.23,3956.773252
2026-08-12 11:00:00+00:00,1909.22,1916.0,1907.36,1915.72,2332.370094
2026-08-12 12:00:00+00:00,1915.7,1925.01,1905.71,1911.28,10067.813567
2026-08-12 13:00:00+00:00,1911.29,1912.53,1900.09,1901.15,3858.333219
2026-08-12 14:00:00+00:00,1901.08,1903.51,1885.12,1887.85,6682.219792
2026-08-12 15:00:00+00:00,1887.85,1896.35,1884.52,1892.81,2071.644735
2026-08-12 16:00:00+00:00,1892.81,1895.74,1889.26,1890.71,1237.383297
2026-08-12 17:00:00+00:00,1890.71,1891.92,1885.04,1888.18,1970.756094
2026-08-12 18:00:00+00:00,1888.17,1891.4,1885.59,1885.62,1333.90689
2026-08-12 19:00:00+00:00,1885.63,1886.98,1878.05,1879.7,2820.695092
2026-08-12 20:00:00+00:00,1879.4,1887.82,1877.86,1886.83,1532.356652
2026-08-12 21:00:00+00:00,1886.83,1889.54,1873.67,1878.17,3001.964625
2026-08-12 22:00:00+00:00,1878.18,1881.4,1876.0,1878.59,842.812804
2026-08-12 23:00:00+00:00,1878.57,1880.37,1875.0,1879.88,1209.327489
2026-08-13 00:00:00+00:00,1879.88,1885.42,1877.39,1880.24,1618.63245
2026-08-13 01:00:00+00:00,1880.24,1883.0,1875.17,1878.21,1416.236287
2026-08-13 02:00:00+00:00,1878.2,1883.33,1873.38,1881.91,1744.967812
2026-08-13 03:00:00+00:00,1881.9,1888.77,1881.78,1887.55,2168.215947
2026-08-13 04:00:00+00:00,1887.53,1895.0,1885.58,1892.42,2095.505056
2026-08-13 05:00:00+00:00,1892.43,1900.0,1891.75,1895.77,2289.990069
2026-08-13 06:00:00+00:00,1895.77,1898.5,1891.94,1898.5,1313.844562
2026-08-13 07:00:00+00:00,1898.5,1898.78,1895.14,1895.47,791.514384
2026-08-13 08:00:00+00:00,1895.48,1897.06,1888.18,1889.9,2436.524717
2026-08-13 09:00:00+00:00,1889.9,1890.59,1881.49,1889.66,1780.456392
2026-08-13 10:00:00+00:00,1889.66,1890.4,1882.31,1883.32,2358.502886
2026-08-13 11:00:00+00:00,1883.33,1883.86,1875.58,1880.4,1798.003211
2026-08-13 12:00:00+00:00,1880.4,1890.08,1879.04,1888.93,2161.417022
2026-08-13 13:00:00+00:00,1888.93,1895.5,1887.01,1890.4,2096.974157
2026-08-13 14:00:00+00:00,1890.5,1897.65,1888.66,1893.36,1794.052997
2026-08-13 15:00:00+00:00,1893.37,1896.0,1880.1,1880.22,2404.445668
2026-08-13 16:00:00+00:00,1880.23,1884.92,1863.69,1874.94,8908.998771
2026-08-13 17:00:00+00:00,1874.96,1881.1,1873.63,1876.98,1519.623861
2026-08-13 18:00:00+00:00,1876.97,1887.5,1876.5,1885.58,1115.515401
2026-08-13 19:00:00+00:00,1885.56,1892.66,1885.19,1887.4,1996.403889
2026-08-13 20:00:00+00:00,1887.43,1889.76,1885.43,1886.42,943.388051
2026-08-13 21:00:00+00:00,1886.43,1889.58,1886.11,1888.88,582.360439
2026-08-13 22:00:00+00:00,1888.93,1893.44,1888.75,1889.44,1457.846172
2026-08-13 23:00:00+00:00,1889.45,1889.56,1884.5,1886.38,785.522809
2026-08-14 00:00:00+00:00,1886.39,1889.5,1883.77,1889.44,708.835435
2026-08-14 01:00:00+00:00,1889.39,1890.33,1885.04,1889.56,809.75672
2026-08-14 02:00:00+00:00,1889.57,1891.42,1886.04,1886.74,724.850665
2026-08-14 03:00:00+00:00,1886.74,1889.25,1882.22,1883.11,1198.884484
2026-08-14 04:00:00+00:00,1883.12,1888.05,1882.15,1885.03,617.354917
2026-08-14 05:00:00+00:00,1885.03,1885.68,1880.8,1884.21,1133.481606
2026-08-14 06:00:00+00:00,1884.21,1884.21,1872.76,1873.0,2133.148277
2026-08-14 07:00:00+00:00,1873.0,1878.82,1872.49,1873.38,3205.995628
2026-08-14 08:00:00+00:00,1873.38,1878.87,1869.56,1878.87,2899.812931
2026-08-14 09:00:00+00:00,1878.88,1878.94,1871.43,1873.25,1671.639036
2026-08-14 10:00:00+00:00,1873.26,1878.31,1872.34,1875.98,1611.042606
2026-08-14 11:00:00+00:00,1876.0,1881.4,1875.12,1878.19,1654.878599
2026-08-14 12:00:00+00:00,1878.21,1879.56,1873.0,1873.31,2228.851669
2026-08-14 13:00:00+00:00,1873.49,1873.96,1866.5,1870.25,4698.955265
2026-08-14 14:00:00+00:00,1870.12,1873.47,1864.32,1866.9,4740.331122
2026-08-14 15:00:00+00:00,1866.9,1884.54,1866.1,1881.41,4618.81953
2026-08-14 16:00:00+00:00,1881.4,1888.25,1879.37,1885.47,2846.059484
2026-08-14 17:00:00+00:00,1885.51,1888.0,1876.64,1878.62,2712.308068
2026-08-14 18:00:00+00:00,1878.63,1878.98,1873.77,1875.7,1917.921752
2026-08-14 19:00:00+00:00,1875.71,1881.95,1873.81,1880.87,1542.477348
2026-08-14 20:00:00+00:00,1880.77,1881.87,1878.72,1880.51,761.059822
2026-08-14 21:00:00+00:00,1880.51,1881.39,1877.32,1879.42,740.725096
2026-08-14 22:00:00+00:00,1879.43,1881.11,1876.0,1879.61,474.378485
2026-08-14 23:00:00+00:00,1879.61,1882.62,1878.66,1882.15,811.472267
2026-08-15 00:00:00+00:00,1882.15,1883.43,1881.69,1882.44,837.408092
2026-08-15 01:00:00+00:00,1882.44,1884.57,1881.03,1884.05,775.422423
2026-08-15 02:00:00+00:00,1884.06,1885.8,1884.06,1884.99,683.804288
2026-08-15 03:00:00+00:00,1884.99,1886.6,1882.82,1882.82,848.875369
2026-08-15 04:00:00+00:00,1882.83,1885.77,1882.83,1884.4,502.202471
2026-08-15 05:00:00+00:00,1884.4,1885.31,1880.0,1880.84,857.472257
2026-08-15 06:00:00+00:00,1880.84,1883.72,1879.99,1882.25,572.213995
2026-08-15 07:00:00+00:00,1882.26,1882.51,1880.2,1880.54,828.985999
2026-08-15 08:00:00+00:00,1880.55,1881.61,1876.66,1877.11,625.515553
2026-08-15 09:00:00+00:00,1877.11,1881.42,1875.81,1880.54,722.251373
2026-08-15 10:00:00+00:00,1880.56,1881.49,1878.28,1881.0,402.221809
2026-08-15 11:00:00+00:00,1880.93,1881.36,1879.19,1879.34,378.452913
2026-08-15 12:00:00+00:00,1879.34,1884.0,1878.24,1883.85,700.41597
2026-08-15 13:00:00+00:00,1883.84,1885.0,1882.33,1883.67,965.014113
2026-08-15 14:00:00+00:00,1883.67,1884.7,1881.51,1883.51,529.806342
2026-08-15 15:00:00+00:00,1883.51,1885.94,1883.06,1884.94,513.694279
2026-08-15 16:00:00+00:00,1884.94,1885.84,1883.85,1884.86,541.340898
2026-08-15 17:00:00+00:00,1884.86,1886.48,1882.9,1884.5,586.748012
2026-08-15 18:00:00+00:00,1884.51,1885.99,1882.64,1882.74,507.67897
2026-08-15 19:00:00+00:00,1882.75,1885.05,1882.73,1884.66,377.842829
2026-08-15 20:00:00+00:00,1884.67,1884.67,1882.81,1883.38,487.15175
2026-08-15 21:00:00+00:00,1883.38,1885.57,1883.37,1885.08,433.574708
2026-08-15 22:00:00+00:00,1885.09,1885.83,1884.28,1884.58,321.32309
2026-08-15 23:00:00+00:00,1884.59,1884.64,1881.64,1882.89,529.371335
2026-08-16 00:00:00+00:00,1882.9,1883.46,1881.82,1882.65,364.134965
2026-08-16 01:00:00+00:00,1882.65,1882.65,1877.24,1880.64,651.300542
2026-08-16 02:00:00+00:00,1880.66,1885.25,1879.08,1883.68,772.758517
2026-08-16 03:00:00+00:00,1883.68,1884.32,1883.08,1883.28,245.980254
2026-08-16 04:00:00+00:00,1883.29,1884.59,1880.79,1881.81,350.956656
2026-08-16 05:00:00+00:00,1881.81,1882.11,1879.4,1879.9,506.357993
2026-08-16 06:00:00+00:00,1879.92,1881.83,1879.0,1880.72,534.712115
2026-08-16 07:00:00+00:00,1880.73,1881.92,1880.0,1881.56,256.204793
2026-08-16 08:00:00+00:00,1881.56,1881.56,1880.52,1880.98,274.300014
2026-08-16 09:00:00+00:00,1881.0,1882.39,1879.23,1880.31,560.129768
2026-08-16 10:00:00+00:00,1880.32,1881.22,1879.74,1880.88,373.946077
2026-08-16 11:00:00+00:00,1880.88,1881.33,1880.1,1880.87,805.743528
2026-08-16 12:00:00+00:00,1880.87,1880.88,1879.3,1879.88,259.94033
2026-08-16 13:00:00+00:00,1879.88,1882.0,1879.87,1881.77,583.560577
2026-08-16 14:00:00+00:00,1881.78,1884.35,1881.77,1883.41,693.526778
2026-08-16 15:00:00+00:00,1883.42,1884.9,1882.31,1883.99,734.442041
2026-08-16 16:00:00+00:00,1884.0,1892.3,1884.0,1889.35,2300.10586
2026-08-16 17:00:00+00:00,1889.35,1891.02,1883.93,1885.3,677.042283
2026-08-16 18:00:00+00:00,1885.29,1886.59,1882.5,1885.59,444.929396
2026-08-16 19:00:00+00:00,1885.6,1888.86,1884.5,1885.93,426.292834
2026-08-16 20:00:00+00:00,1885.94,1887.59,1881.6,1882.06,443.826192
2026-08-16 21:00:00+00:00,1882.1,1883.03,1869.82,1875.59,3083.996201
2026-08-16 22:00:00+00:00,1875.6,1878.32,1869.41,1876.22,1282.338458
2026-08-16 23:00:00+00:00,1876.3,1877.65,1873.61,1876.17,1429.983625
2026-08-17 00:00:00+00:00,1876.26,1880.32,1872.61,1878.97,1556.423918
2026-08-17 01:00:00+00:00,1878.96,1897.1,1878.18,1891.55,4979.552871
2026-08-17 02:00:00+00:00,1891.56,1908.33,1888.62,1902.57,4516.342201
2026-08-17 03:00:00+00:00,1902.59,1904.76,1898.0,1900.94,2015.91064
2026-08-17 04:00:00+00:00,1900.95,1904.9,1900.95,1903.32,2402.150603
2026-08-17 05:00:00+00:00,1903.38,1904.1,1898.2,1899.59,1662.259959
2026-08-17 06:00:00+00:00,1899.57,1912.49,1897.99,1906.96,3275.539938
2026-08-17 07:00:00+00:00,1906.97,1907.83,1900.57,1900.77,3539.318902
2026-08-17 08:00:00+00:00,1900.74,1901.63,1891.61,1894.4,2994.152292
2026-08-17 09:00:00+00:00,1894.41,1897.7,1893.12,1893.93,1507.748508
2026-08-17 10:00:00+00:00,1893.93,1909.57,1892.29,1907.01,3887.63059
2026-08-17 11:00:00+00:00,1907.0,1908.6,1903.91,1904.42,1096.637369
2026-08-17 12:00:00+00:00,1904.42,1906.63,1896.85,1899.09,3043.563701
2026-08-17 13:00:00+00:00,1899.09,1909.39,1895.82,1904.88,2893.156532
2026-08-17 14:00:00+00:00,1904.94,1910.68,1898.52,1909.58,2279.956054
2026-08-17 15:00:00+00:00,1909.6,1916.07,1904.54,1913.26,4061.514487
2026-08-17 16:00:00+00:00,1913.26,1914.11,1905.5,1907.17,2176.508474
2026-08-17 17:00:00+00:00,1907.17,1914.2,1904.46,1908.89,1625.56319
2026-08-17 18:00:00+00:00,1908.88,1912.87,1907.19,1910.17,2045.048221
2026-08-17 19:00:00+00:00,1910.17,1911.1,1906.64,1907.38,1630.010055
2026-08-17 20:00:00+00:00,1907.37,1910.72,1905.09,1906.82,1720.295591
2026-08-17 21:00:00+00:00,1906.82,1908.81,1906.01,1906.37,647.838622
2026-08-17 22:00:00+00:00,1906.44,1908.0,1903.49,1904.48,645.159563
2026-08-17 23:00:00+00:00,1904.51,1918.67,1904.01,1913.66,2866.431891
2026-08-18 00:00:00+00:00,1913.66,1914.94,1908.77,1910.23,1334.740577
2026-08-18 01:00:00+00:00,1910.26,1910.52,1900.0,1901.68,1926.256478
2026-08-18 02:00:00+00:00,1901.67,1903.74,1889.34,1893.26,4719.246226
2026-08-18 03:00:00+00:00,1893.27,1895.61,1885.84,1894.7,3412.277508
2026-08-18 04:00:00+00:00,1894.7,1897.77,1891.5,1896.73,923.14062
2026-08-18 05:00:00+00:00,1896.74,1898.95,1892.59,1895.6,2129.174909
2026-08-18 06:00:00+00:00,1895.59,1906.8,1893.53,1902.82,2508.788182
2026-08-18 07:00:00+00:00,1902.82,1903.19,1897.22,1898.57,1591.236314
2026-08-18 08:00:00+00:00,1898.57,1902.07,1893.64,1900.48,2065.329673
2026-08-18 09:00:00+00:00,1900.48,1900.48,1895.66,1896.87,1237.448266
2026-08-18 10:00:00+00:00,1896.87,1899.2,1895.25,1898.11,656.218485
2026-08-18 11:00:00+00:00,1898.1,1905.74,1897.72,1903.22,1189.225598
2026-08-18 12:00:00+00:00,1903.22,1904.18,1899.04,1899.47,732.976046
2026-08-18 13:00:00+00:00,1899.48,1900.27,1894.13,1898.06,2408.098686
2026-08-18 14:00:00+00:00,1898.05,1923.23,1897.37,1911.2,10268.717512
2026-08-18 15:00:00+00:00,1911.29,1919.51,1908.42,1917.79,5392.86894
2026-08-18 16:00:00+00:00,1917.8,1922.21,1912.55,1918.49,2842.89132
2026-08-18 17:00:00+00:00,1918.49,1918.79,1911.41,1911.42,2568.966105
2026-08-18 18:00:00+00:00,1911.41,1917.54,1910.8,1916.57,931.716709
2026-08-18 19:00:00+00:00,1916.56,1917.56,1913.03,1913.44,820.561599
2026-08-18 20:00:00+00:00,1913.49,1915.81,1911.85,1912.86,1533.18674
2026-08-18 21:00:00+00:00,1912.87,1914.98,1911.22,1912.21,644.904686
2026-08-18 22:00:00+00:00,1912.22,1915.47,1911.88,1913.65,1090.338818
2026-08-18 23:00:00+00:00,1913.66,1920.29,1913.05,1917.88,1394.444036
2026-08-19 00:00:00+00:00,1917.88,1919.08,1911.95,1913.52,1737.642949
2026-08-19 01:00:00+00:00,1913.52,1918.22,1912.41,1913.73,1880.421046
2026-08-19 02:00:00+00:00,1913.77,1914.14,1907.34,1907.93,1964.266305
2026-08-19 03:00:00+00:00,1907.94,1915.58,1906.09,1912.22,1930.781533
2026-08-19 04:00:00+00:00,1912.21,1914.63,1910.36,1910.84,1113.900956
2026-08-19 05:00:00+00:00,1910.77,1913.99,1910.0,1910.31,1019.308808
2026-08-19 06:00:00+00:00,1910.31,1917.52,1906.51,1917.52,2158.462798
2026-08-19 07:00:00+00:00,1917.52,1921.37,1915.45,1915.84,3869.685116
2026-08-19 08:00:00+00:00,1915.85,1929.95,1915.25,1921.57,3575.146734
2026-08-19 09:00:00+00:00,1921.58,1923.99,1918.3,1919.36,1148.145958
2026-08-19 10:00:00+00:00,1919.37,1920.34,1917.56,1920.34,710.576694
2026-08-19 11:00:00+00:00,1920.34,1926.21,1919.92,1923.03,1182.285315
2026-08-19 12:00:00+00:00,1923.04,1943.12,1922.4,1937.31,7081.369768
2026-08-19 13:00:00+00:00,1937.21,1941.6,1928.34,1932.8,5529.273052
2026-08-19 14:00:00+00:00,1932.88,1980.0,1932.88,1970.72,17862.779825
2026-08-19 15:00:00+00:00,1970.72,2119.65,1967.37,2085.9,93444.987845
2026-08-19 16:00:00+00:00,2085.74,2107.95,2082.38,2089.5,24725.164705
2026-08-19 17:00:00+00:00,2089.51,2092.95,2067.8,2090.86,11106.658308
2026-08-19 18:00:00+00:00,2090.86,2092.72,2079.01,2091.79,5096.992157
2026-08-19 19:00:00+00:00,2091.74,2105.52,2089.09,2101.82,6982.428935
2026-08-19 20:00:00+00:00,2101.74,2245.28,2101.74,2218.36,46674.054511
2026-08-19 21:00:00+00:00,2218.68,2335.0,2216.44,2286.37,71349.420393
2026-08-19 22:00:00+00:00,2286.38,2290.32,2241.39,2250.0,18139.405564
2026-08-19 23:00:00+00:00,2250.25,2262.0,2243.23,2252.67,10066.744867
2026-08-20 00:00:00+00:00,2252.67,2273.66,2251.73,2262.4,11684.180549
2026-08-20 01:00:00+00:00,2262.52,2270.64,2250.0,2266.56,6780.922578
2026-08-20 02:00:00+00:00,2266.61,2270.63,2250.0,2251.9,4114.737423
2026-08-20 03:00:00+00:00,2251.98,2257.92,2222.83,2251.35,10538.950886
2026-08-20 04:00:00+00:00,2251.35,2258.46,2248.43,2250.11,3036.862245
2026-08-20 05:00:00+00:00,2250.11,2256.83,2243.75,2248.26,3592.642588
2026-08-20 06:00:00+00:00,2248.44,2267.32,2238.96,2262.7,8975.152728
2026-08-20 07:00:00+00:00,2262.64,2263.98,2244.5,2251.72,7953.553461
2026-08-20 08:00:00+00:00,2251.73,2286.64,2249.04,2282.34,14355.557357
2026-08-20 09:00:00+00:00,2282.39,2298.49,2275.54,2279.0,12888.297511
2026-08-20 10:00:00+00:00,2279.0,2295.68,2275.75,2287.06,5502.465392
2026-08-20 11:00:00+00:00,2286.95,2319.19,2282.28,2296.43,13761.786231
2026-08-20 12:00:00+00:00,2296.34,2300.57,2267.77,2290.31,13755.933437
2026-08-20 13:00:00+00:00,2290.33,2298.08,2256.0,2276.77,14874.225058
2026-08-20 14:00:00+00:00,2276.45,2289.06,2271.47,2281.18,4805.800562
2026-08-20 15:00:00+00:00,2281.19,2337.94,2281.19,2325.77,20652.939571
2026-08-20 16:00:00+00:00,2325.77,2359.45,2314.07,2344.44,15966.507462
2026-08-20 17:00:00+00:00,2344.43,2351.16,2332.37,2343.98,7136.794564
2026-08-20 18:00:00+00:00,2343.97,2347.67,2310.01,2315.9,10444.241945
2026-08-20 19:00:00+00:00,2315.89,2332.35,2311.77,2323.72,4095.85068
2026-08-20 20:00:00+00:00,2323.75,2331.42,2313.67,2318.33,3141.686436
2026-08-20 21:00:00+00:00,2318.34,2325.68,2313.41,2318.71,2426.089398
2026-08-20 22:00:00+00:00,2318.72,2319.19,2307.17,2314.32,2911.582381
2026-08-20 23:00:00+00:00,2314.32,2340.49,2312.89,2326.96,3258.083954
2026-08-21 00:00:00+00:00,2326.82,2351.42,2325.0,2340.59,8594.031918
2026-08-21 01:00:00+00:00,2340.49,2381.76,2338.0,2359.24,17818.096253
2026-08-21 02:00:00+00:00,2359.39,2364.99,2343.31,2345.63,7996.244329
2026-08-21 03:00:00+00:00,2345.67,2354.51,2337.06,2341.05,4076.373143
2026-08-21 04:00:00+00:00,2341.06,2355.87,2341.06,2354.47,2742.199634
2026-08-21 05:00:00+00:00,2354.48,2368.64,2349.45,2368.32,4941.859937
2026-08-21 06:00:00+00:00,2368.33,2382.49,2355.24,2372.53,8499.286887
2026-08-21 07:00:00+00:00,2372.33,2398.82,2368.56,2371.84,23685.509672
2026-08-21 08:00:00+00:00,2371.73,2448.12,2370.24,2444.52,31269.968779
2026-08-21 09:00:00+00:00,2444.52,2446.52,2375.32,2403.88,34105.479782
2026-08-21 10:00:00+00:00,2404.05,2411.49,2390.1,2395.35,6141.196241
2026-08-21 11:00:00+00:00,2395.34,2399.0,2357.01,2370.62,13704.00759
2026-08-21 12:00:00+00:00,2370.49,2397.53,2365.39,2388.96,11823.223289
2026-08-21 13:00:00+00:00,2388.96,2406.36,2368.07,2387.34,12970.964771
2026-08-21 14:00:00+00:00,2387.36,2397.65,2368.26,2393.5,12050.72644
2026-08-21 15:00:00+00:00,2393.48,2408.16,2391.21,2393.53,7909.014622
2026-08-21 16:00:00+00:00,2393.37,2412.71,2382.74,2405.81,5978.623676
2026-08-21 17:00:00+00:00,2405.9,2427.73,2401.49,2423.52,11052.255721
2026-08-21 18:00:00+00:00,2423.53,2431.99,2395.74,2420.51,8654.346695
2026-08-21 19:00:00+00:00,2420.18,2420.87,2407.28,2413.29,3285.527814
2026-08-21 20:00:00+00:00,2413.43,2447.24,2408.61,2440.87,7364.129534
2026-08-21 21:00:00+00:00,2440.81,2521.99,2434.48,2513.24,33256.336823
2026-08-21 22:00:00+00:00,2513.23,2547.28,2507.19,2521.76,21813.813062
2026-08-21 23:00:00+00:00,2521.8,2546.25,2509.05,2515.91,11690.275503
2026-08-22 00:00:00+00:00,2516.07,2523.05,2491.22,2522.2,9051.688782
2026-08-22 01:00:00+00:00,2522.19,2528.59,2506.68,2506.68,5937.405226
2026-08-22 02:00:00+00:00,2506.68,2522.78,2496.0,2515.99,6887.720037
2026-08-22 03:00:00+00:00,2515.99,2527.21,2512.47,2514.91,6012.320755
2026-08-22 04:00:00+00:00,2515.0,2529.9,2506.27,2514.49,8550.886403
2026-08-22 05:00:00+00:00,2514.37,2518.42,2384.0,2440.26,55513.760397
2026-08-22 06:00:00+00:00,2440.09,2443.75,2412.49,2437.88,8089.394349
2026-08-22 07:00:00+00:00,2437.89,2447.53,2426.67,2432.75,7764.08503
2026-08-22 08:00:00+00:00,2432.85,2440.96,2412.18,2425.66,5649.943913
2026-08-22 09:00:00+00:00,2425.69,2429.17,2412.81,2421.94,4759.987629
2026-08-22 10:00:00+00:00,2421.95,2422.88,2388.0,2412.77,15334.974619
2026-08-22 11:00:00+00:00,2412.77,2426.8,2405.35,2423.89,3428.534019
2026-08-22 12:00:00+00:00,2423.92,2437.88,2419.07,2428.15,3486.346277
2026-08-22 13:00:00+00:00,2428.14,2433.32,2421.35,2430.15,2044.009107
2026-08-22 14:00:00+00:00,2430.24,2431.76,2409.33,2413.66,4497.421712
2026-08-22 15:00:00+00:00,2413.79,2416.59,2405.72,2410.95,3519.368536
2026-08-22 16:00:00+00:00,2411.0,2429.79,2409.19,2422.76,5505.839535
2026-08-22 17:00:00+00:00,2422.75,2431.69,2417.23,2426.67,3157.526287
2026-08-22 18:00:00+00:00,2426.66,2434.63,2421.7,2427.31,4697.966439
2026-08-22 19:00:00+00:00,2427.29,2444.72,2424.01,2439.14,1851.552891
2026-08-22 20:00:00+00:00,2439.15,2443.6,2429.45,2431.96,4210.183764
2026-08-22 21:00:00+00:00,2431.96,2432.2,2403.3,2407.43,6807.649157
2026-08-22 22:00:00+00:00,2407.43,2425.33,2404.47,2414.27,3093.481762
2026-08-22 23:00:00+00:00,2414.28,2426.99,2410.96,2422.86,1608.158292
2026-08-23 00:00:00+00:00,2422.57,2435.7,2419.77,2430.92,3201.360719
2026-08-23 01:00:00+00:00,2430.95,2433.32,2420.42,2423.07,2583.799301
2026-08-23 02:00:00+00:00,2423.21,2424.54,2407.44,2417.38,2705.175269
2026-08-23 03:00:00+00:00,2417.3,2419.15,2408.22,2413.99,2950.146225
2026-08-23 04:00:00+00:00,2414.0,2417.14,2372.47,2378.77,13881.307175
2026-08-23 05:00:00+00:00,2378.76,2387.06,2356.19,2373.2,12137.284787
2026-08-23 06:00:00+00:00,2373.32,2396.9,2370.08,2389.79,5069.102927
2026-08-23 07:00:00+00:00,2389.79,2397.2,2385.72,2388.44,2200.777291
2026-08-23 08:00:00+00:00,2388.79,2426.0,2386.4,2412.5,7187.941997
2026-08-23 09:00:00+00:00,2412.5,2416.24,2404.65,2411.19,3300.359678
2026-08-23 10:00:00+00:00,2411.09,2421.53,2410.71,2415.11,2069.550542
2026-08-23 11:00:00+00:00,2415.11,2438.37,2414.68,2433.6,4408.6026
2026-08-23 12:00:00+00:00,2433.6,2433.73,2418.87,2426.89,2121.797963
2026-08-23 13:00:00+00:00,2426.89,2483.94,2426.87,2459.42,12471.764212
2026-08-23 14:00:00+00:00,2459.42,2468.85,2388.03,2438.67,14905.414064
2026-08-23 15:00:00+00:00,2438.97,2452.7,2421.67,2438.59,4838.670117
2026-08-23 16:00:00+00:00,2438.87,2459.19,2438.84,2451.01,5590.268004
2026-08-23 17:00:00+00:00,2451.0,2454.59,2431.58,2440.33,9679.178641
2026-08-23 18:00:00+00:00,2440.36,2449.51,2434.96,2448.9,5926.739638
2026-08-23 19:00:00+00:00,2448.89,2454.59,2437.26,2444.81,3729.404817
2026-08-23 20:00:00+00:00,2444.81,2450.87,2436.41,2450.59,3487.311503
2026-08-23 21:00:00+00:00,2450.59,2484.93,2450.58,2469.96,8342.767648
2026-08-23 22:00:00+00:00,2469.96,2474.94,2452.01,2455.14,4199.091647
2026-08-23 23:00:00+00:00,2455.15,2470.75,2441.33,2463.43,6739.953049
2026-08-24 00:00:00+00:00,2463.42,2465.9,2442.0,2465.37,9543.699796
2026-08-24 01:00:00+00:00,2465.4,2466.75,2427.24,2429.48,5429.504859
2026-08-24 02:00:00+00:00,2429.55,2451.51,2424.23,2443.68,3696.915527
2026-08-24 03:00:00+00:00,2443.93,2445.26,2426.5,2430.76,2881.452049
2026-08-24 04:00:00+00:00,2430.67,2446.74,2428.4,2438.18,4348.872866
2026-08-24 05:00:00+00:00,2438.18,2459.86,2433.71,2449.04,6115.63834
2026-08-24 06:00:00+00:00,2448.98,2464.07,2444.36,2456.67,4478.707651
2026-08-24 07:00:00+00:00,2456.61,2474.18,2452.31,2454.62,5820.57474
2026-08-24 08:00:00+00:00,2454.76,2459.41,2436.37,2454.51,4475.915698
2026-08-24 09:00:00+00:00,2454.51,2465.18,2453.42,2462.99,2717.928003
2026-08-24 10:00:00+00:00,2463.0,2490.0,2461.76,2465.27,8454.010557
2026-08-24 11:00:00+00:00,2465.21,2508.68,2454.54,2494.07,9928.468873
2026-08-24 12:00:00+00:00,2494.07,2518.59,2474.76,2512.99,10562.672259
2026-08-24 13:00:00+00:00,2512.91,2519.91,2476.11,2493.71,14765.345654
2026-08-24 14:00:00+00:00,2493.5,2532.0,2491.43,2515.93,19461.073059
2026-08-24 15:00:00+00:00,2516.04,2533.33,2479.37,2487.87,14076.36683
2026-08-24 16:00:00+00:00,2487.87,2506.52,2468.81,2478.19,9717.847834
2026-08-24 17:00:00+00:00,2478.13,2484.19,2455.0,2468.93,9792.10282
2026-08-24 18:00:00+00:00,2469.21,2483.33,2467.19,2474.15,4512.776085
2026-08-24 19:00:00+00:00,2474.24,2477.81,2461.91,2471.09,3766.250733
2026-08-24 20:00:00+00:00,2471.4,2479.21,2465.54,2475.72,2055.048311
2026-08-24 21:00:00+00:00,2475.32,2489.0,2475.32,2483.79,2751.067747
2026-08-24 22:00:00+00:00,2483.8,2485.67,2472.6,2474.38,1934.78924
2026-08-24 23:00:00+00:00,2474.39,2487.13,2470.81,2482.2,2060.613757
2026-08-25 00:00:00+00:00,2482.03,2504.99,2472.36,2493.59,5227.592324
2026-08-25 01:00:00+00:00,2493.55,2504.57,2484.82,2495.76,4429.205292
2026-08-25 02:00:00+00:00,2495.8,2533.0,2492.54,2507.65,15764.009453
2026-08-25 03:00:00+00:00,2507.84,2514.58,2489.09,2499.07,5896.268017
2026-08-25 04:00:00+00:00,2499.1,2503.97,2488.88,2494.78,4656.412323
2026-08-25 05:00:00+00:00,2494.76,2511.81,2493.74,2508.8,3820.970962
2026-08-25 06:00:00+00:00,2508.83,2515.38,2496.5,2501.12,4133.331948
2026-08-25 07:00:00+00:00,2501.13,2512.99,2464.25,2479.3,7853.067793
2026-08-25 08:00:00+00:00,2479.29,2498.21,2474.7,2484.95,4880.805753
2026-08-25 09:00:00+00:00,2485.0,2492.6,2463.55,2474.73,4447.162234
2026-08-25 10:00:00+00:00,2474.73,2486.16,2469.64,2482.06,2139.842363
2026-08-25 11:00:00+00:00,2482.04,2486.3,2474.6,2477.96,2100.942086
2026-08-25 12:00:00+00:00,2478.0,2481.4,2458.19,2473.58,5769.876612
2026-08-25 13:00:00+00:00,2473.72,2477.14,2439.87,2461.14,12335.273793
2026-08-25 14:00:00+00:00,2460.91,2484.24,2454.48,2477.0,7005.199034
2026-08-25 15:00:00+00:00,2477.01,2483.97,2466.26,2482.94,4180.837187
2026-08-25 16:00:00+00:00,2482.83,2485.64,2467.08,2470.79,2780.986182
2026-08-25 17:00:00+00:00,2470.63,2471.55,2456.0,2471.2,3699.511106
2026-08-25 18:00:00+00:00,2471.19,2474.99,2464.39,2467.45,2493.652684
2026-08-25 19:00:00+00:00,2467.46,2470.16,2455.39,2463.3,3769.007833
2026-08-25 20:00:00+00:00,2463.45,2464.22,2433.26,2436.5,5829.39993
2026-08-25 21:00:00+00:00,2436.6,2444.03,2414.92,2441.99,10497.093558
2026-08-25 22:00:00+00:00,2442.0,2455.69,2442.0,2453.72,2850.252281
2026-08-25 23:00:00+00:00,2453.74,2456.77,2437.02,2442.6,2590.021709
2026-08-26 00:00:00+00:00,2442.67,2450.39,2435.79,2446.47,2280.608619
2026-08-26 01:00:00+00:00,2446.43,2462.5,2445.07,2456.1,3116.399825
2026-08-26 02:00:00+00:00,2456.11,2470.0,2454.09,2465.25,2636.609851
2026-08-26 03:00:00+00:00,2465.25,2468.19,2458.72,2465.74,1692.256921
2026-08-26 04:00:00+00:00,2465.75,2472.67,2455.7,2456.97,4529.580155
2026-08-26 05:00:00+00:00,2456.97,2468.18,2451.53,2465.0,3013.631561
2026-08-26 06:00:00+00:00,2464.78,2467.71,2453.67,2459.84,2287.174422
2026-08-26 07:00:00+00:00,2459.93,2468.51,2457.41,2461.81,1768.046383
2026-08-26 08:00:00+00:00,2461.81,2469.51,2453.68,2456.46,1832.168387
2026-08-26 09:00:00+00:00,2456.47,2461.0,2443.0,2447.96,2812.749257
2026-08-26 10:00:00+00:00,2447.85,2475.85,2444.68,2468.75,5060.879669
2026-08-26 11:00:00+00:00,2468.9,2473.24,2456.44,2463.12,3377.98959
2026-08-26 12:00:00+00:00,2463.25,2472.17,2445.0,2455.22,9710.148951
2026-08-26 13:00:00+00:00,2455.22,2463.12,2437.5,2457.52,7625.990097
2026-08-26 14:00:00+00:00,2457.54,2462.0,2438.75,2439.36,4708.629859
2026-08-26 15:00:00+00:00,2439.35,2455.34,2432.41,2450.08,5675.13671
2026-08-26 16:00:00+00:00,2450.02,2455.96,2438.0,2444.81,4454.335382
2026-08-26 17:00:00+00:00,2444.83,2467.18,2443.94,2460.8,3597.299025
2026-08-26 18:00:00+00:00,2460.81,2474.47,2458.8,2472.76,3049.134945
2026-08-26 19:00:00+00:00,2472.91,2484.04,2467.8,2470.8,4365.070037
2026-08-26 20:00:00+00:00,2470.66,2474.54,2460.41,2472.48,1662.142437
2026-08-26 21:00:00+00:00,2472.48,2505.17,2470.52,2496.81,5239.158728
2026-08-26 22:00:00+00:00,2496.77,2515.0,2489.56,2493.51,5807.144039
2026-08-26 23:00:00+00:00,2493.71,2512.57,2488.21,2507.01,4286.037086
2026-08-27 00:00:00+00:00,2507.02,2510.56,2492.0,2492.01,3382.678702
2026-08-27 01:00:00+00:00,2492.0,2506.0,2487.04,2497.85,4055.750108
2026-08-27 02:00:00+00:00,2498.0,2505.0,2493.24,2494.89,1517.611519
2026-08-27 03:00:00+00:00,2494.89,2499.16,2489.49,2493.09,1718.848207
2026-08-27 04:00:00+00:00,2493.25,2495.79,2484.27,2487.75,1510.018711
2026-08-27 05:00:00+00:00,2487.76,2497.85,2481.87,2496.9,2221.21971
2026-08-27 06:00:00+00:00,2496.72,2496.72,2484.36,2493.2,1545.307939
2026-08-27 07:00:00+00:00,2493.15,2499.03,2488.81,2497.4,1890.803182
2026-08-27 08:00:00+00:00,2497.34,2546.0,2497.18,2531.04,19715.887881
2026-08-27 09:00:00+00:00,2531.33,2566.46,2525.82,2534.74,14062.052337
2026-08-27 10:00:00+00:00,2534.88,2539.99,2487.0,2503.8,10257.865416
2026-08-27 11:00:00+00:00,2503.8,2510.36,2492.45,2501.81,4814.673272
2026-08-27 12:00:00+00:00,2501.78,2507.5,2492.43,2495.21,2712.096773
2026-08-27 13:00:00+00:00,2495.22,2507.12,2482.79,2496.64,5939.309415
2026-08-27 14:00:00+00:00,2496.64,2523.61,2488.78,2517.44,7663.690561
2026-08-27 15:00:00+00:00,2517.45,2532.11,2513.36,2521.74,7094.885666
2026-08-27 16:00:00+00:00,2521.64,2533.22,2516.46,2522.25,4399.188521
2026-08-27 17:00:00+00:00,2522.29,2533.61,2515.63,2518.04,2874.239619
2026-08-27 18:00:00+00:00,2518.09,2518.57,2488.88,2507.03,7192.060817
2026-08-27 19:00:00+00:00,2507.14,2514.19,2497.55,2498.22,6109.263938
2026-08-27 20:00:00+00:00,2498.23,2507.99,2495.01,2507.99,1534.077275
2026-08-27 21:00:00+00:00,2508.0,2509.04,2499.11,2504.2,2176.174561
2026-08-27 22:00:00+00:00,2504.2,2517.4,2504.2,2515.08,3095.940255
2026-08-27 23:00:00+00:00,2515.05,2517.24,2508.98,2511.07,2742.032623
2026-08-28 00:00:00+00:00,2511.1,2519.75,2505.97,2515.58,2450.744258
2026-08-28 01:00:00+00:00,2515.63,2535.57,2507.92,2512.36,5793.151447
2026-08-28 02:00:00+00:00,2512.24,2512.67,2486.0,2492.35,7282.387722
2026-08-28 03:00:00+00:00,2492.27,2495.75,2486.28,2490.04,2976.725628
2026-08-28 04:00:00+00:00,2490.04,2496.2,2476.27,2486.16,4751.179622
2026-08-28 05:00:00+00:00,2486.17,2497.62,2482.29,2493.49,2728.091984
2026-08-28 06:00:00+00:00,2493.49,2505.23,2493.49,2503.02,2412.90035
2026-08-28 07:00:00+00:00,2503.03,2503.49,2494.0,2496.56,6314.507291
2026-08-28 08:00:00+00:00,2496.6,2503.99,2486.57,2488.36,2118.912481
2026-08-28 09:00:00+00:00,2488.37,2493.39,2483.41,2489.77,2038.736202
2026-08-28 10:00:00+00:00,2489.77,2509.0,2482.23,2506.62,2883.733139
2026-08-28 11:00:00+00:00,2506.63,2511.49,2502.15,2505.16,1857.270848
2026-08-28 12:00:00+00:00,2505.09,2508.18,2495.09,2499.25,1511.82128
2026-08-28 13:00:00+00:00,2499.24,2519.0,2495.05,2509.51,3572.970465
2026-08-28 14:00:00+00:00,2509.52,2526.0,2466.22,2513.2,17417.450331
2026-08-28 15:00:00+00:00,2513.23,2519.68,2470.0,2472.03,7887.873259
2026-08-28 16:00:00+00:00,2471.62,2474.25,2405.83,2442.2,28203.895065
2026-08-28 17:00:00+00:00,2442.21,2448.52,2437.51,2443.91,5837.365013
2026-08-28 18:00:00+00:00,2443.91,2445.28,2418.03,2428.86,8683.648906
2026-08-28 19:00:00+00:00,2428.89,2443.84,2428.79,2435.97,2925.494576
2026-08-28 20:00:00+00:00,2436.08,2436.6,2424.49,2427.94,1731.651585
2026-08-28 21:00:00+00:00,2428.0,2432.4,2422.34,2425.2,1427.92439
2026-08-28 22:00:00+00:00,2425.19,2445.88,2422.79,2442.08,2264.96216
2026-08-28 23:00:00+00:00,2442.08,2443.1,2436.67,2443.09,1445.944343
2026-08-29 00:00:00+00:00,2443.1,2448.23,2441.03,2442.52,1235.4398
2026-08-29 01:00:00+00:00,2442.52,2446.19,2439.15,2443.68,1200.005007
2026-08-29 02:00:00+00:00,2443.69,2444.9,2435.59,2438.78,1390.605954
2026-08-29 03:00:00+00:00,2438.79,2441.78,2434.61,2435.07,1216.369771
2026-08-29 04:00:00+00:00,2435.07,2440.99,2434.81,2440.34,1072.149573
2026-08-29 05:00:00+00:00,2440.34,2442.31,2438.21,2438.96,1100.335148
2026-08-29 06:00:00+00:00,2438.97,2439.31,2430.51,2435.18,1294.716203
2026-08-29 07:00:00+00:00,2435.18,2438.54,2434.21,2436.48,2358.626878
2026-08-29 08:00:00+00:00,2436.47,2436.47,2431.19,2434.26,1047.896749
2026-08-29 09:00:00+00:00,2434.27,2437.47,2433.51,2435.46,739.645743
2026-08-29 10:00:00+00:00,2435.46,2438.44,2431.38,2434.92,663.4887
2026-08-29 11:00:00+00:00,2434.93,2438.67,2433.76,2435.86,374.763232
2026-08-29 12:00:00+00:00,2435.91,2439.28,2433.5,2434.63,762.935392
2026-08-29 13:00:00+00:00,2434.65,2436.78,2432.41,2435.75,838.393987
2026-08-29 14:00:00+00:00,2435.75,2452.83,2435.08,2448.64,2750.507372
2026-08-29 15:00:00+00:00,2448.72,2449.34,2441.26,2444.85,1386.551297
2026-08-29 16:00:00+00:00,2444.85,2457.99,2444.84,2450.93,2793.653391
2026-08-29 17:00:00+00:00,2450.94,2455.23,2445.43,2450.55,1122.822893
2026-08-29 18:00:00+00:00,2450.57,2455.68,2445.4,2452.37,1132.302118
2026-08-29 19:00:00+00:00,2452.38,2458.73,2451.74,2453.47,1601.832767
2026-08-29 20:00:00+00:00,2453.41,2458.43,2451.41,2452.75,715.162544
2026-08-29 21:00:00+00:00,2452.75,2453.82,2449.22,2451.56,1039.80452
2026-08-29 22:00:00+00:00,2451.56,2453.14,2449.29,2452.71,601.231333
2026-08-29 23:00:00+00:00,2452.72,2459.64,2452.68,2457.51,1303.462569
2026-08-30 00:00:00+00:00,2457.51,2467.87,2454.38,2458.86,1973.547028
2026-08-30 01:00:00+00:00,2458.86,2460.73,2452.93,2456.49,1570.344024
2026-08-30 02:00:00+00:00,2456.77,2458.98,2453.73,2455.09,1140.040789
2026-08-30 03:00:00+00:00,2455.1,2460.65,2453.91,2457.18,872.654654
2026-08-30 04:00:00+00:00,2457.18,2458.8,2451.8,2455.82,1109.493732
2026-08-30 05:00:00+00:00,2455.82,2460.11,2455.27,2456.34,582.481868
2026-08-30 06:00:00+00:00,2456.35,2461.52,2455.09,2461.0,731.313114
2026-08-30 07:00:00+00:00,2461.01,2461.2,2454.85,2455.18,1428.000235
2026-08-30 08:00:00+00:00,2455.22,2459.92,2454.65,2456.74,853.148256
2026-08-30 09:00:00+00:00,2456.73,2458.17,2452.0,2453.43,1252.654019
2026-08-30 10:00:00+00:00,2453.42,2459.58,2452.41,2459.58,1204.975534
2026-08-30 11:00:00+00:00,2459.59,2461.66,2456.61,2460.06,1318.777815
2026-08-30 12:00:00+00:00,2460.06,2473.28,2458.28,2469.18,4651.730608
2026-08-30 13:00:00+00:00,2469.17,2478.46,2460.5,2475.41,4094.873391
2026-08-30 14:00:00+00:00,2475.41,2479.58,2470.79,2476.94,1683.915527
2026-08-30 15:00:00+00:00,2477.0,2484.0,2471.71,2480.91,2125.629887
2026-08-30 16:00:00+00:00,2480.94,2535.0,2479.21,2529.19,16157.670493
2026-08-30 17:00:00+00:00,2529.02,2529.15,2494.21,2505.81,7001.47866
2026-08-30 18:00:00+00:00,2505.72,2517.69,2496.38,2510.71,2874.21896
2026-08-30 19:00:00+00:00,2510.72,2513.41,2496.5,2503.62,1646.085714
2026-08-30 20:00:00+00:00,2503.63,2508.51,2485.52,2490.73,3187.066325
2026-08-30 21:00:00+00:00,2490.67,2490.71,2460.22,2481.79,6838.925351
2026-08-30 22:00:00+00:00,2481.79,2488.79,2458.4,2470.75,4134.673366
2026-08-30 23:00:00+00:00,2470.75,2470.75,2388.0,2416.81,23467.320405
2026-08-31 00:00:00+00:00,2416.94,2440.0,2406.97,2428.41,6671.309223
2026-08-31 01:00:00+00:00,2428.48,2430.94,2410.0,2412.92,5492.933824
2026-08-31 02:00:00+00:00,2413.08,2425.19,2401.52,2407.96,5047.260555
2026-08-31 03:00:00+00:00,2408.16,2424.37,2405.04,2421.15,3428.258665
2026-08-31 04:00:00+00:00,2421.16,2421.51,2411.55,2417.67,3343.011131
2026-08-31 05:00:00+00:00,2417.68,2441.95,2414.16,2436.28,6196.474
2026-08-31 06:00:00+00:00,2436.11,2444.95,2431.43,2438.51,4002.880376
2026-08-31 07:00:00+00:00,2438.3,2446.66,2435.91,2440.47,2969.952644
2026-08-31 08:00:00+00:00,2440.42,2449.64,2433.53,2446.27,3495.22926
2026-08-31 09:00:00+00:00,2446.27,2456.82,2443.4,2446.53,3086.591319
2026-08-31 10:00:00+00:00,2446.76,2456.7,2440.89,2455.41,2676.390689
2026-08-31 11:00:00+00:00,2455.45,2457.81,2443.75,2446.05,2037.547808
2026-08-31 12:00:00+00:00,2446.06,2464.15,2444.0,2451.59,6117.184059
2026-08-31 13:00:00+00:00,2451.59,2459.8,2437.21,2440.54,6284.859021
2026-08-31 14:00:00+00:00,2440.56,2475.15,2437.71,2467.53,9986.802071
2026-08-31 15:00:00+00:00,2467.8,2478.57,2458.22,2467.84,5947.86175
2026-08-31 16:00:00+00:00,2467.99,2476.56,2461.84,2469.29,4875.379519
2026-08-31 17:00:00+00:00,2469.28,2477.27,2461.24,2475.31,3136.11273
2026-08-31 18:00:00+00:00,2475.27,2489.46,2469.24,2477.63,3318.797995
2026-08-31 19:00:00+00:00,2477.78,2490.0,2477.78,2482.08,2787.348767
2026-08-31 20:00:00+00:00,2481.94,2486.72,2470.22,2472.64,2242.490637
2026-08-31 21:00:00+00:00,2472.65,2483.24,2467.72,2478.38,2208.216968
2026-08-31 22:00:00+00:00,2478.38,2480.83,2467.87,2469.31,2355.192138
2026-08-31 23:00:00+00:00,2469.32,2469.38,2462.09,2467.82,1398.747638
2026-09-01 00:00:00+00:00,2467.64,2477.45,2465.53,2471.56,2114.228313
2026-09-01 01:00:00+00:00,2471.85,2476.19,2458.21,2462.73,3116.531608
2026-09-01 02:00:00+00:00,2462.81,2465.43,2453.43,2464.85,5155.762561
2026-09-01 03:00:00+00:00,2464.86,2482.72,2463.12,2472.22,5234.874248
2026-09-01 04:00:00+00:00,2472.23,2478.49,2468.59,2469.95,1985.629247
2026-09-01 05:00:00+00:00,2469.96,2485.29,2468.83,2484.4,3053.929566
2026-09-01 06:00:00+00:00,2484.4,2484.48,2471.63,2471.63,2159.358571
2026-09-01 07:00:00+00:00,2471.61,2477.53,2466.74,2472.57,4253.756641
2026-09-01 08:00:00+00:00,2472.57,2473.45,2445.01,2448.16,8556.267606
2026-09-01 09:00:00+00:00,2448.16,2455.16,2443.47,2452.42,3151.576264
2026-09-01 10:00:00+00:00,2452.42,2463.5,2448.34,2457.0,2964.83094
2026-09-01 11:00:00+00:00,2457.08,2463.98,2452.46,2459.11,1842.914717
2026-09-01 12:00:00+00:00,2459.12,2459.33,2438.37,2446.77,4486.605325
2026-09-01 13:00:00+00:00,2446.78,2449.85,2425.94,2444.0,10314.00379
2026-09-01 14:00:00+00:00,2444.01,2457.77,2442.21,2449.39,3524.372417
2026-09-01 15:00:00+00:00,2449.38,2455.0,2435.2,2449.11,3514.536812
2026-09-01 16:00:00+00:00,2449.12,2449.72,2420.0,2432.89,6308.3988
2026-09-01 17:00:00+00:00,2432.89,2439.44,2417.01,2418.32,3081.725283
2026-09-01 18:00:00+00:00,2418.35,2422.01,2383.45,2412.86,12549.850625
2026-09-01 19:00:00+00:00,2412.98,2424.67,2412.26,2419.16,3189.408152
2026-09-01 20:00:00+00:00,2419.09,2423.22,2413.04,2421.18,2165.996709
2026-09-01 21:00:00+00:00,2421.29,2423.32,2400.58,2415.6,3532.774638
2026-09-01 22:00:00+00:00,2415.6,2418.74,2405.54,2413.15,1937.571029
2026-09-01 23:00:00+00:00,2413.15,2427.37,2410.94,2418.71,2530.906681
2026-09-02 00:00:00+00:00,2418.72,2422.4,2406.02,2409.15,2504.2832
2026-09-02 01:00:00+00:00,2408.97,2415.09,2386.8,2399.33,7174.255845
2026-09-02 02:00:00+00:00,2399.32,2411.01,2395.17,2409.76,3470.080014
2026-09-02 03:00:00+00:00,2409.76,2424.43,2408.52,2414.3,4022.569926
2026-09-02 04:00:00+00:00,2414.48,2416.27,2405.45,2415.43,1890.727967
2026-09-02 05:00:00+00:00,2415.31,2425.42,2409.3,2422.53,2348.304086
2026-09-02 06:00:00+00:00,2422.8,2425.42,2415.43,2420.76,2219.805423
2026-09-02 07:00:00+00:00,2420.88,2429.0,2417.48,2418.16,3809.184049
2026-09-02 08:00:00+00:00,2418.17,2420.82,2390.26,2393.61,5410.004472
2026-09-02 09:00:00+00:00,2393.71,2400.66,2367.23,2376.9,13324.726781
2026-09-02 10:00:00+00:00,2376.91,2377.24,2356.72,2372.65,9121.633123
2026-09-02 11:00:00+00:00,2372.73,2382.6,2367.64,2381.94,4171.262342
2026-09-02 12:00:00+00:00,2381.76,2390.32,2377.1,2377.69,7819.593244
2026-09-02 13:00:00+00:00,2377.7,2419.69,2377.69,2403.19,12185.652647
2026-09-02 14:00:00+00:00,2403.2,2411.01,2393.09,2394.63,5431.027005
2026-09-02 15:00:00+00:00,2394.59,2399.68,2379.68,2391.25,9201.978006
2026-09-02 16:00:00+00:00,2391.24,2404.87,2385.0,2386.65,6129.158588
2026-09-02 17:00:00+00:00,2386.44,2394.38,2373.11,2393.99,7345.841249
2026-09-02 18:00:00+00:00,2393.99,2400.41,2390.71,2395.2,2399.981046
2026-09-02 19:00:00+00:00,2395.05,2396.86,2383.52,2393.31,1508.458849
2026-09-02 20:00:00+00:00,2393.33,2399.99,2386.66,2393.94,2236.206073
2026-09-02 21:00:00+00:00,2393.95,2395.36,2389.51,2390.63,1277.264044
2026-09-02 22:00:00+00:00,2390.62,2390.63,2379.0,2379.79,2841.65957
2026-09-02 23:00:00+00:00,2379.79,2393.63,2377.9,2391.94,1849.927121
2026-09-03 00:00:00+00:00,2391.91,2395.6,2379.47,2380.0,2054.511671
2026-09-03 01:00:00+00:00,2379.87,2394.61,2370.0,2386.87,4559.26623
2026-09-03 02:00:00+00:00,2386.74,2409.7,2382.69,2406.0,4723.154759
2026-09-03 03:00:00+00:00,2406.0,2410.82,2399.54,2403.32,1844.934634
2026-09-03 04:00:00+00:00,2403.38,2408.53,2396.9,2408.32,2050.829201
2026-09-03 05:00:00+00:00,2408.33,2409.99,2379.05,2404.72,5022.0721
2026-09-03 06:00:00+00:00,2404.72,2410.13,2400.34,2408.26,2027.061104
2026-09-03 07:00:00+00:00,2408.16,2419.6,2395.56,2398.6,5559.549527
2026-09-03 08:00:00+00:00,2398.74,2412.99,2398.73,2403.69,3247.767391
2026-09-03 09:00:00+00:00,2403.7,2407.59,2393.74,2393.75,1786.048852
2026-09-03 10:00:00+00:00,2393.75,2398.85,2390.12,2396.89,2076.179121
2026-09-03 11:00:00+00:00,2396.96,2411.17,2395.62,2407.2,3135.148497
2026-09-03 12:00:00+00:00,2407.18,2426.99,2405.26,2423.37,5770.255547
2026-09-03 13:00:00+00:00,2423.36,2436.13,2415.87,2430.09,6372.718304
2026-09-03 14:00:00+00:00,2430.0,2490.0,2425.5,2489.31,23633.782526
2026-09-03 15:00:00+00:00,2489.31,2517.37,2479.43,2516.9,17104.299862
2026-09-03 16:00:00+00:00,2516.89,2518.91,2488.53,2494.1,7655.685843
2026-09-03 17:00:00+00:00,2494.1,2506.08,2491.87,2500.3,3767.681241
2026-09-03 18:00:00+00:00,2500.3,2514.4,2498.13,2512.88,3860.191636
2026-09-03 19:00:00+00:00,2512.7,2530.0,2507.36,2518.29,8615.867038
2026-09-03 20:00:00+00:00,2518.16,2518.38,2502.5,2504.99,2968.292745
2026-09-03 21:00:00+00:00,2505.0,2526.62,2500.32,2511.18,3995.462419
2026-09-03 22:00:00+00:00,2511.18,2512.56,2490.0,2496.47,3582.906871
2026-09-03 23:00:00+00:00,2496.47,2509.09,2495.08,2507.51,2827.51548
2026-09-04 00:00:00+00:00,2507.41,2515.62,2500.85,2501.5,4936.083972
2026-09-04 01:00:00+00:00,2501.53,2509.98,2497.27,2506.76,3552.745761
2026-09-04 02:00:00+00:00,2506.85,2507.61,2498.03,2507.61,2581.90162
2026-09-04 03:00:00+00:00,2507.61,2517.27,2504.86,2504.86,4959.163761
2026-09-04 04:00:00+00:00,2504.86,2524.98,2502.49,2509.55,3985.310397
2026-09-04 05:00:00+00:00,2509.44,2516.45,2504.76,2509.41,4707.59059
2026-09-04 06:00:00+00:00,2509.4,2519.0,2500.38,2508.42,5383.29788
2026-09-04 07:00:00+00:00,2508.42,2516.47,2503.73,2504.35,8776.234674
2026-09-04 08:00:00+00:00,2504.35,2534.67,2503.23,2527.47,10683.323475
2026-09-04 09:00:00+00:00,2527.59,2547.1,2519.7,2521.28,9439.102579
2026-09-04 10:00:00+00:00,2521.12,2528.5,2514.99,2526.34,3078.773858
2026-09-04 11:00:00+00:00,2526.34,2527.91,2520.38,2523.11,2053.138534
2026-09-04 12:00:00+00:00,2523.11,2532.15,2435.0,2451.73,48943.126545
2026-09-04 13:00:00+00:00,2451.63,2463.99,2435.88,2452.22,11890.737077
2026-09-04 14:00:00+00:00,2452.35,2458.41,2431.0,2440.29,8896.654236
2026-09-04 15:00:00+00:00,2440.29,2458.69,2437.83,2452.2,3714.742901
2026-09-04 16:00:00+00:00,2452.19,2464.51,2449.75,2460.48,2892.359134
2026-09-04 17:00:00+00:00,2460.57,2461.0,2443.02,2445.4,4144.380373
2026-09-04 18:00:00+00:00,2445.41,2452.46,2444.9,2450.72,1318.117934
2026-09-04 19:00:00+00:00,2450.79,2457.8,2450.79,2456.11,1854.484039
2026-09-04 20:00:00+00:00,2455.82,2458.97,2450.88,2451.32,1435.635757
2026-09-04 21:00:00+00:00,2451.31,2456.86,2450.01,2452.09,1289.749266
2026-09-04 22:00:00+00:00,2452.09,2454.5,2450.71,2451.13,662.505376
2026-09-04 23:00:00+00:00,2451.13,2456.03,2450.04,2456.03,2069.948458
2026-09-05 00:00:00+00:00,2456.03,2456.67,2451.62,2452.1,1395.912067
2026-09-05 01:00:00+00:00,2452.11,2456.17,2451.48,2452.0,1427.275225
2026-09-05 02:00:00+00:00,2452.01,2453.31,2450.0,2453.23,1141.011757
2026-09-05 03:00:00+00:00,2453.23,2455.99,2451.01,2452.6,948.781474
2026-09-05 04:00:00+00:00,2452.69,2453.12,2448.6,2449.12,1277.050914
2026-09-05 05:00:00+00:00,2449.13,2452.41,2445.0,2450.99,1936.234505
2026-09-05 06:00:00+00:00,2451.07,2454.77,2450.65,2453.47,1234.674932
2026-09-05 07:00:00+00:00,2453.6,2459.9,2452.83,2457.99,12261.334081
2026-09-05 08:00:00+00:00,2458.0,2458.0,2453.0,2456.89,2072.475863
2026-09-05 09:00:00+00:00,2456.89,2460.32,2456.69,2458.49,1255.859364
2026-09-05 10:00:00+00:00,2458.42,2458.75,2454.0,2454.25,846.766394
2026-09-05 11:00:00+00:00,2454.25,2456.2,2453.0,2453.85,656.479012
2026-09-05 12:00:00+00:00,2453.86,2462.0,2452.98,2458.87,1101.089664
2026-09-05 13:00:00+00:00,2458.88,2462.0,2449.49,2454.19,2079.257775
2026-09-05 14:00:00+00:00,2454.2,2459.01,2453.78,2457.5,974.037619
2026-09-05 15:00:00+00:00,2457.46,2460.0,2455.9,2459.92,1457.926752
2026-09-05 16:00:00+00:00,2459.93,2474.36,2458.83,2471.06,4085.932207
2026-09-05 17:00:00+00:00,2471.13,2485.71,2471.0,2481.01,5326.274811
2026-09-05 18:00:00+00:00,2481.28,2482.32,2476.01,2480.47,1562.682522
2026-09-05 19:00:00+00:00,2480.47,2482.53,2472.73,2477.58,2427.328187
2026-09-05 20:00:00+00:00,2477.59,2483.65,2475.1,2477.62,1877.976846
2026-09-05 21:00:00+00:00,2477.61,2493.3,2476.61,2489.0,1811.690849
2026-09-05 22:00:00+00:00,2489.02,2491.07,2479.05,2480.97,1599.979583
2026-09-05 23:00:00+00:00,2480.97,2483.79,2476.89,2480.19,1425.543101
2026-09-06 00:00:00+00:00,2480.11,2492.39,2479.14,2490.0,2102.47741
2026-09-06 01:00:00+00:00,2490.0,2508.0,2489.08,2505.49,5965.778604
2026-09-06 02:00:00+00:00,2505.49,2511.0,2500.59,2503.16,2457.824098
2026-09-06 03:00:00+00:00,2503.2,2514.51,2500.25,2509.56,4111.975156
2026-09-06 04:00:00+00:00,2509.57,2510.97,2498.4,2504.33,1677.974049
2026-09-06 05:00:00+00:00,2504.33,2524.0,2500.66,2513.43,4559.433196
2026-09-06 06:00:00+00:00,2513.54,2513.54,2503.58,2505.79,2178.73748
2026-09-06 07:00:00+00:00,2505.79,2507.79,2481.87,2496.81,5761.81097
2026-09-06 08:00:00+00:00,2496.78,2499.94,2491.93,2495.65,1605.915639
2026-09-06 09:00:00+00:00,2495.75,2503.51,2494.0,2499.17,2037.959298
2026-09-06 10:00:00+00:00,2499.21,2502.6,2497.59,2501.58,1302.515027
2026-09-06 11:00:00+00:00,2501.58,2504.26,2499.67,2501.76,1884.805029
2026-09-06 12:00:00+00:00,2501.77,2504.7,2497.41,2500.38,3266.983112
2026-09-06 13:00:00+00:00,2500.39,2500.8,2486.66,2494.63,3348.204037
2026-09-06 14:00:00+00:00,2494.64,2495.0,2460.0,2478.5,8460.812204
2026-09-06 15:00:00+00:00,2478.56,2482.65,2470.09,2479.86,2655.057894
2026-09-06 16:00:00+00:00,2479.8,2487.52,2475.09,2484.63,2199.606874
2026-09-06 17:00:00+00:00,2484.62,2494.66,2480.34,2491.34,2522.276598
2026-09-06 18:00:00+00:00,2491.46,2500.1,2491.46,2494.51,1527.439507
2026-09-06 19:00:00+00:00,2494.5,2494.55,2489.73,2490.75,915.887912
2026-09-06 20:00:00+00:00,2490.78,2500.4,2488.77,2499.38,980.342432
2026-09-06 21:00:00+00:00,2499.6,2515.83,2499.46,2508.33,4251.158264
2026-09-06 22:00:00+00:00,2508.28,2510.7,2487.41,2508.17,4423.391891
2026-09-06 23:00:00+00:00,2508.17,2526.57,2506.71,2514.77,4972.281505
2026-09-07 00:00:00+00:00,2514.61,2522.39,2509.46,2513.22,3066.542855
2026-09-07 01:00:00+00:00,2513.23,2516.25,2499.6,2504.0,2769.113581
2026-09-07 02:00:00+00:00,2503.83,2536.54,2498.68,2511.79,6292.46562
2026-09-07 03:00:00+00:00,2511.8,2516.25,2496.64,2497.55,4074.107546
2026-09-07 04:00:00+00:00,2497.55,2499.99,2492.46,2497.95,2203.162685
2026-09-07 05:00:00+00:00,2497.95,2513.94,2497.11,2504.7,4266.863955
2026-09-07 06:00:00+00:00,2504.71,2510.0,2497.9,2498.2,2073.608651
2026-09-07 07:00:00+00:00,2498.2,2502.2,2475.0,2489.58,6342.693037
2026-09-07 08:00:00+00:00,2489.59,2493.96,2489.0,2491.46,2815.460166
2026-09-07 09:00:00+00:00,2491.5,2497.56,2484.23,2484.81,3423.509262
2026-09-07 10:00:00+00:00,2484.89,2492.55,2484.89,2489.0,1992.994295
2026-09-07 11:00:00+00:00,2489.01,2493.74,2486.5,2489.3,1897.443419
2026-09-07 12:00:00+00:00,2489.3,2507.55,2488.81,2505.6,2694.864635
2026-09-07 13:00:00+00:00,2505.51,2511.4,2495.35,2498.89,2862.070462
2026-09-07 14:00:00+00:00,2498.9,2499.8,2476.36,2490.41,6439.332925
2026-09-07 15:00:00+00:00,2490.4,2490.41,2466.0,2470.49,8010.506836
2026-09-07 16:00:00+00:00,2470.5,2483.7,2470.32,2483.05,3693.913801
2026-09-07 17:00:00+00:00,2483.06,2499.24,2482.32,2495.39,3588.612766
2026-09-07 18:00:00+00:00,2495.39,2497.39,2487.27,2491.67,1465.607444
2026-09-07 19:00:00+00:00,2491.66,2497.83,2489.27,2495.99,772.872354
2026-09-07 20:00:00+00:00,2495.87,2497.41,2487.3,2494.96,1620.445242
2026-09-07 21:00:00+00:00,2495.02,2496.82,2490.4,2491.01,1048.066306
2026-09-07 22:00:00+00:00,2491.05,2492.15,2475.4,2482.91,2704.979949
2026-09-07 23:00:00+00:00,2482.91,2494.26,2482.26,2490.15,2421.120104
2026-09-08 00:00:00+00:00,2490.15,2495.76,2483.49,2495.76,2020.293165
2026-09-08 01:00:00+00:00,2495.71,2505.73,2493.61,2504.28,2909.525864
2026-09-08 02:00:00+00:00,2504.28,2507.74,2484.59,2484.85,3157.34816
2026-09-08 03:00:00+00:00,2484.85,2488.52,2478.37,2486.18,2977.380485
2026-09-08 04:00:00+00:00,2486.21,2486.63,2479.02,2479.33,2683.782131
2026-09-08 05:00:00+00:00,2479.31,2484.72,2472.8,2473.56,4470.131211
2026-09-08 06:00:00+00:00,2473.57,2477.41,2463.25,2468.59,5703.035745
2026-09-08 07:00:00+00:00,2468.51,2485.17,2467.89,2479.59,3490.790229
2026-09-08 08:00:00+00:00,2479.59,2483.6,2469.49,2477.8,3864.049613
2026-09-08 09:00:00+00:00,2477.84,2495.41,2475.87,2492.0,5099.107052
2026-09-08 10:00:00+00:00,2492.0,2499.99,2481.2,2481.29,5052.182086
2026-09-08 11:00:00+00:00,2481.29,2482.7,2471.64,2474.67,3068.563656
2026-09-08 12:00:00+00:00,2474.71,2476.25,2468.37,2472.9,3592.741223
2026-09-08 13:00:00+00:00,2472.91,2475.8,2441.67,2459.4,12384.567653
2026-09-08 14:00:00+00:00,2459.39,2486.53,2457.11,2485.7,9994.482424
2026-09-08 15:00:00+00:00,2485.7,2501.72,2480.0,2498.78,7542.215663
2026-09-08 16:00:00+00:00,2498.78,2505.2,2487.08,2496.41,5290.835094
2026-09-08 17:00:00+00:00,2496.4,2502.48,2487.83,2488.11,2992.870182
2026-09-08 18:00:00+00:00,2488.12,2508.0,2475.49,2486.94,5716.086458
2026-09-08 19:00:00+00:00,2486.95,2491.72,2476.34,2482.44,3959.531851
2026-09-08 20:00:00+00:00,2482.43,2491.59,2480.46,2483.11,1849.549772
2026-09-08 21:00:00+00:00,2483.11,2487.35,2478.61,2482.74,1874.663217
2026-09-08 22:00:00+00:00,2482.73,2490.0,2481.8,2489.01,1576.686116
2026-09-08 23:00:00+00:00,2489.01,2490.59,2482.78,2485.06,1414.512239
2026-09-09 00:00:00+00:00,2485.06,2497.14,2485.06,2496.08,1685.67112
2026-09-09 01:00:00+00:00,2496.09,2499.57,2489.4,2497.48,2201.409398
2026-09-09 02:00:00+00:00,2497.48,2499.99,2490.0,2493.75,2109.017913
2026-09-09 03:00:00+00:00,2493.74,2493.9,2486.86,2489.03,1417.819932
2026-09-09 04:00:00+00:00,2489.03,2513.94,2489.03,2509.22,6008.939629
2026-09-09 05:00:00+00:00,2509.4,2511.35,2491.45,2496.6,3941.517668
2026-09-09 06:00:00+00:00,2496.61,2505.54,2492.61,2501.41,1901.235057
2026-09-09 07:00:00+00:00,2501.41,2517.14,2500.2,2510.19,6014.5549
2026-09-09 08:00:00+00:00,2510.2,2523.51,2510.11,2519.83,4209.139931
2026-09-09 09:00:00+00:00,2519.84,2520.52,2490.61,2490.69,4276.198653
2026-09-09 10:00:00+00:00,2490.7,2494.62,2482.67,2487.58,4937.397399
2026-09-09 11:00:00+00:00,2487.58,2505.96,2482.59,2501.01,3666.370018
2026-09-09 12:00:00+00:00,2501.01,2512.53,2498.61,2511.49,5264.417377
2026-09-09 13:00:00+00:00,2511.49,2521.62,2499.8,2502.49,6363.259858
2026-09-09 14:00:00+00:00,2502.49,2514.37,2495.41,2499.59,5010.119569
2026-09-09 15:00:00+00:00,2499.6,2512.83,2470.46,2490.41,11804.003029
2026-09-09 16:00:00+00:00,2490.42,2499.68,2484.87,2496.03,4021.610797
2026-09-09 17:00:00+00:00,2495.9,2499.62,2488.63,2493.75,2827.930478
2026-09-09 18:00:00+00:00,2493.74,2495.95,2481.53,2481.55,1674.994199
2026-09-09 19:00:00+00:00,2481.55,2485.04,2462.85,2465.6,5695.827817
2026-09-09 20:00:00+00:00,2465.59,2472.3,2454.0,2471.95,4848.868031
2026-09-09 21:00:00+00:00,2471.91,2472.63,2456.67,2461.86,3518.396457
2026-09-09 22:00:00+00:00,2461.86,2463.53,2443.13,2450.45,8802.460502
2026-09-09 23:00:00+00:00,2450.45,2469.02,2450.29,2468.26,2086.611226
2026-09-10 00:00:00+00:00,2468.42,2471.72,2462.84,2465.01,3013.212309
2026-09-10 01:00:00+00:00,2465.01,2479.28,2455.0,2463.82,3328.645347
2026-09-10 02:00:00+00:00,2463.83,2475.95,2460.2,2475.11,2116.364379
2026-09-10 03:00:00+00:00,2475.03,2479.08,2471.74,2475.48,3146.185614
2026-09-10 04:00:00+00:00,2475.45,2480.95,2474.93,2478.88,1621.858285
2026-09-10 05:00:00+00:00,2479.0,2484.0,2473.91,2482.21,1754.169193
2026-09-10 06:00:00+00:00,2482.22,2484.73,2471.91,2480.3,1581.431731
2026-09-10 07:00:00+00:00,2480.3,2480.3,2464.29,2473.11,3085.860621
2026-09-10 08:00:00+00:00,2473.1,2474.98,2469.27,2471.64,2746.069022
2026-09-10 09:00:00+00:00,2471.64,2477.89,2465.0,2468.74,2792.613763
2026-09-10 10:00:00+00:00,2468.74,2472.0,2463.3,2464.58,2259.755364
2026-09-10 11:00:00+00:00,2464.48,2469.64,2458.34,2462.55,3309.082648
2026-09-10 12:00:00+00:00,2462.56,2467.18,2408.19,2415.1,21057.636955
2026-09-10 13:00:00+00:00,2414.9,2436.93,2405.91,2435.4,14571.343582
2026-09-10 14:00:00+00:00,2435.39,2444.28,2426.77,2443.97,9671.278791
2026-09-10 15:00:00+00:00,2443.88,2444.94,2432.46,2441.34,5955.334882
2026-09-10 16:00:00+00:00,2441.34,2450.92,2432.5,2448.88,11638.169383
2026-09-10 17:00:00+00:00,2448.85,2474.91,2447.01,2465.96,7079.855742
2026-09-10 18:00:00+00:00,2465.97,2469.19,2454.63,2468.42,2945.444443
2026-09-10 19:00:00+00:00,2468.42,2472.0,2460.65,2462.72,3187.267964
2026-09-10 20:00:00+00:00,2462.78,2469.06,2461.11,2461.72,1457.993031
2026-09-10 21:00:00+00:00,2461.72,2463.06,2457.6,2460.2,1530.373598
2026-09-10 22:00:00+00:00,2460.2,2462.09,2443.86,2445.23,2343.460396
2026-09-10 23:00:00+00:00,2445.23,2447.69,2434.03,2438.2,2218.257234
2026-09-11 00:00:00+00:00,2438.28,2458.53,2437.7,2456.63,1930.678441
2026-09-11 01:00:00+00:00,2456.6,2460.42,2446.47,2454.5,1893.655177
2026-09-11 02:00:00+00:00,2454.47,2455.26,2444.94,2447.03,1618.793603
2026-09-11 03:00:00+00:00,2447.04,2448.75,2440.34,2447.0,2164.375526
2026-09-11 04:00:00+00:00,2447.0,2464.55,2446.36,2459.13,3627.729527
2026-09-11 05:00:00+00:00,2459.07,2468.7,2457.52,2468.7,2458.544039
2026-09-11 06:00:00+00:00,2468.69,2471.16,2463.49,2467.0,1914.695246
2026-09-11 07:00:00+00:00,2467.01,2473.59,2466.15,2467.51,2217.24108
2026-09-11 08:00:00+00:00,2467.51,2484.59,2463.58,2476.72,3847.265346
2026-09-11 09:00:00+00:00,2476.72,2477.66,2462.24,2469.4,2648.418987
2026-09-11 10:00:00+00:00,2469.4,2475.23,2462.38,2462.38,1766.172958
2026-09-11 11:00:00+00:00,2462.39,2462.41,2452.63,2458.63,2619.099079
2026-09-11 12:00:00+00:00,2458.59,2515.78,2434.2,2511.29,33214.615888
2026-09-11 13:00:00+00:00,2511.29,2647.57,2490.68,2630.02,57538.626426
2026-09-11 14:00:00+00:00,2629.8,2667.0,2592.87,2607.99,44484.794642
2026-09-11 15:00:00+00:00,2608.17,2616.84,2544.21,2559.3,26196.816981
2026-09-11 16:00:00+00:00,2559.31,2583.33,2544.45,2577.56,19567.661141
2026-09-11 17:00:00+00:00,2577.42,2581.94,2563.23,2566.63,4384.055012
2026-09-11 18:00:00+00:00,2566.63,2568.59,2529.51,2537.66,12794.766469
2026-09-11 19:00:00+00:00,2537.56,2548.47,2532.92,2539.52,3405.656145
2026-09-11 20:00:00+00:00,2539.65,2548.19,2523.3,2530.59,5791.34768
2026-09-11 21:00:00+00:00,2530.47,2540.62,2513.77,2516.58,4467.839086
2026-09-11 22:00:00+00:00,2516.34,2523.72,2506.45,2511.77,7977.875835
2026-09-11 23:00:00+00:00,2511.8,2516.51,2509.23,2516.5,2610.093468
2026-09-12 00:00:00+00:00,2516.51,2517.85,2510.79,2511.01,1841.71726
2026-09-12 01:00:00+00:00,2511.01,2517.38,2509.61,2513.92,1831.786285
2026-09-12 02:00:00+00:00,2513.93,2516.06,2512.21,2514.5,1846.496712
2026-09-12 03:00:00+00:00,2514.4,2516.25,2510.0,2513.46,3342.695242
2026-09-12 04:00:00+00:00,2513.46,2515.51,2510.13,2513.04,1233.160245
2026-09-12 05:00:00+00:00,2513.05,2513.27,2509.06,2511.91,2252.839272
2026-09-12 06:00:00+00:00,2511.91,2522.93,2510.29,2519.69,2132.632785
2026-09-12 07:00:00+00:00,2519.7,2524.82,2519.7,2523.8,2693.107801
2026-09-12 08:00:00+00:00,2523.8,2536.75,2523.01,2533.44,4540.808554
2026-09-12 09:00:00+00:00,2533.45,2537.29,2529.17,2531.12,3274.115524
2026-09-12 10:00:00+00:00,2531.12,2536.59,2531.11,2533.4,1022.750635
2026-09-12 11:00:00+00:00,2533.4,2537.35,2530.86,2536.28,1020.362038
2026-09-12 12:00:00+00:00,2536.29,2536.59,2532.0,2535.56,1197.02075
2026-09-12 13:00:00+00:00,2535.56,2547.0,2533.24,2544.59,3535.58583
2026-09-12 14:00:00+00:00,2544.59,2545.7,2539.2,2540.1,2003.719582
2026-09-12 15:00:00+00:00,2540.1,2542.97,2531.43,2535.12,3470.723804
2026-09-12 16:00:00+00:00,2535.12,2536.55,2530.48,2531.5,2545.457601
2026-09-12 17:00:00+00:00,2531.51,2534.86,2524.45,2526.01,3271.249917
2026-09-12 18:00:00+00:00,2526.02,2527.7,2520.5,2522.45,2385.893054
2026-09-12 19:00:00+00:00,2522.46,2523.22,2515.0,2519.38,2545.370503
2026-09-12 20:00:00+00:00,2519.39,2524.37,2519.39,2520.66,1442.057942
2026-09-12 21:00:00+00:00,2520.66,2528.75,2520.03,2524.01,2070.462415
2026-09-12 22:00:00+00:00,2524.01,2526.4,2520.08,2523.0,1483.13807
2026-09-12 23:00:00+00:00,2523.0,2526.76,2522.3,2525.95,986.480687
2026-09-13 00:00:00+00:00,2525.89,2527.39,2523.26,2525.11,1582.735753
2026-09-13 01:00:00+00:00,2525.11,2527.63,2522.46,2525.83,1416.292316
2026-09-13 02:00:00+00:00,2525.83,2525.83,2520.87,2521.42,1781.353259
2026-09-13 03:00:00+00:00,2521.43,2522.88,2519.29,2520.95,1417.432857
2026-09-13 04:00:00+00:00,2520.95,2523.68,2519.0,2520.39,1335.805481
2026-09-13 05:00:00+00:00,2520.4,2524.64,2520.4,2522.86,985.112984
2026-09-13 06:00:00+00:00,2522.86,2523.49,2510.0,2513.22,1799.525376
2026-09-13 07:00:00+00:00,2513.22,2521.19,2512.01,2518.16,16181.771076
2026-09-13 08:00:00+00:00,2518.15,2519.97,2488.17,2494.6,8687.668913
2026-09-13 09:00:00+00:00,2494.6,2497.85,2470.65,2485.2,10581.665427
2026-09-13 10:00:00+00:00,2485.19,2486.3,2469.87,2472.68,3431.908209
2026-09-13 11:00:00+00:00,2472.72,2482.53,2468.07,2481.45,2612.399894
2026-09-13 12:00:00+00:00,2481.45,2483.54,2475.38,2477.71,2346.44206
2026-09-13 13:00:00+00:00,2477.71,2483.33,2461.54,2479.26,3594.979072
2026-09-13 14:00:00+00:00,2479.26,2495.63,2479.12,2492.83,3720.210468
2026-09-13 15:00:00+00:00,2492.83,2493.26,2482.34,2491.18,5509.630056
2026-09-13 16:00:00+00:00,2491.19,2506.24,2490.94,2504.87,5279.283104
2026-09-13 17:00:00+00:00,2504.83,2513.0,2502.99,2505.06,1780.135355
2026-09-13 18:00:00+00:00,2505.05,2509.5,2504.52,2509.4,824.911607
2026-09-13 19:00:00+00:00,2509.41,2515.47,2503.42,2506.08,1389.835352
2026-09-13 20:00:00+00:00,2506.09,2514.99,2506.09,2513.01,1030.161436
2026-09-13 21:00:00+00:00,2513.01,2516.7,2508.54,2509.01,1401.423753
2026-09-13 22:00:00+00:00,2509.01,2509.01,2472.32,2475.82,9121.667351
2026-09-13 23:00:00+00:00,2475.84,2482.23,2470.65,2476.89,3259.015211
2026-09-14 00:00:00+00:00,2476.93,2491.94,2464.52,2484.21,8451.040207
2026-09-14 01:00:00+00:00,2484.21,2496.08,2473.62,2493.41,4313.549177
2026-09-14 02:00:00+00:00,2493.49,2513.45,2490.8,2511.07,5595.972604
2026-09-14 03:00:00+00:00,2511.08,2519.85,2507.41,2512.85,4639.670074
2026-09-14 04:00:00+00:00,2512.85,2518.0,2511.19,2514.86,2429.142433
2026-09-14 05:00:00+00:00,2514.87,2516.37,2510.39,2516.37,2231.58605
2026-09-14 06:00:00+00:00,2516.37,2527.0,2508.09,2514.51,6134.734653
2026-09-14 07:00:00+00:00,2514.61,2526.52,2511.47,2522.62,4948.381845
2026-09-14 08:00:00+00:00,2522.73,2532.71,2516.13,2518.68,6362.967331
2026-09-14 09:00:00+00:00,2518.67,2534.66,2511.33,2523.93,7524.351626
2026-09-14 10:00:00+00:00,2523.83,2525.56,2513.0,2513.01,3001.658111
2026-09-14 11:00:00+00:00,2513.01,2516.89,2505.5,2509.18,3006.099953
2026-09-14 12:00:00+00:00,2509.19,2518.56,2503.49,2505.48,4218.739117
2026-09-14 13:00:00+00:00,2505.49,2518.0,2488.0,2500.82,11682.48945
2026-09-14 14:00:00+00:00,2500.82,2516.76,2494.87,2501.88,8358.476985
2026-09-14 15:00:00+00:00,2501.78,2513.25,2496.55,2508.53,5825.413998
2026-09-14 16:00:00+00:00,2508.52,2537.57,2504.19,2529.34,9002.13535
2026-09-14 17:00:00+00:00,2529.2,2535.55,2522.56,2533.52,4189.567634
2026-09-14 18:00:00+00:00,2533.53,2544.39,2529.72,2538.8,7606.557907
2026-09-14 19:00:00+00:00,2538.91,2549.65,2534.2,2539.72,4645.492778
2026-09-14 20:00:00+00:00,2539.73,2615.0,2539.73,2570.63,17261.552267
2026-09-14 21:00:00+00:00,2570.64,2571.76,2538.88,2546.78,9501.871825
2026-09-14 22:00:00+00:00,2546.79,2556.68,2532.61,2533.46,4893.136886
2026-09-14 23:00:00+00:00,2533.46,2534.85,2513.42,2515.75,4874.501219
2026-09-15 00:00:00+00:00,2515.4,2517.5,2507.21,2516.13,5077.439827
2026-09-15 01:00:00+00:00,2515.98,2519.75,2508.04,2515.62,3259.231652
2026-09-15 02:00:00+00:00,2515.66,2519.82,2509.45,2512.45,3202.789754
2026-09-15 03:00:00+00:00,2512.45,2512.46,2495.82,2499.22,4148.555058
2026-09-15 04:00:00+00:00,2498.76,2500.78,2490.0,2490.77,4133.547015
2026-09-15 05:00:00+00:00,2490.72,2497.86,2478.66,2496.45,5915.110964
2026-09-15 06:00:00+00:00,2496.54,2500.92,2481.89,2485.92,3326.811255
2026-09-15 07:00:00+00:00,2485.92,2486.04,2470.08,2474.32,11037.681718
2026-09-15 08:00:00+00:00,2474.22,2477.76,2465.11,2477.46,7038.635584
2026-09-15 09:00:00+00:00,2477.45,2480.53,2473.21,2474.46,3066.944985
2026-09-15 10:00:00+00:00,2474.37,2486.65,2471.76,2483.85,7448.311371
2026-09-15 11:00:00+00:00,2483.85,2488.32,2473.0,2476.43,4015.742713
2026-09-15 12:00:00+00:00,2476.43,2485.99,2475.18,2479.32,4035.987837
2026-09-15 13:00:00+00:00,2479.33,2486.66,2432.25,2453.82,23551.957074
2026-09-15 14:00:00+00:00,2453.83,2458.0,2389.0,2408.13,28347.26734
2026-09-15 15:00:00+00:00,2408.13,2432.3,2398.01,2424.68,12168.70422
2026-09-15 16:00:00+00:00,2424.51,2426.19,2412.7,2422.29,3989.958011
2026-09-15 17:00:00+00:00,2422.29,2448.98,2413.01,2441.16,10050.244279
2026-09-15 18:00:00+00:00,2441.01,2447.14,2358.1,2403.36,62915.847933
2026-09-15 19:00:00+00:00,2402.88,2420.0,2397.65,2416.73,22085.885942
2026-09-15 20:00:00+00:00,2416.74,2418.61,2395.27,2407.74,10809.394263
2026-09-15 21:00:00+00:00,2407.74,2407.99,2389.71,2390.42,4726.177811
2026-09-15 22:00:00+00:00,2390.42,2403.03,2381.65,2396.89,4739.840064
2026-09-15 23:00:00+00:00,2396.81,2412.69,2396.43,2398.07,5608.577271
2026-09-16 00:00:00+00:00,2398.24,2406.03,2397.45,2399.01,2469.028795
2026-09-16 01:00:00+00:00,2399.01,2407.78,2390.63,2390.78,4300.346662
2026-09-16 02:00:00+00:00,2390.78,2411.77,2388.76,2403.2,4968.481739
2026-09-16 03:00:00+00:00,2403.21,2411.64,2400.47,2402.16,3078.877905
2026-09-16 04:00:00+00:00,2402.17,2410.76,2402.07,2403.96,3761.015987
2026-09-16 05:00:00+00:00,2403.86,2407.96,2393.37,2407.45,5605.171584
2026-09-16 06:00:00+00:00,2407.47,2409.95,2393.45,2407.18,7807.727991
2026-09-16 07:00:00+00:00,2407.19,2411.59,2397.0,2397.27,33199.893776
2026-09-16 08:00:00+00:00,2397.27,2403.74,2382.53,2403.28,10092.409911
2026-09-16 09:00:00+00:00,2403.27,2407.33,2399.36,2405.84,2864.140018
2026-09-16 10:00:00+00:00,2405.84,2407.31,2398.45,2406.48,1913.471085
2026-09-16 11:00:00+00:00,2406.48,2430.07,2402.86,2422.62,4863.449041
2026-09-16 12:00:00+00:00,2422.44,2423.87,2403.22,2406.7,4208.337218
2026-09-16 13:00:00+00:00,2406.69,2407.07,2390.0,2394.2,6112.732511
2026-09-16 14:00:00+00:00,2394.16,2398.99,2378.23,2390.59,9917.642661
2026-09-16 15:00:00+00:00,2390.63,2402.75,2384.0,2392.71,4745.593527
2026-09-16 16:00:00+00:00,2392.79,2399.56,2387.0,2391.8,4963.640307
2026-09-16 17:00:00+00:00,2391.7,2396.62,2371.55,2390.68,9161.610085
2026-09-16 18:00:00+00:00,2390.85,2430.0,2368.72,2398.11,55942.681609
2026-09-16 19:00:00+00:00,2398.33,2418.44,2377.0,2408.51,16308.249672
2026-09-16 20:00:00+00:00,2408.46,2419.89,2404.71,2411.06,6333.504956
2026-09-16 21:00:00+00:00,2411.23,2413.64,2400.0,2404.82,2835.813087
2026-09-16 22:00:00+00:00,2404.83,2406.05,2388.0,2392.47,3833.400107
2026-09-16 23:00:00+00:00,2392.47,2422.8,2390.01,2418.48,5525.172804
2026-09-17 00:00:00+00:00,2418.48,2427.89,2416.01,2418.85,3070.5594
2026-09-17 01:00:00+00:00,2418.96,2445.16,2413.86,2427.83,17151.519616
2026-09-17 02:00:00+00:00,2427.83,2433.04,2416.31,2428.93,6071.79937
2026-09-17 03:00:00+00:00,2429.11,2439.03,2429.11,2435.76,2294.463568
2026-09-17 04:00:00+00:00,2435.76,2444.29,2425.3,2442.2,3258.474462
2026-09-17 05:00:00+00:00,2442.07,2446.7,2436.1,2437.22,3376.145174
2026-09-17 06:00:00+00:00,2437.13,2446.64,2435.76,2441.26,2570.261637
2026-09-17 07:00:00+00:00,2441.26,2454.99,2441.01,2444.38,7863.797592
2026-09-17 08:00:00+00:00,2444.38,2446.58,2437.41,2445.59,4842.087161
2026-09-17 09:00:00+00:00,2445.59,2449.37,2438.13,2438.66,4985.379114
2026-09-17 10:00:00+00:00,2438.67,2439.36,2430.38,2435.8,3718.409012
2026-09-17 11:00:00+00:00,2435.83,2443.25,2428.01,2442.64,3474.929423
2026-09-17 12:00:00+00:00,2442.4,2480.0,2439.33,2459.98,16210.402839
2026-09-17 13:00:00+00:00,2459.99,2464.83,2432.98,2462.35,9417.517631
2026-09-17 14:00:00+00:00,2462.36,2483.83,2450.77,2461.68,15034.809955
2026-09-17 15:00:00+00:00,2461.68,2478.11,2448.38,2470.29,8085.060468
2026-09-17 16:00:00+00:00,2470.29,2473.24,2454.72,2470.59,4793.552226
2026-09-17 17:00:00+00:00,2470.6,2476.85,2460.24,2462.89,4517.219683
2026-09-17 18:00:00+00:00,2462.89,2463.79,2450.27,2451.87,3211.57367
2026-09-17 19:00:00+00:00,2451.89,2455.69,2445.29,2449.1,2840.15769
2026-09-17 20:00:00+00:00,2449.1,2458.87,2447.4,2453.63,1738.266264
2026-09-17 21:00:00+00:00,2453.59,2456.07,2447.45,2447.46,2881.607268
2026-09-17 22:00:00+00:00,2447.45,2449.8,2437.39,2445.8,4541.567547
2026-09-17 23:00:00+00:00,2445.8,2450.65,2444.03,2447.65,3085.919106
2026-09-18 00:00:00+00:00,2447.12,2448.5,2436.91,2448.2,2827.837794
2026-09-18 01:00:00+00:00,2448.2,2459.98,2445.63,2457.61,3698.394238
2026-09-18 02:00:00+00:00,2457.61,2466.98,2452.58,2462.91,4460.779136
2026-09-18 03:00:00+00:00,2462.84,2485.38,2461.71,2479.4,12231.713197
2026-09-18 04:00:00+00:00,2479.4,2483.18,2470.03,2482.49,6332.012278
2026-09-18 05:00:00+00:00,2482.5,2493.24,2477.09,2480.4,8182.074838
2026-09-18 06:00:00+00:00,2480.4,2488.15,2480.39,2487.44,4761.618602
2026-09-18 07:00:00+00:00,2487.43,2498.5,2485.85,2489.93,9950.866915
2026-09-18 08:00:00+00:00,2489.94,2507.25,2485.55,2505.44,6882.14089
2026-09-18 09:00:00+00:00,2505.19,2521.05,2502.18,2507.89,14180.459503
2026-09-18 10:00:00+00:00,2507.9,2521.6,2507.79,2513.57,5091.316336
2026-09-18 11:00:00+00:00,2513.56,2518.19,2499.18,2508.42,6185.592433
2026-09-18 12:00:00+00:00,2508.42,2511.05,2500.0,2502.57,6206.520508
2026-09-18 13:00:00+00:00,2502.57,2578.0,2493.76,2554.94,48243.616876
2026-09-18 14:00:00+00:00,2554.66,2585.0,2554.66,2582.74,33984.612215
2026-09-18 15:00:00+00:00,2582.54,2597.97,2565.93,2584.26,16664.231595
2026-09-18 16:00:00+00:00,2584.25,2610.44,2579.01,2597.18,19763.853128
2026-09-18 17:00:00+00:00,2597.28,2610.01,2585.28,2607.11,8305.788534
2026-09-18 18:00:00+00:00,2607.11,2626.51,2601.41,2612.92,10458.332269
2026-09-18 19:00:00+00:00,2612.92,2646.38,2611.74,2636.72,11103.844546
2026-09-18 20:00:00+00:00,2636.48,2640.41,2624.52,2631.8,7159.458784
2026-09-18 21:00:00+00:00,2631.88,2639.98,2625.01,2626.82,5409.904933
2026-09-18 22:00:00+00:00,2626.82,2634.5,2617.59,2619.81,3757.387135
2026-09-18 23:00:00+00:00,2620.13,2622.43,2608.75,2611.96,3918.29896
2026-09-19 00:00:00+00:00,2611.9,2626.91,2607.01,2626.86,4123.530932
2026-09-19 01:00:00+00:00,2626.92,2627.49,2603.31,2613.04,4433.7008
2026-09-19 02:00:00+00:00,2613.16,2623.68,2612.08,2623.66,2595.431726
2026-09-19 03:00:00+00:00,2623.52,2632.18,2619.34,2620.23,2555.563771
2026-09-19 04:00:00+00:00,2620.24,2627.77,2612.09,2619.98,3088.695727
2026-09-19 05:00:00+00:00,2619.99,2633.53,2619.74,2628.77,2536.727516
2026-09-19 06:00:00+00:00,2628.95,2630.72,2620.48,2627.44,1666.335535
2026-09-19 07:00:00+00:00,2627.52,2636.0,2622.73,2626.71,9298.384526
2026-09-19 08:00:00+00:00,2626.8,2662.75,2623.75,2645.44,12852.618472
2026-09-19 09:00:00+00:00,2645.45,2660.0,2632.66,2640.91,5570.330553
2026-09-19 10:00:00+00:00,2640.92,2646.0,2638.05,2638.56,2997.584604
2026-09-19 11:00:00+00:00,2638.53,2643.0,2636.73,2639.71,2408.050083
2026-09-19 12:00:00+00:00,2639.71,2644.17,2636.49,2642.35,2094.33751
2026-09-19 13:00:00+00:00,2642.35,2643.74,2627.5,2638.38,3774.561111
2026-09-19 14:00:00+00:00,2638.44,2644.22,2636.23,2638.81,2664.39806
2026-09-19 15:00:00+00:00,2638.81,2652.36,2637.32,2641.16,3731.963989
2026-09-19 16:00:00+00:00,2641.29,2651.66,2636.0,2650.05,2569.768755
2026-09-19 17:00:00+00:00,2649.97,2668.99,2642.46,2645.59,5165.581344
2026-09-19 18:00:00+00:00,2645.53,2647.62,2635.0,2638.94,3783.749221
2026-09-19 19:00:00+00:00,2638.95,2640.84,2631.98,2635.07,1586.792751
2026-09-19 20:00:00+00:00,2635.08,2640.49,2632.18,2635.86,1449.301866
2026-09-19 21:00:00+00:00,2636.22,2639.19,2617.82,2628.2,4316.434594
2026-09-19 22:00:00+00:00,2627.95,2631.81,2619.29,2630.94,1499.643685
2026-09-19 23:00:00+00:00,2630.95,2637.65,2629.63,2632.76,1735.03605
2026-09-20 00:00:00+00:00,2632.77,2633.0,2625.8,2627.42,1391.801969
2026-09-20 01:00:00+00:00,2627.36,2627.4,2613.75,2619.64,2473.203818
2026-09-20 02:00:00+00:00,2619.65,2624.32,2566.63,2574.43,13452.772765
2026-09-20 03:00:00+00:00,2574.43,2591.01,2564.14,2588.02,8203.932564
2026-09-20 04:00:00+00:00,2588.02,2588.45,2576.39,2580.02,2949.752797
2026-09-20 05:00:00+00:00,2580.2,2586.04,2574.03,2578.14,3097.029778
2026-09-20 06:00:00+00:00,2578.13,2585.4,2569.23,2574.53,3416.13286
2026-09-20 07:00:00+00:00,2574.53,2578.96,2571.41,2577.32,8661.991876
2026-09-20 08:00:00+00:00,2577.3,2584.12,2569.82,2575.07,2582.38748
2026-09-20 09:00:00+00:00,2575.0,2587.5,2574.6,2579.99,3142.594375
2026-09-20 10:00:00+00:00,2580.0,2581.81,2570.91,2571.5,2496.628739
2026-09-20 11:00:00+00:00,2571.49,2581.07,2567.94,2579.08,2110.944129
2026-09-20 12:00:00+00:00,2579.09,2583.22,2571.95,2580.51,1896.237964
2026-09-20 13:00:00+00:00,2580.5,2586.51,2577.14,2580.9,2098.31371
2026-09-20 14:00:00+00:00,2580.91,2588.8,2573.9,2585.64,4398.698778
2026-09-20 15:00:00+00:00,2585.64,2615.97,2585.64,2612.89,8612.744793
2026-09-20 16:00:00+00:00,2612.89,2648.05,2606.82,2640.18,10805.742959
2026-09-20 17:00:00+00:00,2640.47,2649.94,2618.53,2626.36,8001.259913
2026-09-20 18:00:00+00:00,2626.35,2640.18,2622.13,2626.39,2322.919755
2026-09-20 19:00:00+00:00,2626.65,2638.69,2625.91,2633.26,1512.387156
2026-09-20 20:00:00+00:00,2633.4,2642.99,2630.21,2634.84,1969.600812
2026-09-20 21:00:00+00:00,2634.86,2635.99,2608.61,2631.07,5670.284721
2026-09-20 22:00:00+00:00,2631.08,2647.0,2624.33,2639.39,5063.337765
2026-09-20 23:00:00+00:00,2639.39,2648.8,2632.31,2644.88,2846.109238
2026-09-21 00:00:00+00:00,2645.08,2707.98,2643.98,2688.92,26916.756658
2026-09-21 01:00:00+00:00,2688.8,2701.0,2644.13,2649.37,13432.774313
2026-09-21 02:00:00+00:00,2649.44,2669.54,2644.24,2661.98,6120.182476
2026-09-21 03:00:00+00:00,2662.03,2673.73,2658.46,2666.02,3196.127347
2026-09-21 04:00:00+00:00,2666.02,2670.43,2653.72,2663.92,3496.207105
2026-09-21 05:00:00+00:00,2663.99,2675.85,2658.96,2665.52,3184.536375
2026-09-21 06:00:00+00:00,2665.52,2678.5,2654.43,2663.26,4516.868555
2026-09-21 07:00:00+00:00,2663.15,2665.78,2645.98,2661.17,24140.938098
2026-09-21 08:00:00+00:00,2661.29,2713.8,2660.64,2696.47,23492.71116
2026-09-21 09:00:00+00:00,2696.34,2749.0,2691.98,2720.5,26213.94758
2026-09-21 10:00:00+00:00,2720.67,2726.57,2706.87,2715.8,7802.250977
2026-09-21 11:00:00+00:00,2715.8,2730.2,2713.11,2725.55,4957.331658
2026-09-21 12:00:00+00:00,2725.41,2740.38,2718.76,2735.22,9510.575472
2026-09-21 13:00:00+00:00,2735.22,2744.84,2718.43,2732.32,18826.377112
2026-09-21 14:00:00+00:00,2732.48,2757.14,2712.0,2736.37,18485.208629
2026-09-21 15:00:00+00:00,2736.37,2765.51,2728.49,2755.56,14462.483202
2026-09-21 16:00:00+00:00,2755.44,2769.0,2742.85,2754.57,11195.255836
2026-09-21 17:00:00+00:00,2754.58,2758.72,2735.13,2743.07,5517.354128
2026-09-21 18:00:00+00:00,2743.08,2758.15,2738.01,2757.95,3247.138097
2026-09-21 19:00:00+00:00,2758.14,2776.24,2755.15,2761.93,6826.875606
2026-09-21 20:00:00+00:00,2761.72,2807.67,2761.72,2784.55,15017.827173
2026-09-21 21:00:00+00:00,2783.99,2783.99,2763.7,2768.57,3641.304108
2026-09-21 22:00:00+00:00,2768.58,2783.99,2767.32,2779.0,4041.575688
2026-09-21 23:00:00+00:00,2778.85,2788.0,2767.0,2776.13,3951.994095
2026-09-22 00:00:00+00:00,2776.14,2778.11,2753.0,2754.74,5638.215793
2026-09-22 01:00:00+00:00,2754.74,2757.19,2737.19,2748.46,9314.99313
2026-09-22 02:00:00+00:00,2748.53,2750.47,2737.01,2740.0,4444.979691
2026-09-22 03:00:00+00:00,2740.0,2743.82,2725.77,2739.46,4612.346414
2026-09-22 04:00:00+00:00,2739.46,2743.27,2726.39,2729.52,3537.068274
2026-09-22 05:00:00+00:00,2729.54,2739.38,2716.0,2733.43,5854.20744
2026-09-22 06:00:00+00:00,2733.43,2736.74,2725.01,2730.65,3063.76679
2026-09-22 07:00:00+00:00,2730.64,2734.84,2722.36,2726.34,8017.999643
2026-09-22 08:00:00+00:00,2726.35,2755.4,2721.5,2748.71,9312.978135
2026-09-22 09:00:00+00:00,2748.71,2754.28,2730.56,2750.64,6525.181089
2026-09-22 10:00:00+00:00,2750.92,2752.34,2735.76,2742.29,2333.13548
2026-09-22 11:00:00+00:00,2742.3,2747.59,2734.7,2742.24,2381.442381
2026-09-22 12:00:00+00:00,2742.24,2757.0,2735.92,2756.84,4821.135834
2026-09-22 13:00:00+00:00,2756.84,2764.42,2739.2,2759.12,8355.743136
2026-09-22 14:00:00+00:00,2759.2,2760.18,2716.59,2742.84,10784.2291
2026-09-22 15:00:00+00:00,2742.88,2755.96,2736.74,2744.07,5098.459708
2026-09-22 16:00:00+00:00,2744.08,2750.82,2729.37,2745.52,6487.206674
2026-09-22 17:00:00+00:00,2745.53,2759.39,2743.54,2753.78,4694.644715
2026-09-22 18:00:00+00:00,2753.9,2756.74,2743.05,2752.29,3513.5254
2026-09-22 19:00:00+00:00,2752.29,2763.64,2745.03,2751.42,4543.580397
2026-09-22 20:00:00+00:00,2751.64,2758.79,2747.45,2751.73,2689.137165
2026-09-22 21:00:00+00:00,2751.59,2754.61,2747.09,2747.37,2276.678239
2026-09-22 22:00:00+00:00,2747.31,2760.46,2736.29,2753.02,3864.969213
2026-09-22 23:00:00+00:00,2753.24,2774.58,2748.96,2753.82,6395.944759
2026-09-23 00:00:00+00:00,2754.06,2766.66,2749.85,2760.31,2984.901064
2026-09-23 01:00:00+00:00,2760.11,2774.92,2746.0,2754.2,3048.061834
2026-09-23 02:00:00+00:00,2754.14,2763.0,2746.47,2762.41,1796.306039
2026-09-23 03:00:00+00:00,2762.23,2784.28,2758.07,2774.05,6571.954633
2026-09-23 04:00:00+00:00,2774.05,2788.7,2767.69,2779.5,4702.110821
2026-09-23 05:00:00+00:00,2779.56,2780.14,2755.6,2757.81,4179.918868
2026-09-23 06:00:00+00:00,2757.8,2762.08,2752.23,2754.46,2802.901453
2026-09-23 07:00:00+00:00,2754.45,2754.82,2735.03,2743.31,7785.740813
2026-09-23 08:00:00+00:00,2743.31,2750.54,2726.96,2735.28,4926.038594
2026-09-23 09:00:00+00:00,2735.29,2743.8,2731.49,2733.77,4862.03114
2026-09-23 10:00:00+00:00,2733.78,2738.55,2726.01,2738.2,4154.616559
2026-09-23 11:00:00+00:00,2738.19,2739.7,2717.02,2728.13,5948.501742
2026-09-23 12:00:00+00:00,2728.12,2730.41,2712.0,2722.24,5465.887801
2026-09-23 13:00:00+00:00,2722.18,2723.82,2707.73,2716.14,9556.195641
2026-09-23 14:00:00+00:00,2716.15,2723.45,2647.59,2676.54,41094.434553
2026-09-23 15:00:00+00:00,2676.54,2684.69,2654.69,2656.47,14540.565505
2026-09-23 16:00:00+00:00,2656.01,2667.84,2635.23,2661.06,15177.316006
2026-09-23 17:00:00+00:00,2661.09,2671.14,2648.0,2668.16,6150.269941
2026-09-23 18:00:00+00:00,2668.17,2672.53,2659.43,2669.14,3254.841904
2026-09-23 19:00:00+00:00,2669.14,2680.6,2664.51,2678.68,3463.087724
2026-09-23 20:00:00+00:00,2678.75,2680.0,2669.27,2671.24,2444.637751
2026-09-23 21:00:00+00:00,2671.25,2679.49,2668.42,2677.47,2285.141004
2026-09-23 22:00:00+00:00,2677.48,2698.56,2676.4,2690.32,5293.27517
2026-09-23 23:00:00+00:00,2690.09,2690.72,2681.4,2684.83,1523.539578
2026-09-24 00:00:00+00:00,2684.84,2692.68,2678.93,2682.36,2251.44894
2026-09-24 01:00:00+00:00,2682.5,2692.29,2674.45,2675.11,3413.726754
2026-09-24 02:00:00+00:00,2675.25,2688.17,2664.31,2685.69,4291.784607
2026-09-24 03:00:00+00:00,2685.68,2690.65,2671.63,2676.8,3361.821823
2026-09-24 04:00:00+00:00,2676.88,2683.82,2669.69,2682.18,2360.70913
2026-09-24 05:00:00+00:00,2682.18,2704.28,2681.71,2682.86,5108.797144
2026-09-24 06:00:00+00:00,2682.75,2690.58,2678.48,2686.13,2588.364085
2026-09-24 07:00:00+00:00,2686.12,2699.66,2679.64,2693.13,10658.446146
2026-09-24 08:00:00+00:00,2693.14,2695.67,2655.37,2669.51,11166.732162
2026-09-24 09:00:00+00:00,2669.52,2673.84,2628.18,2642.41,14378.69105
2026-09-24 10:00:00+00:00,2642.39,2649.62,2633.66,2648.15,5360.572377
2026-09-24 11:00:00+00:00,2648.09,2652.41,2642.95,2647.51,3065.839265
2026-09-24 12:00:00+00:00,2647.5,2654.2,2639.49,2648.65,2989.173593
2026-09-24 13:00:00+00:00,2648.69,2678.59,2648.67,2669.92,7483.13013
2026-09-24 14:00:00+00:00,2669.92,2699.77,2645.99,2657.9,14971.787388
2026-09-24 15:00:00+00:00,2657.82,2685.64,2653.0,2683.44,6828.833395
2026-09-24 16:00:00+00:00,2683.8,2706.0,2665.99,2687.25,11887.425319
2026-09-24 17:00:00+00:00,2687.12,2690.33,2666.8,2669.54,5300.930572
2026-09-24 18:00:00+00:00,2669.46,2694.47,2660.73,2690.04,4280.96827
2026-09-24 19:00:00+00:00,2690.08,2701.28,2682.85,2696.29,4005.696891
2026-09-24 20:00:00+00:00,2696.32,2697.51,2681.86,2688.02,3121.889359
2026-09-24 21:00:00+00:00,2688.02,2693.0,2685.27,2686.62,1406.610616
2026-09-24 22:00:00+00:00,2686.62,2688.42,2675.77,2685.21,2244.912648
2026-09-24 23:00:00+00:00,2685.22,2693.24,2684.7,2687.96,1720.141349
2026-09-25 00:00:00+00:00,2687.97,2697.37,2687.96,2690.46,2562.19133
2026-09-25 01:00:00+00:00,2690.57,2698.27,2682.5,2689.62,3599.484288
2026-09-25 02:00:00+00:00,2689.62,2700.1,2674.63,2676.9,5544.579576
2026-09-25 03:00:00+00:00,2676.91,2681.57,2672.77,2679.09,2699.236488
2026-09-25 04:00:00+00:00,2679.1,2685.85,2672.05,2680.31,1862.015211
2026-09-25 05:00:00+00:00,2680.31,2685.13,2675.63,2680.26,1816.089769
2026-09-25 06:00:00+00:00,2680.26,2683.28,2669.19,2674.63,2141.974672
2026-09-25 07:00:00+00:00,2674.63,2680.78,2667.34,2672.28,4907.9961
2026-09-25 08:00:00+00:00,2672.28,2696.82,2672.28,2690.99,3762.905542
2026-09-25 09:00:00+00:00,2690.72,2718.18,2690.71,2704.6,11068.390899
2026-09-25 10:00:00+00:00,2704.61,2719.42,2693.18,2714.14,5375.270914
2026-09-25 11:00:00+00:00,2714.25,2742.69,2713.28,2717.4,11325.481166
2026-09-25 12:00:00+00:00,2717.45,2725.0,2686.2,2717.6,11395.169501
2026-09-25 13:00:00+00:00,2717.66,2722.22,2680.29,2695.32,13548.748381
2026-09-25 14:00:00+00:00,2695.5,2698.45,2671.93,2695.75,15605.874303
2026-09-25 15:00:00+00:00,2695.74,2698.92,2668.63,2686.73,14752.395055
2026-09-25 16:00:00+00:00,2686.74,2698.0,2681.46,2683.38,10803.472914
2026-09-25 17:00:00+00:00,2683.27,2693.3,2678.03,2685.78,5802.251081
2026-09-25 18:00:00+00:00,2685.79,2699.3,2685.68,2693.47,2779.783367
2026-09-25 19:00:00+00:00,2693.44,2696.31,2690.23,2693.1,1710.873174
2026-09-25 20:00:00+00:00,2693.1,2696.31,2684.01,2684.43,1861.651918
2026-09-25 21:00:00+00:00,2684.44,2685.77,2677.19,2681.53,1512.388668
2026-09-25 22:00:00+00:00,2681.46,2694.44,2680.25,2691.77,1686.551636
2026-09-25 23:00:00+00:00,2691.73,2694.39,2690.63,2691.82,993.251534
2026-09-26 00:00:00+00:00,2691.82,2694.38,2681.1,2687.35,1846.353416
2026-09-26 01:00:00+00:00,2687.15,2696.09,2686.67,2692.59,1416.528683
2026-09-26 02:00:00+00:00,2692.59,2695.64,2688.85,2690.81,1200.904644
2026-09-26 03:00:00+00:00,2690.8,2691.34,2685.48,2687.91,1173.444406
2026-09-26 04:00:00+00:00,2687.91,2691.37,2685.0,2689.67,785.079216
2026-09-26 05:00:00+00:00,2689.67,2690.47,2685.36,2686.3,985.840184
2026-09-26 06:00:00+00:00,2686.31,2687.48,2683.46,2685.59,1028.237615
2026-09-26 07:00:00+00:00,2685.59,2691.57,2685.59,2690.78,1912.600717
2026-09-26 08:00:00+00:00,2690.85,2697.57,2687.55,2690.96,2069.94652
2026-09-26 09:00:00+00:00,2690.96,2690.96,2679.74,2682.96,2498.592047
2026-09-26 10:00:00+00:00,2682.95,2690.4,2682.59,2687.52,1290.218609
2026-09-26 11:00:00+00:00,2687.65,2690.56,2685.66,2689.38,804.905523
2026-09-26 12:00:00+00:00,2689.44,2692.33,2686.24,2688.82,887.305411
2026-09-26 13:00:00+00:00,2688.76,2691.91,2682.21,2686.71,1483.207363
2026-09-26 14:00:00+00:00,2686.71,2689.81,2685.47,2688.88,687.068781
2026-09-26 15:00:00+00:00,2688.87,2696.0,2688.55,2692.84,1987.12759
2026-09-26 16:00:00+00:00,2692.89,2694.25,2689.27,2691.55,762.105074
2026-09-26 17:00:00+00:00,2691.56,2691.86,2686.94,2690.76,984.26506
2026-09-26 18:00:00+00:00,2690.75,2691.16,2683.85,2685.2,601.536109
2026-09-26 19:00:00+00:00,2685.2,2686.71,2682.48,2684.6,627.237065
2026-09-26 20:00:00+00:00,2684.63,2685.61,2664.25,2676.71,4448.058495
2026-09-26 21:00:00+00:00,2676.75,2694.31,2676.23,2686.28,2617.886901
2026-09-26 22:00:00+00:00,2686.44,2692.31,2684.39,2689.13,1089.081753
2026-09-26 23:00:00+00:00,2689.13,2696.73,2689.12,2696.15,1311.607398
2026-09-27 00:00:00+00:00,2696.15,2696.4,2690.02,2693.28,942.489188
2026-09-27 01:00:00+00:00,2693.28,2705.81,2691.11,2701.55,2359.817642
2026-09-27 02:00:00+00:00,2701.55,2706.13,2697.2,2698.0,1601.733373
2026-09-27 03:00:00+00:00,2698.0,2700.68,2696.0,2696.46,1159.733356
2026-09-27 04:00:00+00:00,2696.44,2700.0,2691.48,2692.16,1172.716818
2026-09-27 05:00:00+00:00,2692.19,2712.43,2691.95,2704.75,3382.330318
2026-09-27 06:00:00+00:00,2704.73,2711.78,2704.73,2706.91,1565.451059
2026-09-27 07:00:00+00:00,2706.91,2718.83,2705.49,2717.9,3029.214411
2026-09-27 08:00:00+00:00,2717.98,2723.75,2713.77,2714.42,3109.010508
2026-09-27 09:00:00+00:00,2714.16,2716.67,2706.12,2716.24,2776.186203
2026-09-27 10:00:00+00:00,2716.24,2719.09,2708.75,2709.76,2317.920771
2026-09-27 11:00:00+00:00,2709.75,2711.77,2707.23,2709.5,2407.030171
2026-09-27 12:00:00+00:00,2709.5,2717.2,2707.69,2707.69,2012.04134
2026-09-27 13:00:00+00:00,2707.69,2715.38,2698.34,2709.76,4528.980559
2026-09-27 14:00:00+00:00,2709.77,2710.0,2682.53,2687.99,6695.291903
2026-09-27 15:00:00+00:00,2688.0,2694.13,2682.06,2690.29,4716.859867
2026-09-27 16:00:00+00:00,2690.3,2696.79,2685.0,2686.69,2203.147163
2026-09-27 17:00:00+00:00,2686.69,2692.21,2686.0,2691.4,1049.968112
2026-09-27 18:00:00+00:00,2691.39,2699.72,2690.01,2698.55,1868.578267
2026-09-27 19:00:00+00:00,2698.55,2699.24,2690.5,2691.74,853.222646
2026-09-27 20:00:00+00:00,2691.8,2696.55,2685.57,2686.29,1262.436528
2026-09-27 21:00:00+00:00,2686.29,2693.88,2675.0,2684.46,2772.346736
2026-09-27 22:00:00+00:00,2684.47,2686.8,2669.9,2675.76,6009.503735
2026-09-27 23:00:00+00:00,2675.77,2691.16,2673.95,2688.79,2677.211499
2026-09-28 00:00:00+00:00,2688.84,2703.78,2672.0,2673.85,5593.71925
