timestamp,open,high,low,close,volume
2026-06-15 00:00:00+00:00,1725.66,1733.0,1724.1,1731.64,2600.160735
2026-06-15 00:15:00+00:00,1731.36,1731.36,1724.01,1725.52,2868.764132
2026-06-15 00:30:00+00:00,1725.46,1726.0,1720.02,1721.17,1247.608998
2026-06-15 00:45:00+00:00,1721.17,1722.13,1719.8,1720.97,1912.30464
2026-06-15 01:00:00+00:00,1720.97,1721.34,1712.22,1717.75,1805.28533
2026-06-15 01:15:00+00:00,1717.62,1717.86,1709.81,1711.69,959.05315
2026-06-15 01:30:00+00:00,1711.79,1721.81,1710.9,1721.54,1404.32082
2026-06-15 01:45:00+00:00,1721.54,1721.54,1715.45,1716.0,519.215473
2026-06-15 02:00:00+00:00,1716.0,1721.24,1714.46,1720.76,613.787093
2026-06-15 02:15:00+00:00,1720.9,1726.99,1720.58,1721.07,1194.406157
2026-06-15 02:30:00+00:00,1721.0,1722.64,1719.83,1720.08,349.995603
2026-06-15 02:45:00+00:00,1720.0,1720.39,1716.2,1716.84,444.335311
2026-06-15 03:00:00+00:00,1716.85,1723.82,1715.6,1723.18,620.966148
2026-06-15 03:15:00+00:00,1723.18,1723.42,1719.95,1721.29,770.170597
2026-06-15 03:30:00+00:00,1721.29,1723.68,1720.0,1723.24,488.842101
2026-06-15 03:45:00+00:00,1723.14,1724.17,1720.24,1720.83,1466.035025
2026-06-15 04:00:00+00:00,1720.83,1722.25,1717.51,1718.82,1212.681125
2026-06-15 04:15:00+00:00,1718.82,1720.55,1717.44,1719.13,429.165383
2026-06-15 04:30:00+00:00,1719.12,1719.18,1715.74,1717.67,851.273094
2026-06-15 04:45:00+00:00,1717.31,1719.84,1716.81,1717.1,806.257221
2026-06-15 05:00:00+00:00,1717.11,1718.46,1716.0,1717.81,339.588583
2026-06-15 05:15:00+00:00,1717.81,1722.62,1717.63,1721.19,739.741191
2026-06-15 05:30:00+00:00,1721.19,1722.04,1717.11,1717.5,663.34235
2026-06-15 05:45:00+00:00,1717.54,1720.91,1717.3,1720.69,444.112823
2026-06-15 06:00:00+00:00,1720.64,1723.33,1719.81,1721.51,845.546437
2026-06-15 06:15:00+00:00,1721.51,1723.33,1720.0,1722.61,729.402268
2026-06-15 06:30:00+00:00,1722.62,1723.27,1718.37,1719.31,696.624228
2026-06-15 06:45:00+00:00,1719.31,1722.28,1719.24,1720.05,381.819337
2026-06-15 07:00:00+00:00,1720.06,1723.3,1717.01,1720.97,651.443671
2026-06-15 07:15:00+00:00,1720.93,1723.82,1720.93,1722.04,642.267302
2026-06-15 07:30:00+00:00,1722.03,1722.03,1717.47,1718.59,942.310837
2026-06-15 07:45:00+00:00,1718.59,1719.16,1716.44,1716.61,1620.099725
2026-06-15 08:00:00+00:00,1716.61,1720.43,1715.52,1719.89,521.423402
2026-06-15 08:15:00+00:00,1719.89,1720.5,1716.63,1718.75,397.37015
2026-06-15 08:30:00+00:00,1718.75,1721.92,1718.5,1721.01,561.58879
2026-06-15 08:45:00+00:00,1721.0,1721.61,1718.96,1720.52,683.707453
2026-06-15 09:00:00+00:00,1720.53,1721.42,1719.36,1720.09,307.565592
2026-06-15 09:15:00+00:00,1720.09,1726.99,1720.09,1722.0,2012.032356
2026-06-15 09:30:00+00:00,1722.0,1722.06,1712.37,1715.79,1985.490827
2026-06-15 09:45:00+00:00,1715.76,1718.95,1714.01,1718.79,502.113226
2026-06-15 10:00:00+00:00,1718.74,1723.66,1717.9,1722.93,673.083097
2026-06-15 10:15:00+00:00,1722.79,1725.99,1722.66,1724.61,1020.778135
2026-06-15 10:30:00+00:00,1724.62,1728.31,1724.29,1728.27,844.14948
2026-06-15 10:45:00+00:00,1728.27,1750.0,1727.32,1737.73,8127.435408
2026-06-15 11:00:00+00:00,1737.73,1742.5,1734.06,1740.87,2963.022331
2026-06-15 11:15:00+00:00,1740.86,1769.27,1740.86,1761.86,9907.230381
2026-06-15 11:30:00+00:00,1761.86,1765.17,1759.15,1761.91,2685.2519
2026-06-15 11:45:00+00:00,1761.92,1766.6,1760.06,1764.86,1093.712176
2026-06-15 12:00:00+00:00,1764.86,1765.99,1761.25,1765.81,1682.150505
2026-06-15 12:15:00+00:00,1765.82,1765.96,1760.26,1765.59,1191.204687
2026-06-15 12:30:00+00:00,1765.58,1775.23,1763.3,1774.49,4047.865228
2026-06-15 12:45:00+00:00,1774.61,1777.93,1772.76,1777.54,3402.502824
2026-06-15 13:00:00+00:00,1777.55,1797.71,1774.44,1794.19,6544.821648
2026-06-15 13:15:00+00:00,1794.19,1827.51,1793.74,1820.0,13188.910607
2026-06-15 13:30:00+00:00,1820.19,1822.39,1808.58,1812.99,4981.970415
2026-06-15 13:45:00+00:00,1812.94,1818.37,1811.34,1814.38,2484.564583
2026-06-15 14:00:00+00:00,1814.23,1815.14,1804.62,1810.66,3640.768851
2026-06-15 14:15:00+00:00,1810.59,1814.81,1808.01,1813.39,2270.608132
2026-06-15 14:30:00+00:00,1813.23,1814.2,1808.75,1812.08,2613.583134
2026-06-15 14:45:00+00:00,1812.14,1818.53,1812.1,1814.38,1818.527796
2026-06-15 15:00:00+00:00,1814.37,1817.55,1813.5,1816.15,2234.71131
2026-06-15 15:15:00+00:00,1816.15,1821.3,1814.77,1816.59,1216.578427
2026-06-15 15:30:00+00:00,1816.59,1832.99,1813.34,1830.3,5157.466458
2026-06-15 15:45:00+00:00,1830.31,1849.4,1829.87,1845.61,9194.909259
2026-06-15 16:00:00+00:00,1845.6,1847.22,1838.62,1844.01,4862.16442
2026-06-15 16:15:00+00:00,1844.0,1844.98,1837.67,1842.17,2495.907042
2026-06-15 16:30:00+00:00,1842.17,1846.74,1839.69,1844.06,1512.335866
2026-06-15 16:45:00+00:00,1844.27,1846.48,1840.13,1842.73,1414.67453
2026-06-15 17:00:00+00:00,1842.73,1842.74,1826.37,1832.14,5873.180136
2026-06-15 17:15:00+00:00,1832.13,1833.3,1826.52,1830.15,1951.75495
2026-06-15 17:30:00+00:00,1830.15,1832.28,1823.68,1830.38,1258.399556
2026-06-15 17:45:00+00:00,1830.38,1831.92,1827.1,1829.23,586.712306
2026-06-15 18:00:00+00:00,1829.27,1831.84,1826.12,1830.54,1014.565753
2026-06-15 18:15:00+00:00,1830.54,1831.8,1828.01,1829.16,419.567187
2026-06-15 18:30:00+00:00,1829.16,1831.41,1825.41,1829.62,679.438265
2026-06-15 18:45:00+00:00,1829.72,1835.68,1828.08,1828.13,1295.627551
2026-06-15 19:00:00+00:00,1828.13,1833.17,1826.08,1832.57,1530.218647
2026-06-15 19:15:00+00:00,1832.58,1834.44,1811.19,1819.21,3741.499265
2026-06-15 19:30:00+00:00,1819.22,1830.34,1818.74,1829.61,911.72597
2026-06-15 19:45:00+00:00,1829.62,1830.38,1818.46,1821.95,1103.818047
2026-06-15 20:00:00+00:00,1821.58,1826.52,1818.46,1824.16,908.305049
2026-06-15 20:15:00+00:00,1824.19,1824.46,1820.26,1821.75,674.194623
2026-06-15 20:30:00+00:00,1821.74,1824.0,1819.23,1819.34,799.747079
2026-06-15 20:45:00+00:00,1819.33,1819.33,1815.37,1816.99,1019.56019
2026-06-15 21:00:00+00:00,1817.0,1822.28,1815.34,1820.4,649.506133
2026-06-15 21:15:00+00:00,1820.4,1820.47,1815.31,1815.31,368.811743
2026-06-15 21:30:00+00:00,1815.3,1818.53,1813.0,1816.16,1205.605962
2026-06-15 21:45:00+00:00,1816.14,1816.66,1809.34,1811.37,863.202581
2026-06-15 22:00:00+00:00,1811.37,1813.45,1809.1,1809.1,333.343389
2026-06-15 22:15:00+00:00,1809.31,1811.16,1789.33,1792.05,3754.284778
2026-06-15 22:30:00+00:00,1792.04,1797.99,1787.15,1793.68,1655.222242
2026-06-15 22:45:00+00:00,1793.61,1794.8,1788.18,1789.62,1589.296882
2026-06-15 23:00:00+00:00,1789.51,1792.07,1786.51,1790.35,646.684703
2026-06-15 23:15:00+00:00,1790.35,1792.35,1785.42,1789.66,981.50555
2026-06-15 23:30:00+00:00,1789.67,1791.4,1782.68,1791.12,1300.605463
2026-06-15 23:45:00+00:00,1791.13,1797.51,1790.5,1796.02,1211.183005
2026-06-16 00:00:00+00:00,1796.02,1799.43,1793.54,1797.2,799.787037
2026-06-16 00:15:00+00:00,1797.21,1798.46,1791.45,1792.56,641.570737
2026-06-16 00:30:00+00:00,1792.56,1802.78,1792.13,1798.55,1033.680375
2026-06-16 00:45:00+00:00,1798.55,1798.55,1788.91,1789.6,1210.875827
2026-06-16 01:00:00+00:00,1789.6,1795.47,1789.13,1791.9,861.724872
2026-06-16 01:15:00+00:00,1791.89,1796.41,1790.61,1795.97,517.307568
2026-06-16 01:30:00+00:00,1795.97,1797.35,1794.99,1795.55,296.81687
2026-06-16 01:45:00+00:00,1795.55,1797.35,1791.63,1792.27,372.166427
2026-06-16 02:00:00+00:00,1792.23,1794.15,1784.18,1784.66,1864.694963
2026-06-16 02:15:00+00:00,1784.66,1787.41,1772.8,1773.46,2479.174233
2026-06-16 02:30:00+00:00,1773.51,1776.33,1768.61,1774.82,2297.644197
2026-06-16 02:45:00+00:00,1774.82,1775.39,1767.48,1770.16,2083.704447
2026-06-16 03:00:00+00:00,1770.17,1774.64,1768.55,1774.48,1435.423868
2026-06-16 03:15:00+00:00,1774.49,1780.41,1764.83,1777.94,2222.479547
2026-06-16 03:30:00+00:00,1778.09,1780.6,1776.82,1780.4,779.528054
2026-06-16 03:45:00+00:00,1780.41,1780.6,1778.0,1779.21,544.675686
2026-06-16 04:00:00+00:00,1779.21,1783.31,1775.94,1776.93,1328.533259
2026-06-16 04:15:00+00:00,1776.92,1777.03,1768.37,1768.37,1622.49024
2026-06-16 04:30:00+00:00,1768.36,1768.36,1760.28,1763.41,1899.274798
2026-06-16 04:45:00+00:00,1763.41,1764.38,1758.49,1760.6,1574.010263
2026-06-16 05:00:00+00:00,1760.61,1766.05,1760.59,1762.4,1780.448875
2026-06-16 05:15:00+00:00,1762.4,1765.97,1761.12,1763.65,959.437148
2026-06-16 05:30:00+00:00,1763.65,1764.5,1760.68,1762.98,618.334614
2026-06-16 05:45:00+00:00,1762.99,1764.97,1761.63,1762.19,608.55012
2026-06-16 06:00:00+00:00,1762.23,1766.25,1762.22,1766.02,1068.188784
2026-06-16 06:15:00+00:00,1766.02,1768.83,1764.0,1768.28,2117.032827
2026-06-16 06:30:00+00:00,1768.28,1773.64,1766.26,1770.57,1492.338842
2026-06-16 06:45:00+00:00,1770.57,1774.22,1770.14,1771.64,542.042984
2026-06-16 07:00:00+00:00,1771.67,1774.41,1769.12,1769.92,1086.125064
2026-06-16 07:15:00+00:00,1769.81,1774.2,1769.19,1772.98,736.959003
2026-06-16 07:30:00+00:00,1772.99,1776.79,1771.71,1772.29,1401.80146
2026-06-16 07:45:00+00:00,1772.28,1775.7,1771.71,1774.26,832.045366
2026-06-16 08:00:00+00:00,1774.25,1778.5,1773.27,1777.86,1120.921834
2026-06-16 08:15:00+00:00,1777.87,1786.41,1776.56,1783.3,2843.24957
2026-06-16 08:30:00+00:00,1783.3,1787.33,1781.86,1787.17,1666.353774
2026-06-16 08:45:00+00:00,1787.18,1807.99,1785.52,1803.3,5495.41934
2026-06-16 09:00:00+00:00,1803.11,1805.7,1798.41,1800.72,3831.943983
2026-06-16 09:15:00+00:00,1800.72,1800.72,1788.15,1790.99,2518.060021
2026-06-16 09:30:00+00:00,1791.18,1794.77,1788.44,1793.4,1101.220611
2026-06-16 09:45:00+00:00,1793.4,1794.51,1787.14,1789.7,895.936974
2026-06-16 10:00:00+00:00,1789.7,1792.03,1788.56,1789.41,1018.419287
2026-06-16 10:15:00+00:00,1789.41,1800.55,1789.41,1799.79,1751.229771
2026-06-16 10:30:00+00:00,1799.79,1799.79,1794.62,1796.76,846.540796
2026-06-16 10:45:00+00:00,1796.75,1799.12,1792.61,1794.14,1495.527856
2026-06-16 11:00:00+00:00,1794.08,1800.23,1793.75,1794.83,605.283894
2026-06-16 11:15:00+00:00,1794.84,1799.45,1790.89,1793.48,943.019628
2026-06-16 11:30:00+00:00,1793.49,1796.03,1791.32,1796.03,528.370784
2026-06-16 11:45:00+00:00,1796.03,1800.0,1794.31,1799.63,882.314617
2026-06-16 12:00:00+00:00,1799.69,1809.85,1796.7,1809.44,2395.012848
2026-06-16 12:15:00+00:00,1809.43,1823.3,1809.43,1820.68,5030.388793
2026-06-16 12:30:00+00:00,1820.69,1839.5,1814.15,1817.23,6170.788053
2026-06-16 12:45:00+00:00,1817.02,1818.52,1810.41,1814.73,1702.605206
2026-06-16 13:00:00+00:00,1814.78,1817.29,1791.51,1802.82,4825.705009
2026-06-16 13:15:00+00:00,1802.75,1809.3,1801.41,1802.06,1418.27893
2026-06-16 13:30:00+00:00,1801.9,1808.05,1795.2,1804.76,2324.450381
2026-06-16 13:45:00+00:00,1804.66,1806.51,1796.43,1797.89,1752.947914
2026-06-16 14:00:00+00:00,1797.99,1805.6,1794.33,1796.23,2725.139249
2026-06-16 14:15:00+00:00,1796.07,1797.79,1771.49,1772.22,6159.147779
2026-06-16 14:30:00+00:00,1772.21,1782.22,1763.52,1779.79,5035.927926
2026-06-16 14:45:00+00:00,1779.79,1785.46,1778.47,1780.66,4978.042737
2026-06-16 15:00:00+00:00,1780.54,1788.22,1778.01,1786.17,2310.618476
2026-06-16 15:15:00+00:00,1785.94,1786.99,1775.97,1779.95,1870.277679
2026-06-16 15:30:00+00:00,1779.93,1788.58,1778.27,1779.57,2260.277714
2026-06-16 15:45:00+00:00,1779.56,1787.35,1775.0,1782.46,5467.202718
2026-06-16 16:00:00+00:00,1782.46,1785.66,1778.07,1778.07,1014.445456
2026-06-16 16:15:00+00:00,1778.08,1779.99,1772.88,1779.25,1687.694373
2026-06-16 16:30:00+00:00,1779.12,1780.74,1773.6,1779.66,642.856293
2026-06-16 16:45:00+00:00,1779.78,1780.58,1776.21,1778.04,816.381914
2026-06-16 17:00:00+00:00,1778.05,1782.7,1777.26,1780.22,467.442786
2026-06-16 17:15:00+00:00,1780.22,1785.0,1779.67,1781.73,545.912725
2026-06-16 17:30:00+00:00,1781.72,1785.76,1780.0,1784.65,976.439202
2026-06-16 17:45:00+00:00,1784.66,1799.67,1784.1,1795.36,4100.693726
2026-06-16 18:00:00+00:00,1795.36,1809.33,1793.8,1804.57,4553.149841
2026-06-16 18:15:00+00:00,1804.52,1804.88,1793.21,1795.42,1568.150172
2026-06-16 18:30:00+00:00,1795.43,1799.41,1792.64,1796.3,871.22365
2026-06-16 18:45:00+00:00,1796.24,1803.32,1795.51,1799.44,984.22226
2026-06-16 19:00:00+00:00,1799.45,1799.45,1790.13,1794.51,1717.558304
2026-06-16 19:15:00+00:00,1794.51,1798.17,1790.1,1797.48,817.554807
2026-06-16 19:30:00+00:00,1797.49,1801.13,1795.36,1798.09,635.039097
2026-06-16 19:45:00+00:00,1798.09,1800.98,1792.36,1795.4,1703.02755
2026-06-16 20:00:00+00:00,1795.4,1796.0,1789.42,1794.61,727.742689
2026-06-16 20:15:00+00:00,1794.62,1798.08,1789.76,1789.86,794.376238
2026-06-16 20:30:00+00:00,1790.01,1798.72,1789.62,1798.15,643.815338
2026-06-16 20:45:00+00:00,1798.15,1798.58,1796.16,1797.99,205.425886
2026-06-16 21:00:00+00:00,1798.0,1800.56,1795.01,1799.43,1134.0381
2026-06-16 21:15:00+00:00,1799.41,1800.4,1793.6,1794.22,334.481276
2026-06-16 21:30:00+00:00,1794.22,1795.0,1790.62,1794.89,379.867711
2026-06-16 21:45:00+00:00,1794.94,1797.15,1794.03,1796.54,198.048032
2026-06-16 22:00:00+00:00,1796.54,1799.26,1793.26,1798.0,332.374386
2026-06-16 22:15:00+00:00,1798.06,1799.55,1791.36,1794.41,375.898058
2026-06-16 22:30:00+00:00,1794.41,1795.47,1792.29,1792.32,293.098698
2026-06-16 22:45:00+00:00,1792.42,1796.62,1791.2,1796.34,210.135624
2026-06-16 23:00:00+00:00,1796.34,1798.93,1794.13,1796.17,257.478579
2026-06-16 23:15:00+00:00,1796.17,1796.18,1792.19,1795.49,442.481223
2026-06-16 23:30:00+00:00,1795.49,1797.52,1793.08,1793.8,226.151855
2026-06-16 23:45:00+00:00,1793.65,1794.08,1791.26,1793.12,308.287214
2026-06-17 00:00:00+00:00,1793.13,1796.52,1793.13,1794.08,676.541188
2026-06-17 00:15:00+00:00,1794.09,1795.85,1792.44,1794.2,473.647282
2026-06-17 00:30:00+00:00,1794.17,1798.43,1792.02,1797.28,806.230502
2026-06-17 00:45:00+00:00,1797.29,1799.1,1793.01,1794.23,584.178926
2026-06-17 01:00:00+00:00,1794.24,1797.05,1792.7,1794.06,715.314663
2026-06-17 01:15:00+00:00,1794.12,1794.12,1780.0,1785.87,2633.717636
2026-06-17 01:30:00+00:00,1785.9,1794.72,1782.28,1790.78,886.95291
2026-06-17 01:45:00+00:00,1790.78,1799.17,1790.78,1797.75,709.717339
2026-06-17 02:00:00+00:00,1797.75,1798.68,1795.79,1797.68,1245.57557
2026-06-17 02:15:00+00:00,1797.61,1810.23,1796.25,1805.7,1882.062895
2026-06-17 02:30:00+00:00,1805.84,1805.85,1788.89,1794.72,1110.934743
2026-06-17 02:45:00+00:00,1794.76,1796.35,1792.01,1795.67,1042.648787
2026-06-17 03:00:00+00:00,1795.68,1795.77,1791.39,1791.42,1092.327157
2026-06-17 03:15:00+00:00,1791.5,1791.84,1787.61,1791.24,1134.115334
2026-06-17 03:30:00+00:00,1791.25,1797.31,1791.25,1793.55,400.711677
2026-06-17 03:45:00+00:00,1793.59,1795.62,1791.7,1793.63,590.404322
2026-06-17 04:00:00+00:00,1793.64,1796.62,1792.33,1793.81,213.553457
2026-06-17 04:15:00+00:00,1793.81,1795.91,1792.19,1794.73,237.045322
2026-06-17 04:30:00+00:00,1794.73,1796.22,1793.65,1795.44,346.375883
2026-06-17 04:45:00+00:00,1795.44,1802.5,1794.24,1794.3,974.023573
2026-06-17 05:00:00+00:00,1794.33,1799.22,1791.18,1791.59,610.103657
2026-06-17 05:15:00+00:00,1791.58,1794.31,1789.13,1793.71,270.369624
2026-06-17 05:30:00+00:00,1793.73,1797.05,1792.68,1796.33,446.477376
2026-06-17 05:45:00+00:00,1796.32,1797.37,1791.91,1794.04,187.610208
2026-06-17 06:00:00+00:00,1794.04,1795.97,1792.69,1795.7,460.617872
2026-06-17 06:15:00+00:00,1795.7,1797.25,1788.69,1788.85,414.406928
2026-06-17 06:30:00+00:00,1788.85,1792.65,1786.48,1789.21,917.355204
2026-06-17 06:45:00+00:00,1789.22,1792.37,1787.77,1790.47,527.909334
2026-06-17 07:00:00+00:00,1790.49,1792.33,1786.01,1791.71,462.302488
2026-06-17 07:15:00+00:00,1791.71,1792.39,1783.56,1785.45,1052.626111
2026-06-17 07:30:00+00:00,1785.63,1788.79,1784.53,1787.43,860.713658
2026-06-17 07:45:00+00:00,1787.44,1787.84,1779.0,1785.32,2032.723674
2026-06-17 08:00:00+00:00,1785.18,1786.48,1779.32,1779.33,860.997252
2026-06-17 08:15:00+00:00,1779.34,1780.64,1775.0,1775.75,781.19162
2026-06-17 08:30:00+00:00,1775.76,1775.91,1761.95,1763.2,3369.381965
2026-06-17 08:45:00+00:00,1763.24,1768.31,1760.36,1765.51,1465.284833
2026-06-17 09:00:00+00:00,1765.51,1770.57,1765.04,1769.72,1104.203149
2026-06-17 09:15:00+00:00,1769.82,1777.85,1768.72,1775.18,1213.696297
2026-06-17 09:30:00+00:00,1775.18,1776.2,1771.89,1772.7,436.625932
2026-06-17 09:45:00+00:00,1772.69,1776.01,1770.0,1773.1,635.430791
2026-06-17 10:00:00+00:00,1773.11,1776.01,1769.12,1772.71,583.035245
2026-06-17 10:15:00+00:00,1772.75,1774.77,1770.17,1772.29,439.882871
2026-06-17 10:30:00+00:00,1772.29,1774.07,1771.4,1772.79,163.906092
2026-06-17 10:45:00+00:00,1772.78,1773.93,1767.09,1768.45,762.426839
2026-06-17 11:00:00+00:00,1768.46,1770.94,1759.63,1765.2,1979.716483
2026-06-17 11:15:00+00:00,1765.21,1768.67,1760.69,1766.71,824.145259
2026-06-17 11:30:00+00:00,1766.71,1767.84,1764.26,1765.67,647.228324
2026-06-17 11:45:00+00:00,1765.69,1767.96,1764.18,1764.19,391.026712
2026-06-17 12:00:00+00:00,1764.19,1766.13,1761.5,1764.8,610.938122
2026-06-17 12:15:00+00:00,1764.82,1764.82,1743.65,1747.29,6368.777696
2026-06-17 12:30:00+00:00,1747.15,1756.64,1743.0,1755.63,1797.290816
2026-06-17 12:45:00+00:00,1755.59,1759.98,1754.78,1759.37,990.943706
2026-06-17 13:00:00+00:00,1759.32,1762.59,1757.06,1761.82,1040.997045
2026-06-17 13:15:00+00:00,1761.82,1761.82,1754.89,1758.44,1647.092526
2026-06-17 13:30:00+00:00,1758.4,1770.85,1755.09,1767.13,2698.068288
2026-06-17 13:45:00+00:00,1767.01,1771.88,1760.52,1761.08,1934.212579
2026-06-17 14:00:00+00:00,1761.06,1763.58,1754.72,1761.4,1298.50371
2026-06-17 14:15:00+00:00,1761.4,1765.5,1752.54,1756.42,1682.114988
2026-06-17 14:30:00+00:00,1756.56,1758.8,1752.54,1755.67,955.290306
2026-06-17 14:45:00+00:00,1755.75,1760.5,1740.92,1754.88,4493.021227
2026-06-17 15:00:00+00:00,1755.06,1759.4,1751.0,1759.2,1190.260633
2026-06-17 15:15:00+00:00,1759.14,1765.3,1756.84,1763.43,1073.016402
2026-06-17 15:30:00+00:00,1763.48,1768.56,1761.47,1767.56,966.689428
2026-06-17 15:45:00+00:00,1767.57,1777.14,1766.45,1773.27,2243.110171
2026-06-17 16:00:00+00:00,1773.24,1776.99,1770.8,1775.36,760.178021
2026-06-17 16:15:00+00:00,1775.4,1791.66,1773.46,1784.86,3349.04971
2026-06-17 16:30:00+00:00,1784.97,1785.63,1772.04,1774.95,2025.120935
2026-06-17 16:45:00+00:00,1774.92,1775.92,1769.47,1771.96,807.822276
2026-06-17 17:00:00+00:00,1772.02,1774.54,1767.47,1772.13,900.394127
2026-06-17 17:15:00+00:00,1772.1,1779.49,1771.49,1777.97,977.111477
2026-06-17 17:30:00+00:00,1777.97,1781.3,1773.91,1774.7,592.728034
2026-06-17 17:45:00+00:00,1774.76,1796.69,1773.4,1789.3,3132.198322
2026-06-17 18:00:00+00:00,1789.28,1789.51,1746.51,1764.91,10824.327082
2026-06-17 18:15:00+00:00,1764.94,1773.97,1763.08,1767.02,1761.237695
2026-06-17 18:30:00+00:00,1766.85,1788.16,1762.0,1785.19,5723.516957
2026-06-17 18:45:00+00:00,1785.27,1786.31,1766.54,1770.25,3184.999472
2026-06-17 19:00:00+00:00,1770.21,1775.94,1763.01,1772.05,2316.523152
2026-06-17 19:15:00+00:00,1772.19,1772.71,1736.65,1740.87,7270.069187
2026-06-17 19:30:00+00:00,1740.8,1749.42,1731.26,1734.32,6116.374569
2026-06-17 19:45:00+00:00,1734.32,1739.44,1729.45,1734.78,4155.262325
2026-06-17 20:00:00+00:00,1734.69,1744.38,1733.07,1738.51,3000.331452
2026-06-17 20:15:00+00:00,1738.53,1741.79,1737.29,1739.55,747.029534
2026-06-17 20:30:00+00:00,1739.6,1745.08,1736.67,1736.67,713.673814
2026-06-17 20:45:00+00:00,1736.66,1747.99,1735.12,1747.46,1074.773687
2026-06-17 21:00:00+00:00,1747.47,1748.0,1742.0,1742.68,751.370965
2026-06-17 21:15:00+00:00,1742.67,1745.79,1742.09,1743.48,595.468342
2026-06-17 21:30:00+00:00,1743.59,1746.06,1739.24,1739.83,678.05087
2026-06-17 21:45:00+00:00,1739.78,1740.19,1736.49,1738.83,861.412354
2026-06-17 22:00:00+00:00,1738.84,1740.91,1725.29,1735.58,2408.943287
2026-06-17 22:15:00+00:00,1735.57,1744.79,1734.96,1743.79,612.233691
2026-06-17 22:30:00+00:00,1743.79,1744.98,1741.76,1743.18,219.390957
2026-06-17 22:45:00+00:00,1743.18,1746.63,1740.09,1740.26,634.952333
2026-06-17 23:00:00+00:00,1740.26,1746.0,1740.11,1743.97,229.427054
2026-06-17 23:15:00+00:00,1744.0,1751.93,1743.81,1750.26,1017.793037
2026-06-17 23:30:00+00:00,1750.25,1750.94,1747.65,1747.96,283.832349
2026-06-17 23:45:00+00:00,1747.95,1750.75,1746.79,1750.47,428.997978
2026-06-18 00:00:00+00:00,1750.43,1757.4,1749.9,1755.99,1184.536789
2026-06-18 00:15:00+00:00,1755.99,1757.41,1752.82,1754.89,534.876677
2026-06-18 00:30:00+00:00,1754.87,1759.58,1752.6,1755.38,624.972193
2026-06-18 00:45:00+00:00,1755.37,1756.68,1751.61,1752.89,461.515676
2026-06-18 01:00:00+00:00,1752.89,1763.18,1752.76,1761.72,1337.878082
2026-06-18 01:15:00+00:00,1761.73,1762.4,1756.0,1757.25,692.608761
2026-06-18 01:30:00+00:00,1757.25,1762.99,1757.25,1757.46,511.656388
2026-06-18 01:45:00+00:00,1757.46,1757.46,1752.99,1755.05,362.440139
2026-06-18 02:00:00+00:00,1755.06,1758.63,1754.26,1754.28,606.101698
2026-06-18 02:15:00+00:00,1754.27,1759.08,1750.42,1757.82,971.036646
2026-06-18 02:30:00+00:00,1757.83,1758.88,1754.86,1757.57,216.830183
2026-06-18 02:45:00+00:00,1757.58,1757.99,1755.56,1755.86,320.707456
2026-06-18 03:00:00+00:00,1755.91,1756.2,1751.16,1751.61,424.182416
2026-06-18 03:15:00+00:00,1751.6,1752.56,1744.95,1744.95,802.10048
2026-06-18 03:30:00+00:00,1744.95,1748.13,1741.24,1742.6,956.497282
2026-06-18 03:45:00+00:00,1742.56,1747.28,1741.91,1744.24,452.082462
2026-06-18 04:00:00+00:00,1744.23,1746.08,1730.62,1735.15,1809.941795
2026-06-18 04:15:00+00:00,1735.23,1739.32,1731.2,1735.5,867.389079
2026-06-18 04:30:00+00:00,1735.51,1737.39,1732.63,1732.81,587.158872
2026-06-18 04:45:00+00:00,1732.8,1734.66,1729.99,1730.73,1849.510225
2026-06-18 05:00:00+00:00,1730.73,1733.19,1722.31,1728.9,2991.003027
2026-06-18 05:15:00+00:00,1728.98,1731.74,1727.0,1728.4,647.771273
2026-06-18 05:30:00+00:00,1728.68,1731.44,1725.42,1728.85,508.56508
2026-06-18 05:45:00+00:00,1728.92,1731.49,1727.02,1730.93,694.881907
2026-06-18 06:00:00+00:00,1731.01,1734.57,1726.22,1728.8,1205.048131
2026-06-18 06:15:00+00:00,1728.81,1730.6,1725.55,1730.57,332.314763
2026-06-18 06:30:00+00:00,1730.58,1736.17,1730.01,1735.88,1066.431257
2026-06-18 06:45:00+00:00,1735.87,1737.04,1734.22,1735.48,820.981763
2026-06-18 07:00:00+00:00,1735.62,1736.74,1732.68,1734.89,668.950304
2026-06-18 07:15:00+00:00,1734.88,1747.34,1734.51,1745.45,1788.305014
2026-06-18 07:30:00+00:00,1745.46,1753.46,1743.38,1749.25,4371.765837
2026-06-18 07:45:00+00:00,1749.25,1751.14,1747.09,1749.93,1655.378095
2026-06-18 08:00:00+00:00,1749.94,1753.58,1746.48,1748.33,1507.265718
2026-06-18 08:15:00+00:00,1748.33,1751.22,1748.21,1750.12,355.353747
2026-06-18 08:30:00+00:00,1750.12,1753.69,1749.58,1750.78,757.833917
2026-06-18 08:45:00+00:00,1750.78,1751.31,1746.54,1747.78,1292.659982
2026-06-18 09:00:00+00:00,1747.79,1747.99,1744.83,1747.72,683.411019
2026-06-18 09:15:00+00:00,1747.72,1752.16,1743.41,1743.41,899.979071
2026-06-18 09:30:00+00:00,1743.38,1747.32,1742.53,1747.26,492.639431
2026-06-18 09:45:00+00:00,1747.26,1749.17,1745.71,1746.1,272.54582
2026-06-18 10:00:00+00:00,1746.1,1747.5,1741.34,1741.42,774.892249
2026-06-18 10:15:00+00:00,1741.6,1743.59,1739.6,1742.11,520.941258
2026-06-18 10:30:00+00:00,1742.11,1743.26,1739.71,1740.52,769.932276
2026-06-18 10:45:00+00:00,1740.5,1753.15,1740.0,1746.97,1348.789516
2026-06-18 11:00:00+00:00,1747.01,1749.45,1743.8,1745.94,582.519975
2026-06-18 11:15:00+00:00,1746.05,1747.78,1741.13,1746.05,857.980299
2026-06-18 11:30:00+00:00,1746.08,1747.44,1739.15,1743.24,502.104313
2026-06-18 11:45:00+00:00,1743.24,1744.76,1739.34,1743.27,626.934737
2026-06-18 12:00:00+00:00,1743.28,1746.91,1741.88,1745.13,557.859579
2026-06-18 12:15:00+00:00,1745.04,1752.19,1744.01,1751.97,923.79254
2026-06-18 12:30:00+00:00,1751.97,1753.17,1747.48,1748.92,748.313457
2026-06-18 12:45:00+00:00,1748.93,1751.34,1746.82,1750.33,314.360885
2026-06-18 13:00:00+00:00,1750.34,1752.33,1748.21,1749.85,374.013126
2026-06-18 13:15:00+00:00,1749.85,1752.5,1748.36,1749.66,758.138811
2026-06-18 13:30:00+00:00,1749.57,1751.0,1731.42,1731.49,3904.648592
2026-06-18 13:45:00+00:00,1731.7,1743.31,1729.12,1736.92,2164.675715
2026-06-18 14:00:00+00:00,1736.84,1740.51,1730.63,1732.43,1579.567656
2026-06-18 14:15:00+00:00,1732.32,1745.56,1729.66,1733.7,1510.10083
2026-06-18 14:30:00+00:00,1733.57,1744.44,1732.53,1739.22,1086.105809
2026-06-18 14:45:00+00:00,1739.22,1742.75,1731.51,1739.96,1307.394032
2026-06-18 15:00:00+00:00,1739.97,1740.3,1732.0,1732.98,867.078673
2026-06-18 15:15:00+00:00,1732.98,1734.99,1717.0,1720.59,4748.475926
2026-06-18 15:30:00+00:00,1720.63,1726.06,1697.0,1698.93,9495.590796
2026-06-18 15:45:00+00:00,1698.93,1700.59,1679.4,1682.34,8279.704029
2026-06-18 16:00:00+00:00,1682.29,1693.15,1680.7,1690.0,3873.070197
2026-06-18 16:15:00+00:00,1690.0,1691.7,1683.52,1686.95,2726.065625
2026-06-18 16:30:00+00:00,1686.96,1688.84,1682.85,1687.08,1843.927227
2026-06-18 16:45:00+00:00,1687.14,1689.4,1684.19,1686.99,1274.430164
2026-06-18 17:00:00+00:00,1687.06,1687.77,1681.51,1683.83,1345.515177
2026-06-18 17:15:00+00:00,1683.74,1686.49,1671.63,1680.3,3356.474795
2026-06-18 17:30:00+00:00,1680.22,1686.71,1679.53,1681.72,1635.083336
2026-06-18 17:45:00+00:00,1681.71,1686.15,1676.95,1679.38,537.51137
2026-06-18 18:00:00+00:00,1679.37,1681.91,1677.02,1679.85,919.205863
2026-06-18 18:15:00+00:00,1679.84,1689.17,1676.47,1686.63,1805.507259
2026-06-18 18:30:00+00:00,1686.62,1687.34,1681.29,1685.3,689.214843
2026-06-18 18:45:00+00:00,1685.3,1688.54,1682.23,1685.26,531.361891
2026-06-18 19:00:00+00:00,1685.27,1687.13,1682.75,1686.6,537.885448
2026-06-18 19:15:00+00:00,1686.59,1691.98,1685.63,1691.81,714.027709
2026-06-18 19:30:00+00:00,1691.8,1703.43,1690.95,1703.0,1823.646691
2026-06-18 19:45:00+00:00,1703.0,1707.69,1700.85,1705.55,1673.936699
2026-06-18 20:00:00+00:00,1705.61,1714.55,1705.51,1711.98,1556.430395
2026-06-18 20:15:00+00:00,1711.97,1717.46,1707.89,1713.27,918.416722
2026-06-18 20:30:00+00:00,1713.27,1715.27,1711.7,1713.39,438.193313
2026-06-18 20:45:00+00:00,1713.4,1713.4,1710.01,1710.58,690.636253
2026-06-18 21:00:00+00:00,1710.59,1712.22,1702.69,1704.48,1699.97759
2026-06-18 21:15:00+00:00,1704.47,1706.62,1701.87,1705.67,675.713071
2026-06-18 21:30:00+00:00,1705.69,1710.0,1705.01,1706.33,667.101306
2026-06-18 21:45:00+00:00,1706.41,1709.77,1705.28,1708.38,525.452292
2026-06-18 22:00:00+00:00,1708.38,1708.67,1705.7,1706.9,279.49046
2026-06-18 22:15:00+00:00,1706.99,1707.5,1702.0,1703.7,412.373029
2026-06-18 22:30:00+00:00,1703.72,1704.9,1700.01,1704.9,469.928733
2026-06-18 22:45:00+00:00,1704.9,1708.39,1703.2,1707.0,486.717505
2026-06-18 23:00:00+00:00,1707.0,1708.37,1703.07,1703.08,348.164328
2026-06-18 23:15:00+00:00,1703.08,1709.65,1703.08,1709.0,245.336849
2026-06-18 23:30:00+00:00,1709.0,1712.18,1709.0,1709.51,467.581464
2026-06-18 23:45:00+00:00,1709.5,1712.46,1708.46,1711.12,405.660406
2026-06-19 00:00:00+00:00,1711.13,1711.73,1708.73,1710.44,296.70883
2026-06-19 00:15:00+00:00,1710.61,1715.21,1709.55,1712.99,498.583364
2026-06-19 00:30:00+00:00,1713.04,1715.98,1712.7,1715.98,428.619443
2026-06-19 00:45:00+00:00,1715.99,1716.3,1712.57,1713.93,1194.927918
2026-06-19 01:00:00+00:00,1713.94,1719.51,1710.4,1711.94,694.173503
2026-06-19 01:15:00+00:00,1712.0,1716.85,1709.33,1709.45,562.210389
2026-06-19 01:30:00+00:00,1709.49,1710.91,1706.27,1709.75,716.528594
2026-06-19 01:45:00+00:00,1709.67,1714.17,1709.64,1713.56,309.683329
2026-06-19 02:00:00+00:00,1713.56,1715.37,1710.55,1710.97,568.806225
2026-06-19 02:15:00+00:00,1710.97,1712.15,1704.09,1704.12,712.685652
2026-06-19 02:30:00+00:00,1704.22,1706.0,1702.39,1704.42,891.199864
2026-06-19 02:45:00+00:00,1704.56,1708.18,1701.0,1706.95,502.429933
2026-06-19 03:00:00+00:00,1706.95,1708.26,1694.57,1695.47,1553.273228
2026-06-19 03:15:00+00:00,1695.48,1702.14,1682.38,1699.82,6153.982462
2026-06-19 03:30:00+00:00,1699.81,1700.19,1692.53,1696.58,1473.824882
2026-06-19 03:45:00+00:00,1696.58,1699.13,1694.59,1697.6,553.394629
2026-06-19 04:00:00+00:00,1697.61,1700.6,1689.81,1700.39,1321.191654
2026-06-19 04:15:00+00:00,1700.21,1702.99,1694.56,1695.04,939.635353
2026-06-19 04:30:00+00:00,1695.04,1695.48,1687.52,1692.06,1036.109311
2026-06-19 04:45:00+00:00,1692.07,1694.21,1685.89,1689.69,626.54496
2026-06-19 05:00:00+00:00,1689.59,1697.4,1689.44,1697.22,733.98313
2026-06-19 05:15:00+00:00,1697.21,1697.21,1692.23,1693.62,519.332743
2026-06-19 05:30:00+00:00,1693.62,1696.05,1691.32,1695.88,751.896245
2026-06-19 05:45:00+00:00,1695.88,1697.6,1694.9,1697.59,599.709413
2026-06-19 06:00:00+00:00,1697.58,1700.18,1696.19,1700.05,656.015629
2026-06-19 06:15:00+00:00,1700.04,1702.39,1697.81,1701.09,1153.691721
2026-06-19 06:30:00+00:00,1701.08,1703.5,1696.48,1700.52,2085.6401
2026-06-19 06:45:00+00:00,1700.53,1701.39,1696.63,1700.37,813.258152
2026-06-19 07:00:00+00:00,1700.34,1701.09,1696.06,1696.06,543.508484
2026-06-19 07:15:00+00:00,1696.05,1698.46,1693.92,1696.45,476.304976
2026-06-19 07:30:00+00:00,1696.45,1699.79,1690.16,1693.23,2169.724706
2026-06-19 07:45:00+00:00,1693.26,1697.68,1691.68,1695.95,1576.873757
2026-06-19 08:00:00+00:00,1695.97,1697.59,1693.41,1696.6,1130.325277
2026-06-19 08:15:00+00:00,1696.63,1698.9,1695.27,1696.24,492.191615
2026-06-19 08:30:00+00:00,1696.3,1699.12,1694.03,1695.93,625.757466
2026-06-19 08:45:00+00:00,1695.94,1698.42,1695.67,1697.98,280.282021
2026-06-19 09:00:00+00:00,1697.99,1699.99,1690.3,1691.97,695.534023
2026-06-19 09:15:00+00:00,1691.96,1694.22,1690.01,1691.91,904.908337
2026-06-19 09:30:00+00:00,1691.91,1695.08,1691.87,1692.94,275.158572
2026-06-19 09:45:00+00:00,1692.94,1693.01,1688.75,1689.07,1635.689569
2026-06-19 10:00:00+00:00,1689.09,1693.41,1688.64,1691.36,477.694431
2026-06-19 10:15:00+00:00,1691.36,1691.67,1687.28,1690.1,482.720926
2026-06-19 10:30:00+00:00,1690.1,1690.21,1687.32,1688.22,378.507418
2026-06-19 10:45:00+00:00,1688.06,1694.67,1687.69,1692.55,309.102684
2026-06-19 11:00:00+00:00,1692.55,1693.77,1688.8,1690.02,415.000751
2026-06-19 11:15:00+00:00,1690.02,1694.4,1688.63,1692.78,357.439674
2026-06-19 11:30:00+00:00,1692.79,1693.78,1692.04,1693.55,277.579553
2026-06-19 11:45:00+00:00,1693.31,1694.21,1691.23,1691.71,143.584987
2026-06-19 12:00:00+00:00,1691.8,1694.26,1690.39,1690.39,281.205968
2026-06-19 12:15:00+00:00,1690.38,1690.38,1687.28,1689.47,349.966288
2026-06-19 12:30:00+00:00,1689.46,1690.66,1683.22,1686.45,1009.654847
2026-06-19 12:45:00+00:00,1686.46,1696.0,1677.07,1695.3,3515.173729
2026-06-19 13:00:00+00:00,1695.32,1699.31,1692.24,1693.83,1209.980004
2026-06-19 13:15:00+00:00,1693.83,1694.85,1687.87,1691.46,653.447655
2026-06-19 13:30:00+00:00,1691.47,1703.12,1690.47,1701.46,1207.75783
2026-06-19 13:45:00+00:00,1701.43,1711.44,1700.76,1703.47,3520.928058
2026-06-19 14:00:00+00:00,1703.47,1705.71,1697.39,1698.66,1131.313119
2026-06-19 14:15:00+00:00,1698.66,1704.99,1696.47,1703.82,1429.777069
2026-06-19 14:30:00+00:00,1703.83,1708.3,1701.57,1705.04,1013.821878
2026-06-19 14:45:00+00:00,1705.05,1709.99,1704.86,1707.02,1498.944927
2026-06-19 15:00:00+00:00,1707.03,1707.67,1703.81,1705.96,1035.600617
2026-06-19 15:15:00+00:00,1706.0,1707.52,1698.12,1699.67,1375.110687
2026-06-19 15:30:00+00:00,1699.71,1712.49,1699.7,1708.9,2088.546338
2026-06-19 15:45:00+00:00,1708.91,1709.65,1706.6,1707.63,607.910809
2026-06-19 16:00:00+00:00,1707.68,1711.88,1704.74,1711.62,988.933139
2026-06-19 16:15:00+00:00,1711.61,1711.64,1707.28,1707.89,817.251903
2026-06-19 16:30:00+00:00,1707.81,1708.23,1704.49,1705.36,699.055012
2026-06-19 16:45:00+00:00,1705.36,1705.36,1695.01,1696.66,811.437869
2026-06-19 17:00:00+00:00,1696.77,1698.0,1692.54,1697.38,936.425884
2026-06-19 17:15:00+00:00,1697.39,1702.25,1694.33,1696.76,602.047219
2026-06-19 17:30:00+00:00,1696.8,1702.41,1696.42,1701.99,492.743887
2026-06-19 17:45:00+00:00,1701.98,1706.38,1700.43,1704.72,1323.022884
2026-06-19 18:00:00+00:00,1704.73,1705.48,1702.66,1705.35,328.4763
2026-06-19 18:15:00+00:00,1705.34,1705.5,1703.05,1703.5,110.694582
2026-06-19 18:30:00+00:00,1703.53,1704.29,1698.4,1701.2,584.635547
2026-06-19 18:45:00+00:00,1701.25,1703.37,1700.82,1702.77,277.391252
2026-06-19 19:00:00+00:00,1702.78,1704.7,1699.5,1702.16,1988.038732
2026-06-19 19:15:00+00:00,1702.15,1702.46,1698.22,1699.73,425.838796
2026-06-19 19:30:00+00:00,1699.93,1701.22,1698.64,1700.55,782.105173
2026-06-19 19:45:00+00:00,1700.55,1704.6,1699.71,1701.18,1576.551378
2026-06-19 20:00:00+00:00,1701.22,1704.68,1701.21,1703.32,180.873036
2026-06-19 20:15:00+00:00,1703.32,1703.32,1698.81,1702.75,138.517205
2026-06-19 20:30:00+00:00,1702.83,1704.45,1701.16,1702.73,444.014567
2026-06-19 20:45:00+00:00,1702.72,1709.48,1702.67,1708.85,632.044003
2026-06-19 21:00:00+00:00,1708.86,1708.86,1705.45,1708.45,435.38707
2026-06-19 21:15:00+00:00,1708.43,1708.43,1704.71,1704.89,118.099274
2026-06-19 21:30:00+00:00,1704.89,1705.73,1702.68,1702.69,273.329333
2026-06-19 21:45:00+00:00,1702.69,1704.19,1701.4,1701.86,197.949311
2026-06-19 22:00:00+00:00,1701.87,1703.18,1700.54,1702.85,244.578414
2026-06-19 22:15:00+00:00,1702.85,1710.45,1702.71,1708.37,592.724074
2026-06-19 22:30:00+00:00,1708.38,1708.85,1705.85,1708.11,728.313575
2026-06-19 22:45:00+00:00,1708.11,1709.37,1706.84,1707.61,312.224748
2026-06-19 23:00:00+00:00,1707.65,1708.28,1704.64,1705.71,453.531363
2026-06-19 23:15:00+00:00,1705.7,1708.33,1705.1,1708.11,351.825826
2026-06-19 23:30:00+00:00,1708.11,1708.76,1706.99,1707.91,205.412127
2026-06-19 23:45:00+00:00,1707.91,1715.05,1706.43,1710.95,1437.70256
2026-06-20 00:00:00+00:00,1711.0,1713.16,1708.47,1709.99,821.229333
2026-06-20 00:15:00+00:00,1709.87,1712.54,1708.4,1711.93,1228.75142
2026-06-20 00:30:00+00:00,1711.93,1718.28,1709.45,1711.12,1384.447317
2026-06-20 00:45:00+00:00,1711.11,1711.13,1708.79,1708.82,314.837923
2026-06-20 01:00:00+00:00,1708.83,1709.59,1706.77,1708.19,258.337429
2026-06-20 01:15:00+00:00,1708.19,1710.73,1706.85,1709.19,1827.392013
2026-06-20 01:30:00+00:00,1709.2,1713.5,1708.66,1709.15,977.605876
2026-06-20 01:45:00+00:00,1709.15,1710.55,1708.51,1709.83,258.89614
2026-06-20 02:00:00+00:00,1709.86,1710.67,1706.82,1707.26,202.221006
2026-06-20 02:15:00+00:00,1707.25,1707.25,1704.01,1704.43,432.453004
2026-06-20 02:30:00+00:00,1704.44,1708.34,1704.44,1706.05,233.772809
2026-06-20 02:45:00+00:00,1706.09,1707.68,1705.0,1705.01,169.857861
2026-06-20 03:00:00+00:00,1705.01,1707.28,1704.7,1706.95,202.917182
2026-06-20 03:15:00+00:00,1706.96,1708.52,1706.96,1708.03,287.861187
2026-06-20 03:30:00+00:00,1708.04,1709.5,1706.5,1708.55,202.893115
2026-06-20 03:45:00+00:00,1708.54,1708.71,1707.24,1708.26,79.195571
2026-06-20 04:00:00+00:00,1708.26,1709.48,1706.67,1707.77,146.896973
2026-06-20 04:15:00+00:00,1707.8,1713.03,1707.6,1713.03,582.214306
2026-06-20 04:30:00+00:00,1713.03,1715.61,1711.11,1714.99,717.448673
2026-06-20 04:45:00+00:00,1714.99,1714.99,1712.73,1713.54,552.689368
2026-06-20 05:00:00+00:00,1713.54,1733.63,1712.55,1729.83,5283.493263
2026-06-20 05:15:00+00:00,1729.77,1730.66,1721.52,1722.57,1576.230349
2026-06-20 05:30:00+00:00,1722.58,1727.53,1722.43,1723.58,847.766455
2026-06-20 05:45:00+00:00,1723.61,1727.24,1721.93,1726.19,559.636476
2026-06-20 06:00:00+00:00,1726.19,1727.64,1724.13,1726.55,260.46959
2026-06-20 06:15:00+00:00,1726.56,1729.86,1725.02,1727.77,611.793997
2026-06-20 06:30:00+00:00,1727.78,1728.15,1724.59,1726.72,274.953431
2026-06-20 06:45:00+00:00,1726.72,1728.73,1725.85,1727.77,376.925178
2026-06-20 07:00:00+00:00,1727.77,1728.08,1723.04,1725.27,282.189893
2026-06-20 07:15:00+00:00,1725.27,1728.5,1724.83,1728.28,341.206408
2026-06-20 07:30:00+00:00,1728.28,1729.5,1726.76,1727.44,772.870509
2026-06-20 07:45:00+00:00,1727.45,1728.36,1724.78,1725.58,1308.091387
2026-06-20 08:00:00+00:00,1725.75,1726.9,1722.21,1725.17,711.555601
2026-06-20 08:15:00+00:00,1725.2,1726.88,1723.64,1723.68,434.741976
2026-06-20 08:30:00+00:00,1723.55,1724.2,1721.73,1723.39,597.938021
2026-06-20 08:45:00+00:00,1723.39,1723.95,1721.37,1722.84,175.267801
2026-06-20 09:00:00+00:00,1722.84,1727.33,1722.84,1725.87,839.316041
2026-06-20 09:15:00+00:00,1725.86,1726.34,1723.47,1723.79,589.982139
2026-06-20 09:30:00+00:00,1723.9,1730.36,1723.71,1728.93,1351.932894
2026-06-20 09:45:00+00:00,1728.94,1730.2,1727.6,1728.49,1266.408162
2026-06-20 10:00:00+00:00,1728.5,1728.9,1726.51,1727.58,448.189603
2026-06-20 10:15:00+00:00,1727.59,1729.4,1727.02,1728.02,315.823142
2026-06-20 10:30:00+00:00,1728.02,1728.41,1725.46,1726.11,780.258287
2026-06-20 10:45:00+00:00,1726.11,1728.27,1726.11,1727.74,481.546247
2026-06-20 11:00:00+00:00,1727.74,1729.0,1725.98,1726.82,618.879881
2026-06-20 11:15:00+00:00,1726.83,1728.52,1726.37,1726.55,259.265881
2026-06-20 11:30:00+00:00,1726.56,1728.52,1726.19,1728.08,458.830557
2026-06-20 11:45:00+00:00,1728.08,1732.29,1726.9,1727.18,753.779851
2026-06-20 12:00:00+00:00,1727.19,1730.53,1726.89,1730.0,702.241661
2026-06-20 12:15:00+00:00,1730.01,1730.1,1727.44,1729.19,581.841552
2026-06-20 12:30:00+00:00,1729.2,1729.2,1724.15,1725.61,718.343569
2026-06-20 12:45:00+00:00,1725.61,1727.07,1723.7,1727.07,704.349954
2026-06-20 13:00:00+00:00,1727.07,1727.28,1724.08,1724.22,432.564523
2026-06-20 13:15:00+00:00,1724.25,1725.92,1712.54,1714.95,2544.928832
2026-06-20 13:30:00+00:00,1714.92,1719.49,1714.36,1718.38,964.619498
2026-06-20 13:45:00+00:00,1718.37,1719.8,1716.42,1717.46,1496.308323
2026-06-20 14:00:00+00:00,1717.45,1717.45,1708.02,1708.79,2262.417628
2026-06-20 14:15:00+00:00,1708.79,1713.46,1708.79,1713.23,490.975449
2026-06-20 14:30:00+00:00,1713.22,1722.33,1712.01,1719.92,1458.616826
2026-06-20 14:45:00+00:00,1719.91,1747.28,1718.93,1733.58,8133.637217
2026-06-20 15:00:00+00:00,1733.68,1737.84,1729.5,1735.95,2057.157525
2026-06-20 15:15:00+00:00,1735.96,1749.84,1733.89,1742.27,5346.92266
2026-06-20 15:30:00+00:00,1742.35,1743.89,1738.42,1739.08,1080.24894
2026-06-20 15:45:00+00:00,1739.07,1741.84,1737.42,1740.71,1067.311245
2026-06-20 16:00:00+00:00,1740.8,1741.0,1735.02,1736.31,865.537763
2026-06-20 16:15:00+00:00,1736.31,1738.64,1733.12,1733.59,853.722394
2026-06-20 16:30:00+00:00,1733.58,1734.76,1730.83,1732.5,813.154418
2026-06-20 16:45:00+00:00,1732.49,1734.72,1732.01,1734.08,500.611356
2026-06-20 17:00:00+00:00,1734.1,1734.1,1729.31,1730.92,625.437908
2026-06-20 17:15:00+00:00,1730.91,1730.91,1727.0,1729.98,713.766815
2026-06-20 17:30:00+00:00,1729.97,1732.15,1721.21,1726.2,2702.041956
2026-06-20 17:45:00+00:00,1726.22,1728.17,1725.42,1727.0,417.069608
2026-06-20 18:00:00+00:00,1727.0,1732.13,1726.56,1727.74,937.318531
2026-06-20 18:15:00+00:00,1727.75,1730.48,1727.75,1729.75,638.68211
2026-06-20 18:30:00+00:00,1729.75,1730.61,1726.74,1727.82,277.734745
2026-06-20 18:45:00+00:00,1727.86,1728.75,1726.06,1726.63,414.608296
2026-06-20 19:00:00+00:00,1726.63,1728.87,1725.01,1728.12,1913.803044
2026-06-20 19:15:00+00:00,1728.12,1728.61,1725.31,1726.74,1509.316504
2026-06-20 19:30:00+00:00,1726.74,1730.33,1726.0,1729.79,4477.291319
2026-06-20 19:45:00+00:00,1729.78,1730.28,1728.43,1729.1,3290.720257
2026-06-20 20:00:00+00:00,1729.1,1730.9,1728.52,1729.87,8484.563386
2026-06-20 20:15:00+00:00,1729.87,1731.07,1728.31,1728.95,9791.310412
2026-06-20 20:30:00+00:00,1728.94,1729.12,1726.28,1728.32,2518.269426
2026-06-20 20:45:00+00:00,1728.32,1731.51,1728.2,1730.9,13294.985605
2026-06-20 21:00:00+00:00,1730.9,1737.37,1730.35,1735.25,5821.976978
2026-06-20 21:15:00+00:00,1735.18,1735.34,1732.28,1732.99,523.213337
2026-06-20 21:30:00+00:00,1732.99,1737.15,1732.51,1736.42,8856.70601
2026-06-20 21:45:00+00:00,1736.59,1738.0,1733.87,1735.42,872.561659
2026-06-20 22:00:00+00:00,1735.41,1740.18,1733.07,1738.95,1216.308781
2026-06-20 22:15:00+00:00,1738.95,1744.56,1736.35,1743.15,1235.235549
2026-06-20 22:30:00+00:00,1743.15,1746.49,1740.81,1743.39,1247.332469
2026-06-20 22:45:00+00:00,1743.42,1745.32,1741.17,1743.18,713.521949
2026-06-20 23:00:00+00:00,1743.28,1743.74,1741.53,1741.71,588.860584
2026-06-20 23:15:00+00:00,1741.71,1743.8,1740.42,1740.94,681.728919
2026-06-20 23:30:00+00:00,1740.93,1743.0,1740.33,1742.11,654.053444
2026-06-20 23:45:00+00:00,1742.11,1742.11,1740.54,1740.77,234.981878
2026-06-21 00:00:00+00:00,1740.78,1740.99,1737.01,1738.52,619.745805
2026-06-21 00:15:00+00:00,1738.52,1739.42,1736.23,1737.31,437.162863
2026-06-21 00:30:00+00:00,1737.31,1739.71,1736.3,1738.09,548.629119
2026-06-21 00:45:00+00:00,1738.09,1739.1,1736.37,1737.69,6766.016066
2026-06-21 01:00:00+00:00,1737.69,1738.26,1735.13,1735.4,10364.528113
2026-06-21 01:15:00+00:00,1735.41,1736.2,1734.41,1735.22,8865.101467
2026-06-21 01:30:00+00:00,1735.21,1738.22,1734.23,1737.45,9461.94088
2026-06-21 01:45:00+00:00,1737.46,1740.25,1736.78,1736.78,8452.395721
2026-06-21 02:00:00+00:00,1736.76,1738.38,1735.65,1737.19,8263.830699
2026-06-21 02:15:00+00:00,1737.19,1737.82,1735.4,1736.75,7662.830838
2026-06-21 02:30:00+00:00,1736.76,1737.81,1735.71,1736.71,7358.691575
2026-06-21 02:45:00+00:00,1736.72,1737.88,1735.92,1736.14,6459.068813
2026-06-21 03:00:00+00:00,1736.15,1736.53,1733.5,1736.53,3985.588203
2026-06-21 03:15:00+00:00,1736.52,1741.92,1734.92,1736.54,5125.527501
2026-06-21 03:30:00+00:00,1736.53,1740.16,1736.02,1739.41,3417.596591
2026-06-21 03:45:00+00:00,1739.4,1739.91,1737.87,1737.87,3211.124249
2026-06-21 04:00:00+00:00,1737.88,1738.35,1735.34,1736.48,3231.653749
2026-06-21 04:15:00+00:00,1736.48,1741.55,1736.48,1739.3,3553.129161
2026-06-21 04:30:00+00:00,1739.31,1741.55,1737.61,1737.74,3484.90498
2026-06-21 04:45:00+00:00,1737.74,1737.74,1731.55,1732.9,3944.145815
2026-06-21 05:00:00+00:00,1732.91,1733.92,1731.03,1731.83,3596.538059
2026-06-21 05:15:00+00:00,1731.84,1735.58,1728.79,1735.01,5188.029024
2026-06-21 05:30:00+00:00,1735.0,1737.11,1733.54,1734.23,4823.018428
2026-06-21 05:45:00+00:00,1734.23,1734.23,1731.83,1733.36,3520.650948
2026-06-21 06:00:00+00:00,1733.35,1735.63,1732.39,1734.61,5667.715326
2026-06-21 06:15:00+00:00,1734.61,1736.92,1733.9,1736.1,3067.521524
2026-06-21 06:30:00+00:00,1736.11,1738.68,1735.04,1737.07,7606.521044
2026-06-21 06:45:00+00:00,1737.06,1737.52,1735.79,1736.09,7177.664451
2026-06-21 07:00:00+00:00,1736.09,1736.4,1734.21,1735.35,17857.365711
2026-06-21 07:15:00+00:00,1735.35,1735.96,1732.9,1733.03,17223.465516
2026-06-21 07:30:00+00:00,1733.03,1734.74,1732.83,1734.13,7693.947964
2026-06-21 07:45:00+00:00,1734.13,1734.58,1731.61,1732.24,13109.859167
2026-06-21 08:00:00+00:00,1732.23,1733.29,1729.77,1731.11,14404.750448
2026-06-21 08:15:00+00:00,1731.11,1731.26,1729.11,1729.5,6961.256686
2026-06-21 08:30:00+00:00,1729.51,1730.33,1724.04,1728.65,6710.933223
2026-06-21 08:45:00+00:00,1728.64,1729.24,1726.65,1729.23,6399.892301
2026-06-21 09:00:00+00:00,1729.23,1730.23,1727.38,1727.41,6478.141245
2026-06-21 09:15:00+00:00,1727.41,1730.94,1725.85,1729.08,6250.084392
2026-06-21 09:30:00+00:00,1729.09,1734.51,1729.09,1731.43,5522.882211
2026-06-21 09:45:00+00:00,1731.42,1733.71,1731.23,1732.89,14467.213109
2026-06-21 10:00:00+00:00,1732.89,1735.61,1731.62,1734.3,10072.219891
2026-06-21 10:15:00+00:00,1734.29,1737.04,1733.45,1734.39,9122.403095
2026-06-21 10:30:00+00:00,1734.43,1734.48,1732.31,1732.49,6087.211156
2026-06-21 10:45:00+00:00,1732.48,1734.08,1730.8,1731.51,8522.685534
2026-06-21 11:00:00+00:00,1731.52,1734.99,1729.7,1732.58,3790.362722
2026-06-21 11:15:00+00:00,1732.58,1732.58,1718.8,1727.64,3691.090346
2026-06-21 11:30:00+00:00,1727.62,1728.35,1723.84,1726.71,1029.077175
2026-06-21 11:45:00+00:00,1726.7,1728.58,1723.33,1725.48,1575.389736
2026-06-21 12:00:00+00:00,1725.49,1726.72,1721.19,1722.27,3217.738825
2026-06-21 12:15:00+00:00,1722.26,1722.27,1716.89,1719.09,2980.256739
2026-06-21 12:30:00+00:00,1719.09,1721.83,1717.36,1720.84,3841.671863
2026-06-21 12:45:00+00:00,1720.86,1727.05,1720.47,1726.05,3257.423674
2026-06-21 13:00:00+00:00,1726.04,1728.05,1723.96,1726.02,1213.572394
2026-06-21 13:15:00+00:00,1726.03,1727.75,1724.65,1726.29,377.513385
2026-06-21 13:30:00+00:00,1726.3,1726.93,1721.77,1722.72,2590.288059
2026-06-21 13:45:00+00:00,1722.72,1725.35,1722.56,1725.04,2733.973972
2026-06-21 14:00:00+00:00,1725.04,1726.0,1722.76,1723.41,1783.84133
2026-06-21 14:15:00+00:00,1723.4,1724.63,1721.69,1722.5,1549.991279
2026-06-21 14:30:00+00:00,1722.5,1726.28,1722.17,1725.3,1575.499167
2026-06-21 14:45:00+00:00,1725.29,1728.54,1723.72,1728.53,1204.050714
2026-06-21 15:00:00+00:00,1728.54,1732.23,1726.98,1729.03,3211.230819
2026-06-21 15:15:00+00:00,1729.01,1732.22,1728.76,1731.64,1253.459096
2026-06-21 15:30:00+00:00,1731.65,1732.62,1729.64,1730.91,1125.860031
2026-06-21 15:45:00+00:00,1730.92,1731.2,1730.22,1730.8,2436.56663
2026-06-21 16:00:00+00:00,1730.8,1730.8,1726.01,1727.6,3404.27275
2026-06-21 16:15:00+00:00,1727.6,1729.27,1726.27,1726.95,3053.302331
2026-06-21 16:30:00+00:00,1726.95,1727.36,1722.14,1725.32,5498.557204
2026-06-21 16:45:00+00:00,1725.38,1729.91,1725.2,1728.18,3867.393569
2026-06-21 17:00:00+00:00,1728.17,1731.47,1727.49,1730.18,6462.584496
2026-06-21 17:15:00+00:00,1730.17,1730.69,1726.42,1726.6,4645.596398
2026-06-21 17:30:00+00:00,1726.6,1727.46,1725.83,1727.13,9056.95136
2026-06-21 17:45:00+00:00,1727.14,1729.33,1727.14,1727.23,8275.578194
2026-06-21 18:00:00+00:00,1727.22,1727.63,1721.45,1723.76,10755.127292
2026-06-21 18:15:00+00:00,1723.77,1726.2,1723.76,1725.99,3277.97483
2026-06-21 18:30:00+00:00,1725.98,1737.89,1725.61,1734.3,3749.036164
2026-06-21 18:45:00+00:00,1734.3,1737.89,1732.93,1735.36,2398.950248
2026-06-21 19:00:00+00:00,1735.5,1739.34,1734.6,1736.45,2348.213289
2026-06-21 19:15:00+00:00,1736.38,1736.79,1733.69,1734.25,2376.410248
2026-06-21 19:30:00+00:00,1734.26,1735.59,1733.71,1735.03,4926.913092
2026-06-21 19:45:00+00:00,1735.02,1736.43,1733.76,1734.05,4385.491736
2026-06-21 20:00:00+00:00,1734.09,1735.48,1731.32,1731.84,3205.117295
2026-06-21 20:15:00+00:00,1731.85,1732.59,1729.07,1730.85,3843.030059
2026-06-21 20:30:00+00:00,1730.84,1731.51,1726.0,1727.77,5059.127839
2026-06-21 20:45:00+00:00,1727.77,1728.0,1717.27,1721.39,4362.731912
2026-06-21 21:00:00+00:00,1721.4,1722.56,1701.68,1710.28,7020.852981
2026-06-21 21:15:00+00:00,1710.28,1717.51,1702.2,1714.62,3226.002842
2026-06-21 21:30:00+00:00,1714.63,1724.31,1714.49,1720.68,4406.205503
2026-06-21 21:45:00+00:00,1720.67,1722.19,1717.19,1718.51,2301.189202
2026-06-21 22:00:00+00:00,1718.5,1721.41,1712.83,1716.59,1822.230548
2026-06-21 22:15:00+00:00,1716.59,1719.47,1714.32,1714.61,1654.811023
2026-06-21 22:30:00+00:00,1714.47,1716.62,1708.71,1714.8,1855.316043
2026-06-21 22:45:00+00:00,1714.8,1719.92,1714.38,1717.82,1925.885003
2026-06-21 23:00:00+00:00,1717.83,1717.83,1710.16,1711.79,2833.05736
2026-06-21 23:15:00+00:00,1711.73,1716.5,1710.57,1713.6,1917.658926
2026-06-21 23:30:00+00:00,1713.61,1714.73,1704.4,1706.42,4335.707906
2026-06-21 23:45:00+00:00,1706.42,1709.41,1704.66,1707.14,3785.775515
2026-06-22 00:00:00+00:00,1707.15,1715.81,1707.14,1712.63,3557.959492
2026-06-22 00:15:00+00:00,1712.63,1721.4,1712.31,1720.25,2590.838344
2026-06-22 00:30:00+00:00,1720.35,1732.14,1719.22,1725.8,4480.812701
2026-06-22 00:45:00+00:00,1725.77,1729.7,1720.39,1726.88,4468.382714
2026-06-22 01:00:00+00:00,1726.97,1730.41,1724.57,1725.89,4959.064488
2026-06-22 01:15:00+00:00,1725.89,1759.67,1725.89,1752.75,11355.759683
2026-06-22 01:30:00+00:00,1752.58,1754.84,1741.82,1744.55,7900.502986
2026-06-22 01:45:00+00:00,1744.55,1746.95,1743.08,1743.81,4816.377158
2026-06-22 02:00:00+00:00,1743.81,1745.58,1738.7,1740.72,3870.727109
2026-06-22 02:15:00+00:00,1740.64,1745.18,1739.16,1741.6,3182.592787
2026-06-22 02:30:00+00:00,1741.6,1745.51,1739.86,1743.03,2521.801574
2026-06-22 02:45:00+00:00,1743.02,1743.29,1737.17,1737.18,2838.700909
2026-06-22 03:00:00+00:00,1737.18,1737.54,1726.59,1731.76,5627.998319
2026-06-22 03:15:00+00:00,1731.76,1740.0,1731.75,1736.64,4503.886981
2026-06-22 03:30:00+00:00,1736.56,1741.16,1734.42,1734.92,4402.207505
2026-06-22 03:45:00+00:00,1734.92,1735.61,1727.05,1730.19,5068.509964
2026-06-22 04:00:00+00:00,1730.19,1733.79,1727.61,1732.25,3679.429727
2026-06-22 04:15:00+00:00,1732.26,1735.01,1730.72,1734.48,3046.88814
2026-06-22 04:30:00+00:00,1734.48,1735.5,1730.88,1731.9,4785.849477
2026-06-22 04:45:00+00:00,1731.91,1736.06,1731.9,1735.42,3778.613962
2026-06-22 05:00:00+00:00,1735.43,1738.45,1734.04,1737.04,3371.014465
2026-06-22 05:15:00+00:00,1737.04,1739.63,1735.98,1738.02,11220.003485
2026-06-22 05:30:00+00:00,1738.02,1739.69,1736.11,1737.66,19907.372518
2026-06-22 05:45:00+00:00,1737.67,1738.17,1735.74,1737.14,21195.719042
2026-06-22 06:00:00+00:00,1737.14,1740.41,1733.8,1738.07,21100.910105
2026-06-22 06:15:00+00:00,1738.07,1739.99,1735.67,1736.41,20892.73224
2026-06-22 06:30:00+00:00,1736.41,1736.7,1733.3,1734.46,14592.757037
2026-06-22 06:45:00+00:00,1734.45,1736.01,1733.16,1735.17,33812.205822
2026-06-22 07:00:00+00:00,1735.17,1746.34,1734.66,1744.25,12490.798155
2026-06-22 07:15:00+00:00,1744.24,1749.24,1743.93,1748.17,12007.297087
2026-06-22 07:30:00+00:00,1748.16,1751.52,1747.42,1747.74,11524.943635
2026-06-22 07:45:00+00:00,1747.74,1749.74,1745.01,1746.48,41895.536815
2026-06-22 08:00:00+00:00,1746.48,1752.2,1743.6,1751.7,41690.155848
2026-06-22 08:15:00+00:00,1751.7,1752.31,1746.02,1746.34,22877.120543
2026-06-22 08:30:00+00:00,1746.34,1749.68,1743.75,1749.49,14937.531702
2026-06-22 08:45:00+00:00,1749.49,1750.79,1745.13,1747.74,20108.763565
2026-06-22 09:00:00+00:00,1747.75,1750.61,1746.97,1748.62,27279.604144
2026-06-22 09:15:00+00:00,1748.62,1749.93,1745.31,1746.4,43029.215769
2026-06-22 09:30:00+00:00,1746.4,1749.03,1743.71,1747.0,42517.111132
2026-06-22 09:45:00+00:00,1746.99,1747.67,1745.72,1745.89,41305.41431
2026-06-22 10:00:00+00:00,1745.9,1751.54,1745.16,1749.66,1004.380183
2026-06-22 10:15:00+00:00,1749.66,1750.99,1747.0,1747.65,598.795885
2026-06-22 10:30:00+00:00,1747.65,1751.52,1746.8,1747.18,666.978825
2026-06-22 10:45:00+00:00,1747.19,1749.99,1747.19,1748.77,316.256768
2026-06-22 11:00:00+00:00,1748.77,1757.49,1747.28,1751.92,2253.165612
2026-06-22 11:15:00+00:00,1751.92,1755.18,1749.01,1752.58,1573.98341
2026-06-22 11:30:00+00:00,1752.6,1765.2,1752.6,1763.68,3700.111498
2026-06-22 11:45:00+00:00,1763.67,1774.65,1762.57,1767.72,3021.389274
2026-06-22 12:00:00+00:00,1767.73,1772.34,1764.17,1765.51,3761.953926
2026-06-22 12:15:00+00:00,1765.52,1769.4,1763.49,1767.06,2438.873794
2026-06-22 12:30:00+00:00,1767.07,1767.4,1761.01,1764.18,2156.179548
2026-06-22 12:45:00+00:00,1764.18,1767.14,1761.44,1764.01,1105.583696
2026-06-22 13:00:00+00:00,1764.01,1766.67,1762.7,1764.42,1061.070264
2026-06-22 13:15:00+00:00,1764.41,1765.99,1762.08,1764.35,737.703357
2026-06-22 13:30:00+00:00,1764.36,1780.0,1762.09,1774.1,5350.977066
2026-06-22 13:45:00+00:00,1774.1,1777.71,1771.63,1777.71,1611.466644
2026-06-22 14:00:00+00:00,1777.73,1777.99,1766.15,1767.8,1674.658076
2026-06-22 14:15:00+00:00,1767.85,1768.24,1755.07,1755.26,2737.053886
2026-06-22 14:30:00+00:00,1755.27,1759.34,1751.51,1753.48,2684.93369
2026-06-22 14:45:00+00:00,1753.54,1758.46,1750.0,1754.68,1666.21208
2026-06-22 15:00:00+00:00,1754.66,1757.9,1751.09,1755.4,1401.181575
2026-06-22 15:15:00+00:00,1755.41,1756.65,1751.08,1754.06,1231.835931
2026-06-22 15:30:00+00:00,1754.07,1756.45,1752.33,1754.57,1033.837985
2026-06-22 15:45:00+00:00,1754.55,1754.96,1742.48,1744.88,2366.042383
2026-06-22 16:00:00+00:00,1744.9,1746.45,1737.01,1742.36,2535.044919
2026-06-22 16:15:00+00:00,1742.35,1745.61,1738.81,1742.04,1151.922103
2026-06-22 16:30:00+00:00,1742.03,1742.62,1734.89,1738.14,1927.420593
2026-06-22 16:45:00+00:00,1738.14,1742.98,1733.33,1740.17,2459.259869
2026-06-22 17:00:00+00:00,1740.17,1743.19,1739.01,1741.58,794.820907
2026-06-22 17:15:00+00:00,1741.58,1742.26,1734.06,1734.21,1302.601606
2026-06-22 17:30:00+00:00,1734.22,1736.25,1731.43,1734.97,1554.102736
2026-06-22 17:45:00+00:00,1734.98,1742.43,1734.67,1740.95,911.549008
2026-06-22 18:00:00+00:00,1740.96,1746.53,1740.96,1745.73,1234.189179
2026-06-22 18:15:00+00:00,1745.74,1747.86,1740.75,1741.84,787.730942
2026-06-22 18:30:00+00:00,1741.85,1743.16,1739.86,1740.02,511.769835
2026-06-22 18:45:00+00:00,1740.08,1740.53,1729.67,1733.71,4102.799717
2026-06-22 19:00:00+00:00,1733.59,1735.65,1729.53,1735.16,1568.943142
2026-06-22 19:15:00+00:00,1735.17,1736.89,1729.29,1731.51,1579.074045
2026-06-22 19:30:00+00:00,1731.5,1735.91,1731.02,1733.7,738.600667
2026-06-22 19:45:00+00:00,1733.71,1735.73,1730.01,1734.79,1102.336188
2026-06-22 20:00:00+00:00,1734.79,1740.25,1733.91,1736.84,1239.883418
2026-06-22 20:15:00+00:00,1736.83,1738.4,1732.01,1733.68,422.978402
2026-06-22 20:30:00+00:00,1733.68,1736.58,1733.52,1736.03,316.760143
2026-06-22 20:45:00+00:00,1736.15,1737.05,1731.26,1734.77,682.818156
2026-06-22 21:00:00+00:00,1734.78,1737.66,1733.73,1735.61,774.059112
2026-06-22 21:15:00+00:00,1735.61,1735.94,1731.44,1734.26,263.123793
2026-06-22 21:30:00+00:00,1734.26,1734.9,1727.0,1729.44,1181.789773
2026-06-22 21:45:00+00:00,1729.19,1733.0,1728.82,1732.91,558.176531
2026-06-22 22:00:00+00:00,1732.96,1736.04,1732.07,1733.38,1184.671417
2026-06-22 22:15:00+00:00,1733.44,1733.77,1718.0,1722.42,3153.205118
2026-06-22 22:30:00+00:00,1722.49,1725.91,1717.01,1719.39,2259.570031
2026-06-22 22:45:00+00:00,1719.49,1725.0,1718.74,1724.34,1655.842092
2026-06-22 23:00:00+00:00,1724.34,1726.24,1722.77,1723.53,1126.187176
2026-06-22 23:15:00+00:00,1723.63,1727.32,1721.35,1726.8,858.826269
2026-06-22 23:30:00+00:00,1726.79,1730.46,1724.91,1727.12,838.023625
2026-06-22 23:45:00+00:00,1727.05,1729.86,1725.83,1728.36,469.655635
2026-06-23 00:00:00+00:00,1728.36,1728.74,1724.39,1725.75,475.963126
2026-06-23 00:15:00+00:00,1725.61,1727.14,1719.79,1721.86,585.414782
2026-06-23 00:30:00+00:00,1721.88,1729.54,1721.78,1729.53,404.159596
2026-06-23 00:45:00+00:00,1729.45,1732.15,1727.11,1731.41,985.048633
2026-06-23 01:00:00+00:00,1731.42,1736.24,1731.16,1732.63,758.314918
2026-06-23 01:15:00+00:00,1732.63,1735.63,1731.58,1733.87,335.263642
2026-06-23 01:30:00+00:00,1733.7,1734.99,1727.45,1728.17,1033.105051
2026-06-23 01:45:00+00:00,1728.16,1731.47,1721.24,1730.51,1127.169893
2026-06-23 02:00:00+00:00,1730.68,1732.0,1726.26,1729.3,340.576798
2026-06-23 02:15:00+00:00,1729.54,1733.2,1729.46,1730.86,693.799323
2026-06-23 02:30:00+00:00,1730.87,1733.22,1730.38,1732.22,160.981778
2026-06-23 02:45:00+00:00,1732.21,1735.0,1731.19,1732.67,209.673496
2026-06-23 03:00:00+00:00,1732.68,1733.12,1725.66,1728.76,621.419668
2026-06-23 03:15:00+00:00,1728.79,1731.18,1727.41,1729.7,735.830581
2026-06-23 03:30:00+00:00,1729.69,1729.69,1726.8,1727.87,388.711546
2026-06-23 03:45:00+00:00,1727.88,1730.67,1727.51,1729.89,313.229755
2026-06-23 04:00:00+00:00,1729.9,1731.32,1728.47,1730.68,165.292249
2026-06-23 04:15:00+00:00,1730.68,1730.68,1724.58,1728.01,378.919828
2026-06-23 04:30:00+00:00,1728.0,1728.0,1722.67,1723.43,1075.816883
2026-06-23 04:45:00+00:00,1723.6,1724.41,1718.16,1718.96,1161.482553
2026-06-23 05:00:00+00:00,1719.13,1721.58,1717.51,1719.63,699.918608
2026-06-23 05:15:00+00:00,1719.63,1720.08,1710.01,1713.65,2244.904021
2026-06-23 05:30:00+00:00,1713.62,1714.93,1710.49,1714.38,1128.143545
2026-06-23 05:45:00+00:00,1714.37,1715.12,1712.0,1713.61,652.59795
2026-06-23 06:00:00+00:00,1713.48,1713.8,1703.48,1707.39,2202.093613
2026-06-23 06:15:00+00:00,1707.39,1709.19,1680.43,1687.41,9162.828089
2026-06-23 06:30:00+00:00,1687.47,1692.48,1683.44,1690.27,1688.551536
2026-06-23 06:45:00+00:00,1690.37,1693.53,1689.47,1692.28,706.060074
2026-06-23 07:00:00+00:00,1692.27,1694.79,1691.24,1694.11,675.212768
2026-06-23 07:15:00+00:00,1694.1,1696.5,1692.3,1693.33,907.171481
2026-06-23 07:30:00+00:00,1693.25,1693.66,1686.03,1687.75,3602.302551
2026-06-23 07:45:00+00:00,1687.75,1689.92,1681.38,1682.94,3130.856977
2026-06-23 08:00:00+00:00,1682.94,1684.9,1674.14,1675.67,3883.331531
2026-06-23 08:15:00+00:00,1675.68,1675.95,1635.0,1642.27,18456.33562
2026-06-23 08:30:00+00:00,1642.26,1652.32,1641.6,1649.24,5044.204365
2026-06-23 08:45:00+00:00,1649.25,1650.45,1646.06,1648.27,3498.970337
2026-06-23 09:00:00+00:00,1648.26,1652.21,1648.13,1650.85,1030.217704
2026-06-23 09:15:00+00:00,1650.94,1654.33,1650.14,1653.86,1799.825181
2026-06-23 09:30:00+00:00,1653.86,1654.39,1648.0,1649.98,1721.189611
2026-06-23 09:45:00+00:00,1649.82,1652.0,1649.2,1650.95,1324.8866
2026-06-23 10:00:00+00:00,1650.86,1659.85,1650.77,1656.35,2149.782283
2026-06-23 10:15:00+00:00,1656.4,1656.56,1652.96,1653.87,1136.964824
2026-06-23 10:30:00+00:00,1653.86,1654.33,1649.3,1650.35,848.110259
2026-06-23 10:45:00+00:00,1650.29,1653.07,1649.31,1652.46,564.283901
2026-06-23 11:00:00+00:00,1652.46,1655.88,1652.46,1655.88,921.11759
2026-06-23 11:15:00+00:00,1655.88,1663.49,1655.28,1660.49,2252.403454
2026-06-23 11:30:00+00:00,1660.48,1663.79,1659.18,1661.25,1544.242263
2026-06-23 11:45:00+00:00,1661.28,1663.8,1658.05,1660.93,1453.241537
2026-06-23 12:00:00+00:00,1660.94,1662.68,1656.7,1658.31,588.151537
2026-06-23 12:15:00+00:00,1658.37,1659.89,1656.0,1658.5,489.002045
2026-06-23 12:30:00+00:00,1658.55,1660.88,1655.25,1658.08,921.404797
2026-06-23 12:45:00+00:00,1658.08,1658.8,1653.76,1654.63,1396.267408
2026-06-23 13:00:00+00:00,1654.64,1655.22,1649.48,1652.88,1588.762151
2026-06-23 13:15:00+00:00,1652.72,1652.72,1646.45,1649.03,1959.580966
2026-06-23 13:30:00+00:00,1649.14,1661.78,1645.11,1659.36,5820.992292
2026-06-23 13:45:00+00:00,1659.08,1664.02,1656.11,1662.94,2609.12984
2026-06-23 14:00:00+00:00,1662.88,1668.39,1659.55,1667.76,2387.121812
2026-06-23 14:15:00+00:00,1667.68,1670.24,1657.87,1662.04,2372.197264
2026-06-23 14:30:00+00:00,1662.03,1671.99,1659.6,1663.28,3291.588864
2026-06-23 14:45:00+00:00,1663.36,1666.15,1660.12,1662.01,1369.581454
2026-06-23 15:00:00+00:00,1662.07,1663.44,1654.07,1656.86,1454.143106
2026-06-23 15:15:00+00:00,1656.85,1656.95,1651.81,1653.95,745.539352
2026-06-23 15:30:00+00:00,1653.96,1661.0,1653.84,1656.03,786.315149
2026-06-23 15:45:00+00:00,1656.01,1659.88,1651.35,1659.72,1552.714078
2026-06-23 16:00:00+00:00,1659.73,1673.96,1657.79,1668.22,4157.389141
2026-06-23 16:15:00+00:00,1668.46,1669.12,1661.38,1662.11,1283.528273
2026-06-23 16:30:00+00:00,1662.1,1663.29,1660.65,1662.45,456.562731
2026-06-23 16:45:00+00:00,1662.59,1663.08,1658.37,1659.4,439.262777
2026-06-23 17:00:00+00:00,1659.35,1660.99,1655.5,1657.91,1423.603663
2026-06-23 17:15:00+00:00,1657.91,1663.57,1657.6,1662.89,503.946419
2026-06-23 17:30:00+00:00,1662.9,1664.98,1657.79,1659.67,588.317913
2026-06-23 17:45:00+00:00,1659.62,1660.69,1654.58,1656.79,951.795866
2026-06-23 18:00:00+00:00,1656.87,1660.64,1655.13,1658.08,292.026346
2026-06-23 18:15:00+00:00,1658.07,1659.99,1655.84,1657.7,653.543095
2026-06-23 18:30:00+00:00,1657.65,1657.65,1650.07,1650.96,1053.312224
2026-06-23 18:45:00+00:00,1650.86,1657.25,1649.86,1655.33,1103.783124
2026-06-23 19:00:00+00:00,1655.33,1662.05,1655.33,1659.72,587.559653
2026-06-23 19:15:00+00:00,1659.78,1661.84,1656.48,1661.79,526.943296
2026-06-23 19:30:00+00:00,1661.73,1662.9,1658.15,1658.15,359.996034
2026-06-23 19:45:00+00:00,1658.16,1664.0,1657.3,1662.5,1750.913037
2026-06-23 20:00:00+00:00,1662.82,1667.66,1662.71,1664.4,779.573744
2026-06-23 20:15:00+00:00,1664.4,1665.53,1662.39,1664.27,267.40798
2026-06-23 20:30:00+00:00,1664.22,1664.22,1662.08,1663.16,286.059456
2026-06-23 20:45:00+00:00,1663.17,1664.27,1661.17,1664.07,221.003107
2026-06-23 21:00:00+00:00,1664.03,1667.65,1663.49,1665.23,570.246005
2026-06-23 21:15:00+00:00,1665.27,1667.13,1664.4,1666.92,349.948077
2026-06-23 21:30:00+00:00,1666.98,1667.85,1665.58,1667.01,230.012162
2026-06-23 21:45:00+00:00,1667.0,1668.48,1666.0,1666.89,417.155439
2026-06-23 22:00:00+00:00,1666.87,1672.13,1666.46,1671.41,424.233552
2026-06-23 22:15:00+00:00,1671.4,1673.06,1664.03,1665.45,661.910435
2026-06-23 22:30:00+00:00,1665.45,1666.48,1663.44,1663.51,186.867531
2026-06-23 22:45:00+00:00,1663.48,1665.87,1663.02,1664.59,199.984551
2026-06-23 23:00:00+00:00,1664.6,1664.6,1660.37,1661.39,554.135472
2026-06-23 23:15:00+00:00,1661.46,1665.76,1661.43,1664.27,1337.588595
2026-06-23 23:30:00+00:00,1664.26,1664.91,1662.04,1662.73,428.429947
2026-06-23 23:45:00+00:00,1662.65,1669.55,1662.41,1667.18,423.940093
2026-06-24 00:00:00+00:00,1667.2,1673.29,1666.92,1671.3,648.677357
2026-06-24 00:15:00+00:00,1671.27,1672.22,1667.85,1668.8,357.541433
2026-06-24 00:30:00+00:00,1668.8,1674.65,1667.59,1670.91,869.873679
2026-06-24 00:45:00+00:00,1670.9,1673.66,1669.02,1671.27,473.136179
2026-06-24 01:00:00+00:00,1671.27,1672.58,1666.61,1672.45,473.018112
2026-06-24 01:15:00+00:00,1672.44,1673.16,1666.23,1671.49,442.251656
2026-06-24 01:30:00+00:00,1671.57,1680.49,1671.53,1674.67,1594.484513
2026-06-24 01:45:00+00:00,1674.67,1677.31,1672.33,1672.81,619.043415
2026-06-24 02:00:00+00:00,1672.81,1673.71,1669.01,1671.97,661.466398
2026-06-24 02:15:00+00:00,1671.81,1671.81,1665.13,1667.75,595.730189
2026-06-24 02:30:00+00:00,1667.75,1669.59,1663.45,1668.0,641.894864
2026-06-24 02:45:00+00:00,1667.9,1668.33,1663.81,1663.81,363.511283
2026-06-24 03:00:00+00:00,1663.86,1666.09,1662.43,1663.95,704.58061
2026-06-24 03:15:00+00:00,1663.9,1664.24,1658.01,1664.24,781.856121
2026-06-24 03:30:00+00:00,1664.25,1669.0,1664.09,1668.21,740.857285
2026-06-24 03:45:00+00:00,1668.21,1670.0,1666.23,1666.85,682.668191
2026-06-24 04:00:00+00:00,1666.83,1667.53,1664.36,1664.84,388.869365
2026-06-24 04:15:00+00:00,1664.86,1666.53,1658.33,1659.7,541.423057
2026-06-24 04:30:00+00:00,1659.69,1665.97,1659.44,1664.8,398.834695
2026-06-24 04:45:00+00:00,1664.8,1671.05,1664.8,1668.98,697.37827
2026-06-24 05:00:00+00:00,1668.99,1671.65,1667.96,1669.48,504.88301
2026-06-24 05:15:00+00:00,1669.51,1673.68,1669.51,1673.44,825.271342
2026-06-24 05:30:00+00:00,1673.45,1679.59,1672.51,1675.7,2120.037695
2026-06-24 05:45:00+00:00,1675.7,1676.97,1672.74,1674.53,1494.856724
2026-06-24 06:00:00+00:00,1674.54,1675.34,1670.48,1673.6,563.651363
2026-06-24 06:15:00+00:00,1673.6,1676.86,1672.75,1675.39,264.857937
2026-06-24 06:30:00+00:00,1675.58,1677.05,1674.38,1674.38,895.579609
2026-06-24 06:45:00+00:00,1674.38,1676.45,1672.83,1674.95,283.445309
2026-06-24 07:00:00+00:00,1674.96,1678.79,1673.01,1678.23,1128.632816
2026-06-24 07:15:00+00:00,1678.22,1678.22,1673.23,1673.36,330.82197
2026-06-24 07:30:00+00:00,1673.32,1675.96,1670.87,1672.58,993.134085
2026-06-24 07:45:00+00:00,1672.59,1674.07,1671.15,1673.17,439.899767
2026-06-24 08:00:00+00:00,1673.2,1674.56,1669.26,1671.15,2360.876709
2026-06-24 08:15:00+00:00,1671.1,1672.79,1669.43,1670.53,266.128522
2026-06-24 08:30:00+00:00,1670.44,1675.16,1669.94,1674.29,450.728151
2026-06-24 08:45:00+00:00,1674.29,1674.71,1672.42,1673.19,203.245123
2026-06-24 09:00:00+00:00,1673.26,1673.29,1668.18,1670.73,365.192849
2026-06-24 09:15:00+00:00,1670.79,1670.98,1667.53,1667.77,531.994537
2026-06-24 09:30:00+00:00,1667.77,1667.99,1665.28,1666.78,790.648774
2026-06-24 09:45:00+00:00,1666.78,1668.53,1665.7,1667.05,188.762212
2026-06-24 10:00:00+00:00,1667.03,1667.66,1663.81,1666.37,1042.56646
2026-06-24 10:15:00+00:00,1666.37,1667.85,1662.77,1665.78,987.271848
2026-06-24 10:30:00+00:00,1665.8,1668.16,1664.22,1667.2,610.236186
2026-06-24 10:45:00+00:00,1667.04,1667.05,1663.18,1663.83,312.828272
2026-06-24 11:00:00+00:00,1663.81,1665.48,1658.79,1658.85,1002.037681
2026-06-24 11:15:00+00:00,1658.89,1660.57,1655.7,1658.0,1142.936456
2026-06-24 11:30:00+00:00,1658.15,1669.99,1658.15,1669.84,1359.773583
2026-06-24 11:45:00+00:00,1669.69,1693.69,1668.66,1679.55,6578.324294
2026-06-24 12:00:00+00:00,1679.56,1681.36,1675.76,1678.43,1511.046265
2026-06-24 12:15:00+00:00,1678.48,1680.14,1675.87,1676.76,814.629578
2026-06-24 12:30:00+00:00,1676.78,1678.28,1674.08,1676.37,566.548505
2026-06-24 12:45:00+00:00,1676.53,1676.88,1670.51,1671.53,715.752697
2026-06-24 13:00:00+00:00,1671.52,1672.56,1653.01,1655.65,3739.98544
2026-06-24 13:15:00+00:00,1655.65,1661.01,1642.61,1652.09,4832.950797
2026-06-24 13:30:00+00:00,1652.06,1664.1,1644.65,1648.25,4871.96305
2026-06-24 13:45:00+00:00,1648.22,1655.33,1641.27,1645.4,3870.555852
2026-06-24 14:00:00+00:00,1645.51,1650.75,1638.3,1646.26,4910.880248
2026-06-24 14:15:00+00:00,1646.04,1650.92,1638.13,1649.33,2874.434537
2026-06-24 14:30:00+00:00,1649.16,1657.36,1646.02,1650.72,2414.96164
2026-06-24 14:45:00+00:00,1650.72,1653.32,1643.07,1647.21,1237.544846
2026-06-24 15:00:00+00:00,1647.24,1647.96,1637.08,1639.83,2727.380754
2026-06-24 15:15:00+00:00,1639.84,1651.3,1638.44,1644.73,2444.440275
2026-06-24 15:30:00+00:00,1644.74,1644.89,1623.59,1627.2,5973.119952
2026-06-24 15:45:00+00:00,1627.23,1627.6,1617.02,1618.33,4520.836349
2026-06-24 16:00:00+00:00,1618.33,1628.44,1616.23,1627.69,3446.387592
2026-06-24 16:15:00+00:00,1627.69,1636.25,1625.58,1632.01,3907.371822
2026-06-24 16:30:00+00:00,1632.05,1632.6,1620.14,1623.5,1827.178154
2026-06-24 16:45:00+00:00,1623.57,1623.57,1585.0,1589.83,22331.238456
2026-06-24 17:00:00+00:00,1589.84,1597.56,1583.0,1588.1,4003.775258
2026-06-24 17:15:00+00:00,1588.16,1590.24,1567.62,1576.7,9224.600449
2026-06-24 17:30:00+00:00,1576.69,1579.07,1564.01,1567.45,4636.284561
2026-06-24 17:45:00+00:00,1567.38,1569.42,1552.53,1560.51,8919.610401
2026-06-24 18:00:00+00:00,1560.56,1569.57,1556.49,1568.13,5281.837456
2026-06-24 18:15:00+00:00,1568.09,1584.87,1567.97,1578.16,5991.105676
2026-06-24 18:30:00+00:00,1578.47,1580.23,1574.48,1575.95,2977.03638
2026-06-24 18:45:00+00:00,1575.94,1576.29,1568.21,1572.4,1283.451571
2026-06-24 19:00:00+00:00,1572.41,1576.91,1567.04,1571.57,1459.630877
2026-06-24 19:15:00+00:00,1571.37,1576.88,1568.33,1575.93,1242.275131
2026-06-24 19:30:00+00:00,1575.93,1583.17,1572.16,1579.56,2099.979452
2026-06-24 19:45:00+00:00,1579.6,1585.38,1577.82,1584.37,2088.028341
2026-06-24 20:00:00+00:00,1584.47,1612.45,1579.73,1610.4,6399.155998
2026-06-24 20:15:00+00:00,1610.24,1617.23,1607.86,1613.31,2588.344206
2026-06-24 20:30:00+00:00,1613.3,1617.35,1608.84,1612.24,1496.844777
2026-06-24 20:45:00+00:00,1612.13,1622.0,1611.44,1613.71,2519.361843
2026-06-24 21:00:00+00:00,1613.8,1615.21,1605.8,1609.53,1352.343127
2026-06-24 21:15:00+00:00,1609.52,1612.12,1608.33,1611.76,564.350887
2026-06-24 21:30:00+00:00,1611.68,1619.9,1610.16,1618.2,728.42202
2026-06-24 21:45:00+00:00,1618.18,1621.66,1615.62,1621.18,813.049574
2026-06-24 22:00:00+00:00,1621.23,1629.67,1619.6,1619.78,1995.330975
2026-06-24 22:15:00+00:00,1619.78,1619.83,1615.1,1615.62,985.436678
2026-06-24 22:30:00+00:00,1615.68,1618.08,1614.9,1617.62,777.236759
2026-06-24 22:45:00+00:00,1617.5,1617.5,1613.52,1615.51,289.53649
2026-06-24 23:00:00+00:00,1615.42,1617.58,1613.54,1616.85,631.710127
2026-06-24 23:15:00+00:00,1616.91,1622.19,1615.32,1619.39,597.284145
2026-06-24 23:30:00+00:00,1619.38,1622.0,1617.89,1619.88,351.233435
2026-06-24 23:45:00+00:00,1619.92,1623.64,1618.03,1622.4,695.009687
2026-06-25 00:00:00+00:00,1622.4,1626.5,1621.87,1625.23,674.473203
2026-06-25 00:15:00+00:00,1625.22,1625.75,1620.2,1620.54,626.654341
2026-06-25 00:30:00+00:00,1620.59,1622.91,1618.89,1618.9,547.478363
2026-06-25 00:45:00+00:00,1618.94,1621.88,1616.3,1619.14,1383.183474
2026-06-25 01:00:00+00:00,1619.14,1621.86,1615.41,1617.08,841.864442
2026-06-25 01:15:00+00:00,1617.14,1622.0,1614.27,1619.13,856.471733
2026-06-25 01:30:00+00:00,1619.0,1622.21,1618.44,1619.45,491.68177
2026-06-25 01:45:00+00:00,1619.54,1624.23,1618.69,1620.72,2464.304041
2026-06-25 02:00:00+00:00,1620.73,1621.61,1615.01,1616.15,422.901415
2026-06-25 02:15:00+00:00,1616.16,1620.47,1615.01,1620.26,526.741498
2026-06-25 02:30:00+00:00,1620.35,1620.35,1615.28,1616.39,366.717151
2026-06-25 02:45:00+00:00,1616.3,1621.21,1616.0,1620.93,831.604328
2026-06-25 03:00:00+00:00,1620.91,1624.29,1618.0,1618.69,1221.142366
2026-06-25 03:15:00+00:00,1618.63,1621.0,1616.23,1619.13,662.370679
2026-06-25 03:30:00+00:00,1619.12,1620.76,1616.49,1616.74,366.006869
2026-06-25 03:45:00+00:00,1616.73,1620.56,1616.72,1619.61,350.437196
2026-06-25 04:00:00+00:00,1619.61,1620.52,1617.62,1618.09,3465.709688
2026-06-25 04:15:00+00:00,1618.08,1620.94,1617.37,1619.16,359.36096
2026-06-25 04:30:00+00:00,1619.19,1622.99,1617.13,1622.99,373.215002
2026-06-25 04:45:00+00:00,1622.98,1636.35,1622.3,1634.97,4225.783989
2026-06-25 05:00:00+00:00,1634.87,1649.99,1633.52,1645.45,6471.013132
2026-06-25 05:15:00+00:00,1645.5,1651.31,1641.75,1647.81,3218.418814
2026-06-25 05:30:00+00:00,1647.74,1652.25,1644.84,1644.84,1485.620542
2026-06-25 05:45:00+00:00,1644.84,1649.14,1643.93,1645.81,955.35986
2026-06-25 06:00:00+00:00,1645.82,1649.5,1644.29,1647.21,609.580807
2026-06-25 06:15:00+00:00,1647.4,1650.71,1646.15,1648.41,556.108738
2026-06-25 06:30:00+00:00,1648.4,1655.53,1647.34,1654.6,1594.560503
2026-06-25 06:45:00+00:00,1654.6,1660.51,1652.27,1653.85,2062.110581
2026-06-25 07:00:00+00:00,1653.93,1656.01,1651.3,1653.0,1086.992134
2026-06-25 07:15:00+00:00,1652.99,1656.71,1652.86,1654.95,993.808556
2026-06-25 07:30:00+00:00,1654.95,1659.88,1654.75,1657.9,1115.322974
2026-06-25 07:45:00+00:00,1657.87,1658.9,1654.55,1657.2,820.725435
2026-06-25 08:00:00+00:00,1657.18,1658.99,1654.41,1654.52,587.519268
2026-06-25 08:15:00+00:00,1654.5,1654.7,1650.89,1653.59,509.397923
2026-06-25 08:30:00+00:00,1653.59,1653.59,1651.49,1653.4,581.506904
2026-06-25 08:45:00+00:00,1653.36,1654.29,1651.37,1652.94,324.029458
2026-06-25 09:00:00+00:00,1652.95,1655.34,1652.0,1653.78,251.323661
2026-06-25 09:15:00+00:00,1653.64,1654.23,1646.68,1648.39,1142.263412
2026-06-25 09:30:00+00:00,1648.39,1650.54,1647.29,1648.48,378.949998
2026-06-25 09:45:00+00:00,1648.48,1649.37,1646.74,1648.89,296.105338
2026-06-25 10:00:00+00:00,1648.82,1649.34,1647.0,1648.41,213.334975
2026-06-25 10:15:00+00:00,1648.41,1649.64,1642.94,1643.62,1562.488468
2026-06-25 10:30:00+00:00,1643.68,1644.31,1636.73,1636.73,1679.913667
2026-06-25 10:45:00+00:00,1636.85,1638.74,1633.45,1636.72,1085.470229
2026-06-25 11:00:00+00:00,1636.72,1638.42,1628.0,1636.84,2754.702772
2026-06-25 11:15:00+00:00,1636.83,1638.99,1630.12,1630.77,2471.22468
2026-06-25 11:30:00+00:00,1630.88,1635.29,1630.88,1632.01,781.079771
2026-06-25 11:45:00+00:00,1632.0,1633.3,1627.73,1633.29,1249.232365
2026-06-25 12:00:00+00:00,1633.29,1634.78,1629.68,1631.66,271.571881
2026-06-25 12:15:00+00:00,1631.59,1632.06,1624.56,1626.9,1334.098266
2026-06-25 12:30:00+00:00,1626.99,1651.19,1626.99,1637.4,6423.848016
2026-06-25 12:45:00+00:00,1637.31,1640.66,1634.31,1635.7,1593.198734
2026-06-25 13:00:00+00:00,1635.67,1640.69,1634.48,1638.84,1743.614585
2026-06-25 13:15:00+00:00,1638.93,1639.35,1633.04,1634.36,1892.197128
2026-06-25 13:30:00+00:00,1634.31,1637.76,1591.19,1592.93,7980.312394
2026-06-25 13:45:00+00:00,1592.79,1600.67,1532.0,1538.06,29734.931331
2026-06-25 14:00:00+00:00,1537.99,1575.45,1537.98,1565.13,16532.200523
2026-06-25 14:15:00+00:00,1565.11,1571.58,1550.15,1563.77,7603.828833
2026-06-25 14:30:00+00:00,1563.67,1593.44,1560.01,1567.59,10261.789002
2026-06-25 14:45:00+00:00,1567.67,1578.84,1563.91,1568.34,3319.827216
2026-06-25 15:00:00+00:00,1568.34,1569.0,1551.89,1554.13,3947.662537
2026-06-25 15:15:00+00:00,1554.05,1566.07,1544.2,1561.84,4877.222929
2026-06-25 15:30:00+00:00,1561.85,1567.57,1555.27,1560.03,2753.587391
2026-06-25 15:45:00+00:00,1559.95,1573.45,1559.23,1569.99,2860.309086
2026-06-25 16:00:00+00:00,1570.04,1587.56,1568.02,1577.72,4774.012765
2026-06-25 16:15:00+00:00,1577.73,1578.64,1573.0,1576.48,1753.679999
2026-06-25 16:30:00+00:00,1576.49,1576.49,1561.63,1563.26,2071.430888
2026-06-25 16:45:00+00:00,1563.37,1564.24,1558.15,1562.0,1749.180723
2026-06-25 17:00:00+00:00,1562.01,1569.48,1557.41,1568.17,1507.773619
2026-06-25 17:15:00+00:00,1568.18,1575.38,1565.01,1570.36,1860.363469
2026-06-25 17:30:00+00:00,1570.41,1574.54,1568.66,1569.86,681.193073
2026-06-25 17:45:00+00:00,1569.85,1574.98,1566.07,1574.83,1695.379434
2026-06-25 18:00:00+00:00,1574.89,1577.3,1564.64,1565.19,1713.340867
2026-06-25 18:15:00+00:00,1565.3,1577.13,1564.51,1573.51,1614.238735
2026-06-25 18:30:00+00:00,1573.57,1573.73,1560.09,1563.86,1449.26334
2026-06-25 18:45:00+00:00,1563.86,1570.22,1561.21,1567.81,686.149203
2026-06-25 19:00:00+00:00,1567.8,1568.0,1557.4,1559.28,859.816148
2026-06-25 19:15:00+00:00,1559.29,1560.95,1554.51,1559.78,1477.436791
2026-06-25 19:30:00+00:00,1559.95,1562.65,1557.86,1558.74,642.288694
2026-06-25 19:45:00+00:00,1558.72,1560.77,1555.15,1559.35,772.934646
2026-06-25 20:00:00+00:00,1559.55,1570.53,1559.47,1567.03,1109.84912
2026-06-25 20:15:00+00:00,1567.04,1570.76,1566.6,1567.62,676.799273
2026-06-25 20:30:00+00:00,1567.61,1568.77,1560.69,1563.45,920.062573
2026-06-25 20:45:00+00:00,1563.53,1563.53,1556.85,1560.31,535.347584
2026-06-25 21:00:00+00:00,1560.31,1565.02,1560.3,1564.77,1336.950154
2026-06-25 21:15:00+00:00,1564.7,1568.92,1563.62,1568.33,278.690505
2026-06-25 21:30:00+00:00,1568.25,1578.53,1567.7,1575.17,907.695838
2026-06-25 21:45:00+00:00,1574.97,1583.4,1573.23,1580.79,1033.884772
2026-06-25 22:00:00+00:00,1580.68,1583.52,1570.1,1570.1,1630.144739
2026-06-25 22:15:00+00:00,1570.24,1573.91,1566.67,1568.91,648.690121
2026-06-25 22:30:00+00:00,1568.9,1572.92,1568.4,1571.03,306.317724
2026-06-25 22:45:00+00:00,1570.96,1573.45,1568.08,1570.33,497.608035
2026-06-25 23:00:00+00:00,1570.32,1573.16,1567.74,1572.54,245.856078
2026-06-25 23:15:00+00:00,1572.57,1579.33,1572.28,1577.53,1352.539277
2026-06-25 23:30:00+00:00,1577.52,1579.85,1570.86,1572.09,1155.992116
2026-06-25 23:45:00+00:00,1572.06,1572.06,1564.43,1567.82,740.279445
2026-06-26 00:00:00+00:00,1567.83,1571.83,1567.61,1571.34,513.817717
2026-06-26 00:15:00+00:00,1571.3,1571.39,1566.25,1569.04,327.994734
2026-06-26 00:30:00+00:00,1569.06,1571.36,1566.41,1569.1,366.367728
2026-06-26 00:45:00+00:00,1569.19,1569.88,1563.71,1564.69,495.94186
2026-06-26 01:00:00+00:00,1564.69,1568.59,1559.19,1564.95,860.355829
2026-06-26 01:15:00+00:00,1564.88,1567.38,1557.39,1557.65,549.700628
2026-06-26 01:30:00+00:00,1557.68,1561.37,1555.29,1558.84,624.708912
2026-06-26 01:45:00+00:00,1558.75,1562.6,1557.56,1560.08,744.935623
2026-06-26 02:00:00+00:00,1560.08,1560.9,1520.63,1522.53,9817.865314
2026-06-26 02:15:00+00:00,1522.52,1538.49,1519.27,1537.87,7321.604622
2026-06-26 02:30:00+00:00,1537.86,1541.91,1530.76,1535.96,2490.600199
2026-06-26 02:45:00+00:00,1535.96,1535.96,1522.62,1524.58,3912.577086
2026-06-26 03:00:00+00:00,1524.61,1534.18,1512.04,1532.57,8929.645805
2026-06-26 03:15:00+00:00,1532.57,1536.55,1525.27,1532.4,2504.026446
2026-06-26 03:30:00+00:00,1532.51,1540.57,1529.01,1539.92,3064.332757
2026-06-26 03:45:00+00:00,1540.09,1563.63,1539.77,1557.8,5792.913613
2026-06-26 04:00:00+00:00,1557.81,1558.88,1552.8,1554.96,1725.685789
2026-06-26 04:15:00+00:00,1555.05,1560.73,1550.3,1552.84,1309.454679
2026-06-26 04:30:00+00:00,1552.78,1554.28,1549.3,1552.5,525.144897
2026-06-26 04:45:00+00:00,1552.58,1553.05,1547.62,1549.81,512.354171
2026-06-26 05:00:00+00:00,1549.81,1552.99,1548.42,1552.93,637.253779
2026-06-26 05:15:00+00:00,1552.93,1559.38,1550.57,1557.09,1136.983388
2026-06-26 05:30:00+00:00,1557.06,1559.31,1554.46,1555.16,549.037185
2026-06-26 05:45:00+00:00,1555.17,1557.12,1552.11,1555.68,662.360543
2026-06-26 06:00:00+00:00,1555.69,1555.86,1543.21,1546.24,2814.006478
2026-06-26 06:15:00+00:00,1546.24,1561.18,1545.67,1560.35,1552.781346
2026-06-26 06:30:00+00:00,1560.35,1573.09,1557.89,1572.51,2003.970956
2026-06-26 06:45:00+00:00,1572.47,1574.23,1568.1,1571.07,2284.027964
2026-06-26 07:00:00+00:00,1571.12,1578.64,1570.76,1577.81,3348.507491
2026-06-26 07:15:00+00:00,1577.66,1581.61,1575.83,1578.74,2096.23688
2026-06-26 07:30:00+00:00,1578.84,1586.47,1578.21,1579.61,5613.701974
2026-06-26 07:45:00+00:00,1579.62,1583.33,1579.48,1580.87,5166.027111
2026-06-26 08:00:00+00:00,1580.87,1582.33,1571.31,1573.54,3257.804902
2026-06-26 08:15:00+00:00,1573.56,1575.42,1570.24,1573.1,1060.211163
2026-06-26 08:30:00+00:00,1573.1,1573.54,1566.72,1567.2,1165.738004
2026-06-26 08:45:00+00:00,1567.24,1569.47,1563.61,1566.51,982.957829
2026-06-26 09:00:00+00:00,1566.59,1567.17,1560.3,1563.25,747.422057
2026-06-26 09:15:00+00:00,1563.29,1563.49,1559.76,1562.77,741.353582
2026-06-26 09:30:00+00:00,1562.73,1567.29,1560.7,1563.47,2262.359132
2026-06-26 09:45:00+00:00,1563.44,1564.27,1549.24,1552.82,4035.120231
2026-06-26 10:00:00+00:00,1552.92,1554.88,1549.24,1552.9,1953.395048
2026-06-26 10:15:00+00:00,1552.82,1556.0,1551.54,1553.19,865.241976
2026-06-26 10:30:00+00:00,1553.23,1555.05,1544.91,1549.9,1596.024103
2026-06-26 10:45:00+00:00,1549.87,1550.69,1545.58,1548.35,1255.213507
2026-06-26 11:00:00+00:00,1548.35,1555.15,1546.6,1551.4,1152.310038
2026-06-26 11:15:00+00:00,1551.59,1551.63,1545.05,1546.5,7457.181135
2026-06-26 11:30:00+00:00,1546.58,1549.99,1545.86,1547.45,889.388084
2026-06-26 11:45:00+00:00,1547.36,1548.58,1540.78,1545.11,8295.193219
2026-06-26 12:00:00+00:00,1545.12,1549.37,1542.95,1546.04,7185.502584
2026-06-26 12:15:00+00:00,1546.05,1552.21,1545.69,1552.21,2734.860244
2026-06-26 12:30:00+00:00,1552.06,1560.91,1527.41,1530.81,6266.576217
2026-06-26 12:45:00+00:00,1530.87,1544.43,1528.01,1536.21,2984.868135
2026-06-26 13:00:00+00:00,1536.33,1542.16,1530.44,1535.13,1850.63355
2026-06-26 13:15:00+00:00,1535.19,1536.38,1521.52,1533.91,3455.864886
2026-06-26 13:30:00+00:00,1533.76,1548.48,1529.03,1546.88,5084.315017
2026-06-26 13:45:00+00:00,1546.87,1571.36,1542.31,1569.53,4506.252888
2026-06-26 14:00:00+00:00,1569.56,1573.19,1559.33,1565.97,3478.363443
2026-06-26 14:15:00+00:00,1565.91,1575.91,1561.01,1570.14,3126.700452
2026-06-26 14:30:00+00:00,1569.7,1571.65,1555.17,1557.85,8284.203398
2026-06-26 14:45:00+00:00,1558.0,1570.39,1553.58,1560.04,2726.37869
2026-06-26 15:00:00+00:00,1560.09,1576.64,1559.44,1567.06,2319.178428
2026-06-26 15:15:00+00:00,1567.13,1587.32,1565.52,1579.83,4231.464913
2026-06-26 15:30:00+00:00,1579.83,1588.56,1578.45,1585.45,2750.011997
2026-06-26 15:45:00+00:00,1585.45,1585.99,1572.7,1580.08,2093.188471
2026-06-26 16:00:00+00:00,1580.14,1595.0,1578.24,1579.55,3014.86967
2026-06-26 16:15:00+00:00,1579.46,1582.4,1572.3,1575.73,1847.286195
2026-06-26 16:30:00+00:00,1575.82,1588.0,1575.82,1579.7,1316.803525
2026-06-26 16:45:00+00:00,1579.73,1582.21,1576.47,1577.87,854.76891
2026-06-26 17:00:00+00:00,1577.88,1587.62,1576.65,1586.12,691.968806
2026-06-26 17:15:00+00:00,1586.3,1589.32,1582.31,1586.35,3001.601514
2026-06-26 17:30:00+00:00,1586.36,1588.28,1579.71,1583.91,1163.456556
2026-06-26 17:45:00+00:00,1583.91,1586.33,1580.62,1581.98,739.31953
2026-06-26 18:00:00+00:00,1581.91,1585.41,1581.5,1582.68,342.598195
2026-06-26 18:15:00+00:00,1582.7,1583.3,1574.68,1575.5,706.471698
2026-06-26 18:30:00+00:00,1575.66,1577.9,1574.06,1577.03,503.296792
2026-06-26 18:45:00+00:00,1577.02,1577.02,1570.48,1573.26,807.22903
2026-06-26 19:00:00+00:00,1573.28,1584.19,1570.32,1581.19,1051.177924
2026-06-26 19:15:00+00:00,1581.21,1581.46,1577.75,1578.58,619.350789
2026-06-26 19:30:00+00:00,1578.57,1583.25,1577.28,1578.92,557.821142
2026-06-26 19:45:00+00:00,1578.87,1580.39,1572.94,1574.42,1770.278616
2026-06-26 20:00:00+00:00,1574.63,1583.46,1574.52,1575.64,1811.855114
2026-06-26 20:15:00+00:00,1575.61,1579.54,1575.61,1578.93,251.630567
2026-06-26 20:30:00+00:00,1579.0,1579.02,1568.3,1568.6,1582.621305
2026-06-26 20:45:00+00:00,1568.7,1573.23,1567.36,1571.08,709.792557
2026-06-26 21:00:00+00:00,1570.92,1573.99,1568.31,1573.61,332.098227
2026-06-26 21:15:00+00:00,1573.62,1574.98,1571.97,1574.78,247.642917
2026-06-26 21:30:00+00:00,1574.79,1578.41,1573.48,1578.18,368.068309
2026-06-26 21:45:00+00:00,1578.23,1579.33,1575.15,1575.15,308.296999
2026-06-26 22:00:00+00:00,1575.16,1575.76,1569.41,1575.28,728.76902
2026-06-26 22:15:00+00:00,1575.29,1576.31,1573.19,1573.22,242.125681
2026-06-26 22:30:00+00:00,1573.16,1576.99,1571.51,1576.31,727.572795
2026-06-26 22:45:00+00:00,1576.36,1579.4,1575.03,1577.9,233.569143
2026-06-26 23:00:00+00:00,1577.86,1580.58,1576.89,1578.69,710.386815
2026-06-26 23:15:00+00:00,1578.8,1579.18,1575.56,1575.63,467.108813
2026-06-26 23:30:00+00:00,1575.56,1580.81,1574.23,1579.83,388.266104
2026-06-26 23:45:00+00:00,1579.83,1580.92,1577.52,1578.73,243.498685
2026-06-27 00:00:00+00:00,1578.71,1582.17,1578.2,1579.73,466.103326
2026-06-27 00:15:00+00:00,1579.64,1580.43,1577.01,1577.49,595.397643
2026-06-27 00:30:00+00:00,1577.41,1577.41,1571.54,1573.68,1151.003522
2026-06-27 00:45:00+00:00,1573.64,1577.59,1572.65,1576.74,123.008582
2026-06-27 01:00:00+00:00,1576.78,1577.12,1573.93,1574.79,197.132422
2026-06-27 01:15:00+00:00,1574.75,1577.09,1573.96,1577.08,252.281778
2026-06-27 01:30:00+00:00,1577.08,1577.62,1574.83,1576.2,318.770294
2026-06-27 01:45:00+00:00,1576.2,1577.35,1575.21,1575.74,320.278008
2026-06-27 02:00:00+00:00,1575.74,1581.51,1574.51,1581.21,637.538471
2026-06-27 02:15:00+00:00,1581.37,1586.99,1580.2,1584.8,2029.311646
2026-06-27 02:30:00+00:00,1584.79,1585.64,1581.69,1583.9,624.004806
2026-06-27 02:45:00+00:00,1583.91,1586.0,1582.46,1583.26,3267.140208
2026-06-27 03:00:00+00:00,1583.26,1585.29,1578.48,1579.06,764.499665
2026-06-27 03:15:00+00:00,1579.06,1584.6,1578.88,1582.43,181.654126
2026-06-27 03:30:00+00:00,1582.49,1583.74,1580.51,1580.86,233.715785
2026-06-27 03:45:00+00:00,1580.8,1581.99,1579.21,1580.61,545.276355
2026-06-27 04:00:00+00:00,1580.62,1585.41,1580.53,1583.97,369.139157
2026-06-27 04:15:00+00:00,1583.93,1585.41,1582.5,1582.66,238.30357
2026-06-27 04:30:00+00:00,1582.66,1584.18,1581.37,1582.01,152.388351
2026-06-27 04:45:00+00:00,1581.82,1582.35,1579.2,1579.7,287.499889
2026-06-27 05:00:00+00:00,1579.71,1581.33,1578.32,1581.21,340.685031
2026-06-27 05:15:00+00:00,1581.2,1581.2,1577.04,1577.53,405.162273
2026-06-27 05:30:00+00:00,1577.53,1579.94,1577.01,1579.36,430.496298
2026-06-27 05:45:00+00:00,1579.37,1581.03,1578.51,1578.79,214.305764
2026-06-27 06:00:00+00:00,1578.79,1579.16,1575.47,1576.26,156.616911
2026-06-27 06:15:00+00:00,1576.27,1579.53,1575.65,1578.97,251.039168
2026-06-27 06:30:00+00:00,1578.97,1583.46,1578.86,1583.04,763.267157
2026-06-27 06:45:00+00:00,1583.02,1584.68,1581.4,1582.72,386.174456
2026-06-27 07:00:00+00:00,1582.72,1583.46,1580.86,1581.49,110.383565
2026-06-27 07:15:00+00:00,1581.48,1584.0,1580.55,1583.17,505.782462
2026-06-27 07:30:00+00:00,1583.17,1584.02,1582.17,1583.3,163.167161
2026-06-27 07:45:00+00:00,1583.31,1586.48,1583.31,1585.7,584.406301
2026-06-27 08:00:00+00:00,1585.7,1586.15,1583.61,1583.97,496.821633
2026-06-27 08:15:00+00:00,1583.97,1584.97,1583.27,1583.72,444.103742
2026-06-27 08:30:00+00:00,1583.73,1584.11,1581.8,1582.06,288.460811
2026-06-27 08:45:00+00:00,1582.07,1585.72,1582.07,1584.28,392.479248
2026-06-27 09:00:00+00:00,1584.28,1585.25,1580.27,1580.86,351.82754
2026-06-27 09:15:00+00:00,1580.86,1581.42,1579.6,1580.82,616.213881
2026-06-27 09:30:00+00:00,1580.82,1583.16,1580.82,1581.9,168.175901
2026-06-27 09:45:00+00:00,1581.91,1582.99,1581.43,1582.81,207.05394
2026-06-27 10:00:00+00:00,1582.81,1584.0,1582.0,1583.94,314.920002
2026-06-27 10:15:00+00:00,1583.94,1584.74,1582.7,1583.19,193.255572
2026-06-27 10:30:00+00:00,1583.19,1584.55,1582.13,1584.5,274.99863
2026-06-27 10:45:00+00:00,1584.5,1585.0,1583.12,1584.32,308.358189
2026-06-27 11:00:00+00:00,1584.32,1585.39,1582.35,1584.21,6300.112358
2026-06-27 11:15:00+00:00,1584.21,1584.22,1579.47,1580.57,550.098169
2026-06-27 11:30:00+00:00,1580.56,1581.58,1578.9,1581.24,6380.221827
2026-06-27 11:45:00+00:00,1581.23,1584.84,1581.11,1584.03,550.477355
2026-06-27 12:00:00+00:00,1583.94,1584.15,1581.48,1582.63,249.739836
2026-06-27 12:15:00+00:00,1582.63,1584.42,1582.63,1583.89,392.41846
2026-06-27 12:30:00+00:00,1583.9,1585.49,1581.3,1582.86,242.005973
2026-06-27 12:45:00+00:00,1582.86,1586.28,1582.77,1585.83,566.184897
2026-06-27 13:00:00+00:00,1585.81,1588.55,1584.95,1586.65,1060.61675
2026-06-27 13:15:00+00:00,1586.64,1588.3,1585.53,1586.79,494.249387
2026-06-27 13:30:00+00:00,1586.75,1592.05,1585.83,1590.53,1168.355475
2026-06-27 13:45:00+00:00,1590.53,1593.45,1590.01,1592.17,782.450076
2026-06-27 14:00:00+00:00,1592.13,1598.73,1589.32,1596.61,2078.216766
2026-06-27 14:15:00+00:00,1596.48,1596.48,1593.0,1594.11,477.273962
2026-06-27 14:30:00+00:00,1594.11,1596.08,1591.76,1595.01,744.178597
2026-06-27 14:45:00+00:00,1595.0,1596.6,1593.5,1594.55,510.841808
2026-06-27 15:00:00+00:00,1594.59,1608.79,1593.84,1607.0,3244.411056
2026-06-27 15:15:00+00:00,1607.0,1607.0,1600.38,1602.47,995.115731
2026-06-27 15:30:00+00:00,1602.48,1611.11,1601.81,1605.61,1411.582215
2026-06-27 15:45:00+00:00,1605.6,1606.59,1604.25,1605.65,446.156498
2026-06-27 16:00:00+00:00,1605.66,1606.18,1603.1,1603.93,793.676219
2026-06-27 16:15:00+00:00,1603.92,1603.92,1601.54,1603.22,710.401768
2026-06-27 16:30:00+00:00,1603.21,1606.48,1602.06,1605.45,407.206934
2026-06-27 16:45:00+00:00,1605.45,1607.93,1604.27,1607.2,313.564867
2026-06-27 17:00:00+00:00,1607.05,1607.21,1588.45,1596.0,3239.986475
2026-06-27 17:15:00+00:00,1596.01,1597.68,1592.38,1594.92,633.20475
2026-06-27 17:30:00+00:00,1594.92,1596.91,1590.71,1593.87,910.11795
2026-06-27 17:45:00+00:00,1593.86,1595.35,1591.51,1591.51,779.886063
2026-06-27 18:00:00+00:00,1591.51,1593.5,1589.19,1592.07,620.778904
2026-06-27 18:15:00+00:00,1592.07,1593.53,1590.69,1592.7,175.33484
2026-06-27 18:30:00+00:00,1592.64,1594.57,1592.47,1594.08,134.489221
2026-06-27 18:45:00+00:00,1594.08,1594.73,1592.82,1593.87,82.828466
2026-06-27 19:00:00+00:00,1593.95,1595.31,1593.6,1594.37,194.627547
2026-06-27 19:15:00+00:00,1594.38,1594.38,1576.97,1581.82,3672.853968
2026-06-27 19:30:00+00:00,1581.81,1581.81,1573.33,1578.35,1720.003456
2026-06-27 19:45:00+00:00,1578.36,1579.98,1576.94,1578.52,456.740491
2026-06-27 20:00:00+00:00,1578.51,1582.65,1578.43,1581.99,421.154298
2026-06-27 20:15:00+00:00,1581.83,1583.34,1580.45,1581.56,367.899368
2026-06-27 20:30:00+00:00,1581.56,1582.39,1580.54,1580.94,662.857144
2026-06-27 20:45:00+00:00,1581.0,1582.79,1580.34,1581.7,317.605243
2026-06-27 21:00:00+00:00,1581.78,1584.98,1581.78,1584.52,611.670304
2026-06-27 21:15:00+00:00,1584.51,1585.22,1581.44,1584.67,541.305903
2026-06-27 21:30:00+00:00,1584.7,1585.48,1578.24,1578.82,847.296012
2026-06-27 21:45:00+00:00,1578.83,1580.57,1574.42,1575.19,2054.804093
2026-06-27 22:00:00+00:00,1575.19,1576.5,1572.29,1574.44,948.724683
2026-06-27 22:15:00+00:00,1574.41,1576.0,1562.78,1575.22,2683.493352
2026-06-27 22:30:00+00:00,1575.32,1579.2,1575.1,1576.43,517.152002
2026-06-27 22:45:00+00:00,1576.43,1579.6,1576.11,1579.2,206.908193
2026-06-27 23:00:00+00:00,1579.22,1581.43,1572.78,1573.56,809.253214
2026-06-27 23:15:00+00:00,1573.43,1575.39,1570.71,1572.34,535.758103
2026-06-27 23:30:00+00:00,1572.31,1575.44,1571.8,1575.29,388.053845
2026-06-27 23:45:00+00:00,1575.23,1575.47,1573.34,1574.01,225.21559
2026-06-28 00:00:00+00:00,1573.99,1576.47,1572.69,1576.1,285.66054
2026-06-28 00:15:00+00:00,1576.11,1578.24,1575.95,1577.95,165.489977
2026-06-28 00:30:00+00:00,1577.96,1578.0,1574.82,1576.41,568.383413
2026-06-28 00:45:00+00:00,1576.41,1577.19,1573.69,1574.77,380.409729
2026-06-28 01:00:00+00:00,1574.78,1575.18,1570.0,1572.6,583.405985
2026-06-28 01:15:00+00:00,1572.56,1576.31,1571.55,1575.65,406.570512
2026-06-28 01:30:00+00:00,1575.61,1577.06,1574.7,1576.53,396.115913
2026-06-28 01:45:00+00:00,1576.52,1576.91,1575.01,1575.39,129.662065
2026-06-28 02:00:00+00:00,1575.39,1579.42,1575.27,1578.77,286.58739
2026-06-28 02:15:00+00:00,1578.78,1579.99,1569.23,1572.03,7747.435119
2026-06-28 02:30:00+00:00,1572.06,1574.19,1571.13,1572.24,1051.364468
2026-06-28 02:45:00+00:00,1572.25,1573.34,1571.04,1572.26,223.217622
2026-06-28 03:00:00+00:00,1572.27,1576.49,1572.27,1575.66,278.8292
2026-06-28 03:15:00+00:00,1575.69,1575.69,1573.95,1574.97,212.058505
2026-06-28 03:30:00+00:00,1574.98,1575.44,1573.34,1573.83,170.732586
2026-06-28 03:45:00+00:00,1573.87,1575.58,1573.07,1575.22,227.70466
2026-06-28 04:00:00+00:00,1575.22,1575.22,1572.69,1574.1,226.460377
2026-06-28 04:15:00+00:00,1574.1,1575.96,1574.0,1574.64,97.06758
2026-06-28 04:30:00+00:00,1574.64,1575.92,1570.67,1575.63,324.806561
2026-06-28 04:45:00+00:00,1575.63,1577.53,1573.43,1574.47,449.300181
2026-06-28 05:00:00+00:00,1574.48,1574.63,1569.52,1572.19,514.499438
2026-06-28 05:15:00+00:00,1572.28,1573.05,1564.48,1565.88,3313.575362
2026-06-28 05:30:00+00:00,1565.79,1569.71,1564.24,1568.85,5032.773545
2026-06-28 05:45:00+00:00,1568.74,1570.81,1568.53,1569.25,394.191179
2026-06-28 06:00:00+00:00,1569.13,1570.52,1563.61,1563.61,433.256098
2026-06-28 06:15:00+00:00,1563.61,1566.85,1562.68,1565.6,694.077183
2026-06-28 06:30:00+00:00,1565.59,1568.24,1565.47,1567.3,210.404193
2026-06-28 06:45:00+00:00,1567.29,1569.25,1566.65,1567.86,339.374606
2026-06-28 07:00:00+00:00,1567.86,1573.79,1567.85,1572.77,186.595126
2026-06-28 07:15:00+00:00,1572.78,1572.79,1571.27,1571.28,134.534807
2026-06-28 07:30:00+00:00,1571.28,1576.28,1571.02,1575.1,570.78051
2026-06-28 07:45:00+00:00,1575.2,1577.22,1575.0,1576.03,591.973256
2026-06-28 08:00:00+00:00,1576.01,1578.88,1573.68,1574.78,411.876412
2026-06-28 08:15:00+00:00,1574.78,1576.49,1574.03,1575.17,175.276496
2026-06-28 08:30:00+00:00,1575.18,1585.34,1575.17,1582.01,1420.340372
2026-06-28 08:45:00+00:00,1582.14,1584.2,1581.33,1581.45,946.581084
2026-06-28 09:00:00+00:00,1581.46,1586.0,1580.07,1582.68,406.17064
2026-06-28 09:15:00+00:00,1582.61,1583.43,1581.36,1582.08,232.366898
2026-06-28 09:30:00+00:00,1582.07,1584.55,1581.52,1583.58,321.685662
2026-06-28 09:45:00+00:00,1583.59,1584.33,1578.47,1579.02,539.204819
2026-06-28 10:00:00+00:00,1579.02,1581.47,1576.87,1580.52,664.728596
2026-06-28 10:15:00+00:00,1580.52,1580.99,1572.22,1573.8,787.301561
2026-06-28 10:30:00+00:00,1573.73,1576.25,1573.73,1575.37,237.021212
2026-06-28 10:45:00+00:00,1575.39,1577.59,1575.39,1577.36,139.843378
2026-06-28 11:00:00+00:00,1577.37,1581.23,1575.75,1576.68,459.262834
2026-06-28 11:15:00+00:00,1576.65,1583.52,1576.0,1581.99,507.982717
2026-06-28 11:30:00+00:00,1581.93,1582.66,1579.12,1581.59,187.45143
2026-06-28 11:45:00+00:00,1581.6,1583.99,1580.5,1582.81,387.532072
2026-06-28 12:00:00+00:00,1582.82,1583.99,1581.19,1581.84,202.482441
2026-06-28 12:15:00+00:00,1581.87,1585.0,1578.25,1584.52,437.826638
2026-06-28 12:30:00+00:00,1584.51,1589.14,1579.21,1580.64,1374.466463
2026-06-28 12:45:00+00:00,1580.62,1584.03,1580.62,1583.63,174.175443
2026-06-28 13:00:00+00:00,1583.6,1583.69,1575.01,1580.3,842.362229
2026-06-28 13:15:00+00:00,1580.31,1582.07,1578.37,1580.52,279.248028
2026-06-28 13:30:00+00:00,1580.49,1583.2,1578.25,1582.81,617.619186
2026-06-28 13:45:00+00:00,1582.81,1583.0,1579.2,1579.71,345.319588
2026-06-28 14:00:00+00:00,1579.72,1582.67,1578.24,1582.23,309.912654
2026-06-28 14:15:00+00:00,1582.16,1586.28,1580.01,1582.6,456.63598
2026-06-28 14:30:00+00:00,1582.42,1584.42,1581.04,1583.32,368.530822
2026-06-28 14:45:00+00:00,1583.32,1586.13,1581.01,1581.6,747.820523
2026-06-28 15:00:00+00:00,1581.5,1584.78,1577.41,1583.58,832.272891
2026-06-28 15:15:00+00:00,1583.57,1585.49,1580.65,1582.34,434.583589
2026-06-28 15:30:00+00:00,1582.31,1584.92,1579.52,1581.7,546.612828
2026-06-28 15:45:00+00:00,1581.6,1583.29,1577.3,1580.7,531.313873
2026-06-28 16:00:00+00:00,1580.85,1582.0,1577.68,1578.58,460.290749
2026-06-28 16:15:00+00:00,1578.63,1580.0,1573.53,1576.42,894.536001
2026-06-28 16:30:00+00:00,1576.5,1576.96,1567.0,1567.76,2686.635411
2026-06-28 16:45:00+00:00,1567.77,1573.22,1566.5,1572.81,808.875133
2026-06-28 17:00:00+00:00,1572.8,1577.52,1568.29,1570.73,971.641424
2026-06-28 17:15:00+00:00,1570.75,1571.53,1567.18,1567.79,593.457966
2026-06-28 17:30:00+00:00,1567.77,1570.92,1563.53,1569.25,1581.540487
2026-06-28 17:45:00+00:00,1569.19,1573.32,1568.41,1572.4,820.2497
2026-06-28 18:00:00+00:00,1572.28,1575.25,1571.74,1573.4,355.995617
2026-06-28 18:15:00+00:00,1573.46,1573.67,1569.49,1570.02,765.899298
2026-06-28 18:30:00+00:00,1570.02,1572.91,1569.34,1571.11,112.955358
2026-06-28 18:45:00+00:00,1571.1,1573.03,1569.26,1571.9,112.841205
2026-06-28 19:00:00+00:00,1571.9,1571.94,1567.32,1569.7,179.50853
2026-06-28 19:15:00+00:00,1569.7,1570.52,1567.72,1570.48,338.718362
2026-06-28 19:30:00+00:00,1570.48,1574.48,1567.75,1568.32,1689.236855
2026-06-28 19:45:00+00:00,1568.39,1568.39,1556.7,1564.69,2606.626882
2026-06-28 20:00:00+00:00,1564.66,1573.45,1564.11,1572.89,920.571487
2026-06-28 20:15:00+00:00,1572.89,1576.65,1572.12,1574.06,507.380866
2026-06-28 20:30:00+00:00,1574.1,1575.1,1572.26,1572.74,394.676712
2026-06-28 20:45:00+00:00,1572.74,1574.89,1572.1,1573.39,192.99345
2026-06-28 21:00:00+00:00,1573.39,1573.39,1568.55,1570.67,745.987554
2026-06-28 21:15:00+00:00,1570.66,1572.16,1569.46,1570.37,90.541289
2026-06-28 21:30:00+00:00,1570.34,1573.9,1569.69,1569.78,297.221364
2026-06-28 21:45:00+00:00,1569.87,1570.84,1559.21,1563.85,700.503186
2026-06-28 22:00:00+00:00,1563.86,1582.26,1563.67,1571.68,1878.035364
2026-06-28 22:15:00+00:00,1571.69,1572.46,1559.74,1567.7,1592.835587
2026-06-28 22:30:00+00:00,1567.72,1570.23,1560.35,1561.35,1663.569232
2026-06-28 22:45:00+00:00,1561.29,1564.38,1548.05,1557.0,3695.894272
2026-06-28 23:00:00+00:00,1556.99,1565.49,1555.05,1561.74,1441.256794
2026-06-28 23:15:00+00:00,1561.72,1571.54,1560.92,1570.01,847.727195
2026-06-28 23:30:00+00:00,1569.96,1580.0,1569.61,1575.74,1386.043355
2026-06-28 23:45:00+00:00,1575.69,1577.44,1571.67,1571.93,505.396414
2026-06-29 00:00:00+00:00,1571.97,1574.12,1562.63,1570.08,1755.567406
2026-06-29 00:15:00+00:00,1570.07,1570.73,1559.37,1560.22,886.247621
2026-06-29 00:30:00+00:00,1560.2,1565.22,1552.0,1563.74,2885.758827
2026-06-29 00:45:00+00:00,1563.86,1574.7,1557.39,1573.23,1577.734611
2026-06-29 01:00:00+00:00,1573.29,1574.38,1566.19,1567.28,456.580884
2026-06-29 01:15:00+00:00,1567.25,1569.07,1560.49,1562.98,447.858441
2026-06-29 01:30:00+00:00,1563.04,1574.04,1560.0,1572.2,894.734532
2026-06-29 01:45:00+00:00,1572.41,1573.6,1568.43,1568.43,575.792491
2026-06-29 02:00:00+00:00,1568.43,1570.68,1550.06,1555.58,1564.819211
2026-06-29 02:15:00+00:00,1555.59,1575.47,1555.23,1572.9,2234.967807
2026-06-29 02:30:00+00:00,1572.96,1578.5,1569.6,1576.52,1718.902325
2026-06-29 02:45:00+00:00,1576.52,1579.04,1575.69,1576.61,749.946537
2026-06-29 03:00:00+00:00,1576.62,1588.14,1576.62,1583.74,2065.631701
2026-06-29 03:15:00+00:00,1584.07,1589.6,1583.04,1587.3,451.009755
2026-06-29 03:30:00+00:00,1587.29,1588.0,1577.62,1578.34,751.237247
2026-06-29 03:45:00+00:00,1578.33,1585.34,1577.63,1584.81,686.659167
2026-06-29 04:00:00+00:00,1584.81,1585.0,1580.0,1580.51,446.680309
2026-06-29 04:15:00+00:00,1580.51,1583.6,1578.28,1582.31,557.581907
2026-06-29 04:30:00+00:00,1582.45,1582.94,1575.21,1577.26,412.542975
2026-06-29 04:45:00+00:00,1577.27,1578.19,1574.72,1575.55,311.82828
2026-06-29 05:00:00+00:00,1575.55,1576.59,1562.34,1567.0,1766.389176
2026-06-29 05:15:00+00:00,1566.99,1571.99,1566.93,1570.38,448.931941
2026-06-29 05:30:00+00:00,1570.43,1579.2,1568.75,1578.27,627.946173
2026-06-29 05:45:00+00:00,1578.16,1583.33,1577.52,1583.22,1827.597438
2026-06-29 06:00:00+00:00,1583.29,1587.21,1582.97,1585.58,1321.616263
2026-06-29 06:15:00+00:00,1585.57,1589.0,1583.03,1583.13,1255.435219
2026-06-29 06:30:00+00:00,1583.15,1584.59,1579.72,1581.27,377.027132
2026-06-29 06:45:00+00:00,1581.3,1583.66,1580.61,1582.86,238.080813
2026-06-29 07:00:00+00:00,1582.89,1583.04,1577.65,1581.35,1280.152587
2026-06-29 07:15:00+00:00,1581.48,1584.9,1579.21,1580.99,349.78825
2026-06-29 07:30:00+00:00,1580.99,1582.36,1579.98,1580.4,235.309376
2026-06-29 07:45:00+00:00,1580.41,1582.98,1580.08,1580.29,237.492076
2026-06-29 08:00:00+00:00,1580.28,1582.47,1577.15,1579.71,371.565435
2026-06-29 08:15:00+00:00,1579.71,1582.23,1572.87,1573.49,1207.611175
2026-06-29 08:30:00+00:00,1573.49,1576.79,1570.1,1574.01,830.371729
2026-06-29 08:45:00+00:00,1574.01,1576.77,1572.34,1573.01,313.327685
2026-06-29 09:00:00+00:00,1573.01,1575.06,1572.48,1574.81,239.509145
2026-06-29 09:15:00+00:00,1574.81,1580.45,1570.36,1576.7,1020.686289
2026-06-29 09:30:00+00:00,1576.79,1578.3,1573.46,1574.58,423.201068
2026-06-29 09:45:00+00:00,1574.58,1577.23,1573.44,1576.26,717.052988
2026-06-29 10:00:00+00:00,1576.3,1587.11,1576.3,1583.87,1376.144937
2026-06-29 10:15:00+00:00,1583.88,1584.44,1580.77,1581.7,340.956008
2026-06-29 10:30:00+00:00,1581.62,1581.72,1578.46,1579.2,230.303516
2026-06-29 10:45:00+00:00,1579.19,1579.67,1577.61,1578.5,642.814538
2026-06-29 11:00:00+00:00,1578.5,1578.99,1573.02,1573.08,935.804006
2026-06-29 11:15:00+00:00,1573.07,1574.45,1570.41,1573.92,580.949951
2026-06-29 11:30:00+00:00,1573.91,1582.34,1570.84,1572.18,2385.451463
2026-06-29 11:45:00+00:00,1572.13,1575.6,1570.6,1574.9,499.503746
2026-06-29 12:00:00+00:00,1574.97,1597.0,1566.72,1594.79,6702.975533
2026-06-29 12:15:00+00:00,1594.79,1596.86,1587.71,1590.61,4022.064636
2026-06-29 12:30:00+00:00,1590.62,1591.41,1572.16,1575.77,4388.756426
2026-06-29 12:45:00+00:00,1575.57,1579.6,1570.59,1576.23,1269.490481
2026-06-29 13:00:00+00:00,1576.24,1588.8,1576.24,1585.14,2156.156877
2026-06-29 13:15:00+00:00,1585.13,1586.7,1575.46,1575.46,1297.530394
2026-06-29 13:30:00+00:00,1575.46,1584.95,1566.72,1568.05,3591.016631
2026-06-29 13:45:00+00:00,1568.04,1575.44,1565.0,1572.97,2050.182174
2026-06-29 14:00:00+00:00,1573.05,1573.49,1560.05,1560.41,1622.414874
2026-06-29 14:15:00+00:00,1560.4,1573.6,1557.51,1571.54,4185.888606
2026-06-29 14:30:00+00:00,1571.59,1579.25,1567.15,1567.54,1638.935635
2026-06-29 14:45:00+00:00,1567.69,1575.81,1564.7,1573.02,706.057773
2026-06-29 15:00:00+00:00,1573.02,1573.2,1561.54,1565.89,1962.863576
2026-06-29 15:15:00+00:00,1566.23,1574.39,1563.36,1574.34,1130.749193
2026-06-29 15:30:00+00:00,1574.4,1582.48,1573.56,1579.25,3194.853525
2026-06-29 15:45:00+00:00,1579.2,1585.57,1576.44,1580.25,3566.551405
2026-06-29 16:00:00+00:00,1580.22,1584.03,1577.2,1577.86,755.643168
2026-06-29 16:15:00+00:00,1577.99,1580.29,1574.03,1574.73,567.688805
2026-06-29 16:30:00+00:00,1574.75,1586.81,1574.75,1585.27,1350.834399
2026-06-29 16:45:00+00:00,1585.21,1587.87,1582.48,1585.33,785.807255
2026-06-29 17:00:00+00:00,1585.25,1619.99,1585.25,1616.39,8210.191433
2026-06-29 17:15:00+00:00,1616.3,1632.2,1616.23,1626.73,6524.157897
2026-06-29 17:30:00+00:00,1626.73,1634.21,1622.41,1630.76,3639.594396
2026-06-29 17:45:00+00:00,1630.74,1637.92,1627.51,1627.95,2584.926872
2026-06-29 18:00:00+00:00,1627.95,1628.83,1624.31,1628.24,939.683921
2026-06-29 18:15:00+00:00,1628.3,1628.67,1618.47,1619.05,1296.191752
2026-06-29 18:30:00+00:00,1619.06,1624.28,1618.51,1623.68,1005.073735
2026-06-29 18:45:00+00:00,1623.76,1624.0,1620.0,1621.25,548.288517
2026-06-29 19:00:00+00:00,1621.25,1621.55,1616.37,1618.48,1214.399292
2026-06-29 19:15:00+00:00,1618.51,1627.13,1617.5,1626.01,795.521501
2026-06-29 19:30:00+00:00,1626.0,1626.15,1621.7,1624.54,581.731662
2026-06-29 19:45:00+00:00,1624.55,1627.4,1624.0,1625.74,550.673333
2026-06-29 20:00:00+00:00,1625.59,1626.7,1622.13,1622.64,670.686426
2026-06-29 20:15:00+00:00,1622.63,1625.31,1621.21,1622.68,605.42373
2026-06-29 20:30:00+00:00,1622.79,1625.46,1621.76,1622.36,459.516356
2026-06-29 20:45:00+00:00,1622.36,1622.36,1617.51,1617.82,642.569063
2026-06-29 21:00:00+00:00,1617.79,1621.31,1612.0,1619.33,1532.153171
2026-06-29 21:15:00+00:00,1619.48,1619.7,1615.24,1616.29,547.532399
2026-06-29 21:30:00+00:00,1616.3,1622.21,1616.3,1620.81,339.11954
2026-06-29 21:45:00+00:00,1620.88,1623.13,1619.33,1620.33,358.203915
2026-06-29 22:00:00+00:00,1620.34,1621.05,1617.54,1619.33,249.309081
2026-06-29 22:15:00+00:00,1619.37,1621.99,1617.39,1617.93,217.888572
2026-06-29 22:30:00+00:00,1617.92,1618.31,1613.75,1615.52,626.444202
2026-06-29 22:45:00+00:00,1615.54,1616.54,1612.61,1612.99,803.254911
2026-06-29 23:00:00+00:00,1613.0,1614.1,1612.01,1612.07,179.822637
2026-06-29 23:15:00+00:00,1612.07,1612.64,1607.88,1608.46,1058.184771
2026-06-29 23:30:00+00:00,1608.4,1612.35,1607.86,1611.23,311.106308
2026-06-29 23:45:00+00:00,1611.2,1613.57,1611.01,1613.03,430.643949
2026-06-30 00:00:00+00:00,1613.18,1614.5,1609.92,1612.28,1049.442233
2026-06-30 00:15:00+00:00,1612.35,1613.02,1602.64,1603.36,1557.590026
2026-06-30 00:30:00+00:00,1603.36,1603.45,1592.71,1594.69,2517.179992
2026-06-30 00:45:00+00:00,1594.69,1598.43,1593.6,1594.67,771.396377
2026-06-30 01:00:00+00:00,1594.74,1596.0,1590.8,1592.28,977.35764
2026-06-30 01:15:00+00:00,1592.45,1599.98,1591.67,1599.48,764.228423
2026-06-30 01:30:00+00:00,1599.32,1599.56,1589.1,1591.2,2637.196554
2026-06-30 01:45:00+00:00,1591.18,1594.37,1591.18,1593.95,412.8254
2026-06-30 02:00:00+00:00,1593.98,1594.13,1587.33,1588.24,1220.171061
2026-06-30 02:15:00+00:00,1588.4,1592.34,1586.62,1591.67,490.070536
2026-06-30 02:30:00+00:00,1591.64,1593.43,1589.84,1592.21,536.535366
2026-06-30 02:45:00+00:00,1592.23,1594.13,1590.44,1590.96,290.085296
2026-06-30 03:00:00+00:00,1590.96,1593.82,1590.5,1592.34,302.502755
2026-06-30 03:15:00+00:00,1592.42,1596.39,1590.94,1592.03,579.455181
2026-06-30 03:30:00+00:00,1592.03,1592.39,1588.78,1590.47,466.75167
2026-06-30 03:45:00+00:00,1590.59,1590.6,1586.66,1587.24,389.437096
2026-06-30 04:00:00+00:00,1587.25,1588.9,1580.0,1588.1,2197.808617
2026-06-30 04:15:00+00:00,1588.26,1588.44,1583.45,1587.56,899.606779
2026-06-30 04:30:00+00:00,1587.74,1591.15,1587.71,1589.31,754.532979
2026-06-30 04:45:00+00:00,1589.26,1589.92,1587.05,1587.96,431.89217
2026-06-30 05:00:00+00:00,1587.96,1590.56,1587.88,1589.56,528.251347
2026-06-30 05:15:00+00:00,1589.5,1589.5,1585.46,1585.73,356.033634
2026-06-30 05:30:00+00:00,1585.89,1591.05,1585.17,1589.49,1092.347962
2026-06-30 05:45:00+00:00,1589.57,1592.12,1589.19,1591.52,511.25897
2026-06-30 06:00:00+00:00,1591.66,1592.12,1589.78,1590.71,268.580745
2026-06-30 06:15:00+00:00,1590.71,1594.37,1588.81,1594.17,569.270093
2026-06-30 06:30:00+00:00,1594.1,1594.37,1591.81,1593.03,643.092998
2026-06-30 06:45:00+00:00,1592.94,1594.81,1592.35,1593.93,651.129365
2026-06-30 07:00:00+00:00,1593.94,1596.37,1590.11,1591.96,531.901599
2026-06-30 07:15:00+00:00,1591.97,1593.16,1590.41,1591.41,216.239562
2026-06-30 07:30:00+00:00,1591.41,1594.34,1591.41,1591.76,315.867383
2026-06-30 07:45:00+00:00,1591.77,1593.81,1591.25,1592.33,559.220639
2026-06-30 08:00:00+00:00,1592.49,1594.36,1589.31,1589.44,618.940355
2026-06-30 08:15:00+00:00,1589.35,1590.43,1587.0,1589.39,376.217978
2026-06-30 08:30:00+00:00,1589.34,1589.83,1579.0,1582.98,3250.363483
2026-06-30 08:45:00+00:00,1583.11,1585.12,1579.39,1584.07,1899.389621
2026-06-30 09:00:00+00:00,1584.06,1587.25,1582.69,1584.83,812.385013
2026-06-30 09:15:00+00:00,1584.8,1585.72,1582.35,1583.73,393.421423
2026-06-30 09:30:00+00:00,1583.86,1585.72,1581.51,1584.8,439.36752
2026-06-30 09:45:00+00:00,1584.75,1587.15,1584.34,1585.47,221.154306
2026-06-30 10:00:00+00:00,1585.53,1587.09,1583.1,1585.28,266.534724
2026-06-30 10:15:00+00:00,1585.29,1586.0,1582.9,1583.8,151.573529
2026-06-30 10:30:00+00:00,1583.8,1584.72,1582.27,1584.49,560.616575
2026-06-30 10:45:00+00:00,1584.53,1586.55,1582.97,1584.61,392.664258
2026-06-30 11:00:00+00:00,1584.57,1586.33,1583.84,1584.85,242.007494
2026-06-30 11:15:00+00:00,1584.86,1585.37,1578.0,1578.9,1494.881085
2026-06-30 11:30:00+00:00,1578.91,1581.29,1575.94,1580.96,974.832913
2026-06-30 11:45:00+00:00,1581.02,1583.65,1577.25,1578.59,924.599901
2026-06-30 12:00:00+00:00,1578.54,1578.6,1573.0,1573.19,2226.043997
2026-06-30 12:15:00+00:00,1573.23,1574.16,1563.62,1565.3,2812.118723
2026-06-30 12:30:00+00:00,1565.3,1566.23,1562.1,1564.32,2086.769215
2026-06-30 12:45:00+00:00,1564.2,1565.1,1552.0,1552.91,4129.368573
2026-06-30 13:00:00+00:00,1552.9,1562.48,1551.11,1559.21,3820.748755
2026-06-30 13:15:00+00:00,1559.12,1562.63,1559.03,1560.7,851.948276
2026-06-30 13:30:00+00:00,1560.9,1567.62,1550.47,1560.08,4306.105569
2026-06-30 13:45:00+00:00,1560.0,1567.84,1556.28,1567.43,2908.070136
2026-06-30 14:00:00+00:00,1567.42,1578.24,1565.07,1572.0,4607.863121
2026-06-30 14:15:00+00:00,1571.99,1575.54,1569.7,1574.15,1374.896959
2026-06-30 14:30:00+00:00,1574.15,1575.93,1563.15,1572.56,1738.520358
2026-06-30 14:45:00+00:00,1572.55,1572.55,1561.3,1563.59,2090.451214
2026-06-30 15:00:00+00:00,1563.59,1567.44,1557.28,1565.72,1601.797335
2026-06-30 15:15:00+00:00,1565.52,1568.54,1560.55,1566.07,1956.528205
2026-06-30 15:30:00+00:00,1566.08,1567.53,1562.69,1565.96,542.933091
2026-06-30 15:45:00+00:00,1566.03,1577.0,1564.51,1565.41,2739.458079
2026-06-30 16:00:00+00:00,1565.41,1572.34,1564.76,1566.68,665.820175
2026-06-30 16:15:00+00:00,1566.6,1567.7,1562.11,1563.7,899.925561
2026-06-30 16:30:00+00:00,1563.79,1570.22,1562.0,1566.6,1063.312397
2026-06-30 16:45:00+00:00,1566.61,1575.03,1566.45,1572.56,816.656503
2026-06-30 17:00:00+00:00,1572.57,1577.4,1570.38,1570.64,995.81763
2026-06-30 17:15:00+00:00,1570.57,1573.49,1570.24,1571.13,580.3763
2026-06-30 17:30:00+00:00,1571.29,1572.99,1569.49,1570.6,564.570713
2026-06-30 17:45:00+00:00,1570.51,1572.29,1568.67,1570.99,364.396785
2026-06-30 18:00:00+00:00,1570.99,1574.04,1569.51,1573.16,542.813216
2026-06-30 18:15:00+00:00,1573.11,1582.26,1571.73,1576.95,1464.726189
2026-06-30 18:30:00+00:00,1576.96,1577.5,1573.14,1574.61,654.451412
2026-06-30 18:45:00+00:00,1574.62,1580.22,1574.62,1579.02,604.957472
2026-06-30 19:00:00+00:00,1579.02,1581.18,1577.35,1578.48,719.465975
2026-06-30 19:15:00+00:00,1578.55,1578.99,1575.72,1578.05,205.659925
2026-06-30 19:30:00+00:00,1578.04,1581.99,1577.21,1579.89,752.004548
2026-06-30 19:45:00+00:00,1579.93,1581.17,1577.54,1580.74,768.531507
2026-06-30 20:00:00+00:00,1580.73,1583.16,1578.05,1581.62,900.131925
2026-06-30 20:15:00+00:00,1581.62,1581.62,1575.57,1577.29,461.573047
2026-06-30 20:30:00+00:00,1577.29,1577.29,1574.23,1574.35,375.025062
2026-06-30 20:45:00+00:00,1574.33,1578.58,1573.13,1576.01,403.212365
2026-06-30 21:00:00+00:00,1576.01,1577.4,1571.66,1572.95,696.100868
2026-06-30 21:15:00+00:00,1573.19,1574.27,1570.05,1571.91,472.07882
2026-06-30 21:30:00+00:00,1571.91,1573.22,1570.38,1570.87,273.151794
2026-06-30 21:45:00+00:00,1570.89,1572.08,1570.01,1571.82,194.32061
2026-06-30 22:00:00+00:00,1571.85,1574.98,1570.71,1572.88,301.778258
2026-06-30 22:15:00+00:00,1572.83,1575.47,1570.49,1571.2,283.788275
2026-06-30 22:30:00+00:00,1571.0,1571.0,1566.87,1568.52,864.034511
2026-06-30 22:45:00+00:00,1568.52,1569.44,1567.0,1567.73,165.483803
2026-06-30 23:00:00+00:00,1567.74,1569.53,1565.76,1569.11,747.059232
2026-06-30 23:15:00+00:00,1569.11,1571.09,1568.4,1570.25,586.624357
2026-06-30 23:30:00+00:00,1570.11,1571.59,1568.81,1570.87,213.032486
2026-06-30 23:45:00+00:00,1571.05,1572.9,1570.34,1572.04,356.955364
2026-07-01 00:00:00+00:00,1572.14,1575.47,1572.14,1574.34,661.270183
2026-07-01 00:15:00+00:00,1574.39,1575.4,1566.08,1568.82,1083.344022
2026-07-01 00:30:00+00:00,1568.82,1574.48,1568.48,1571.95,297.427658
2026-07-01 00:45:00+00:00,1571.93,1576.99,1571.52,1574.89,327.745605
2026-07-01 01:00:00+00:00,1574.95,1575.39,1552.8,1563.84,3675.502588
2026-07-01 01:15:00+00:00,1563.87,1572.29,1559.47,1569.8,2307.593176
2026-07-01 01:30:00+00:00,1569.6,1586.43,1569.01,1581.28,3463.529861
2026-07-01 01:45:00+00:00,1581.23,1583.76,1576.75,1577.86,3333.99961
2026-07-01 02:00:00+00:00,1577.86,1580.99,1574.34,1578.85,792.434655
2026-07-01 02:15:00+00:00,1578.87,1584.97,1578.09,1582.7,1372.189622
2026-07-01 02:30:00+00:00,1582.73,1589.4,1581.77,1588.7,1936.132969
2026-07-01 02:45:00+00:00,1588.78,1589.46,1583.85,1586.25,1947.035628
2026-07-01 03:00:00+00:00,1586.24,1590.0,1584.27,1585.29,1506.591796
2026-07-01 03:15:00+00:00,1585.46,1585.5,1582.48,1584.42,810.057849
2026-07-01 03:30:00+00:00,1584.44,1597.2,1582.41,1589.22,2672.446848
2026-07-01 03:45:00+00:00,1589.25,1599.17,1588.9,1594.69,1924.099931
2026-07-01 04:00:00+00:00,1594.67,1594.7,1590.8,1591.99,539.090023
2026-07-01 04:15:00+00:00,1591.99,1594.88,1591.83,1594.15,406.479814
2026-07-01 04:30:00+00:00,1594.14,1597.53,1592.38,1597.33,921.699679
2026-07-01 04:45:00+00:00,1597.2,1604.0,1596.89,1599.47,4603.005955
2026-07-01 05:00:00+00:00,1599.48,1601.0,1595.2,1595.76,2190.545346
2026-07-01 05:15:00+00:00,1595.71,1598.19,1593.28,1593.63,661.733779
2026-07-01 05:30:00+00:00,1593.56,1594.48,1591.0,1593.04,1383.53278
2026-07-01 05:45:00+00:00,1593.11,1593.39,1591.09,1592.63,316.665712
2026-07-01 06:00:00+00:00,1592.68,1593.15,1585.06,1587.12,1162.49039
2026-07-01 06:15:00+00:00,1587.11,1587.49,1577.77,1580.84,3394.223735
2026-07-01 06:30:00+00:00,1580.84,1581.97,1571.43,1577.19,3195.582639
2026-07-01 06:45:00+00:00,1577.25,1577.9,1573.5,1576.18,2011.368631
2026-07-01 07:00:00+00:00,1576.24,1577.2,1572.35,1575.5,1824.820748
2026-07-01 07:15:00+00:00,1575.62,1579.87,1573.5,1577.62,5851.890855
2026-07-01 07:30:00+00:00,1577.61,1579.37,1574.93,1577.73,869.182474
2026-07-01 07:45:00+00:00,1577.73,1581.27,1576.59,1578.46,731.835175
2026-07-01 08:00:00+00:00,1578.45,1579.02,1574.26,1575.39,728.750247
2026-07-01 08:15:00+00:00,1575.29,1576.07,1571.13,1572.1,837.171834
2026-07-01 08:30:00+00:00,1572.05,1575.95,1568.43,1575.72,2213.064879
2026-07-01 08:45:00+00:00,1575.82,1582.34,1573.91,1582.34,778.579559
2026-07-01 09:00:00+00:00,1582.35,1585.34,1579.28,1580.69,1532.217697
2026-07-01 09:15:00+00:00,1580.72,1582.38,1579.65,1580.38,439.018077
2026-07-01 09:30:00+00:00,1580.39,1581.85,1579.38,1581.49,365.971255
2026-07-01 09:45:00+00:00,1581.49,1583.3,1578.59,1581.16,915.530495
2026-07-01 10:00:00+00:00,1581.16,1581.72,1574.71,1575.09,822.531685
2026-07-01 10:15:00+00:00,1575.2,1577.11,1573.09,1575.55,750.859705
2026-07-01 10:30:00+00:00,1575.56,1576.04,1572.09,1572.31,505.001682
2026-07-01 10:45:00+00:00,1572.25,1575.0,1572.25,1573.25,684.960342
2026-07-01 11:00:00+00:00,1573.48,1575.91,1570.74,1574.73,480.192401
2026-07-01 11:15:00+00:00,1574.63,1576.13,1572.56,1572.73,142.073937
2026-07-01 11:30:00+00:00,1572.8,1573.9,1570.79,1573.29,676.611997
2026-07-01 11:45:00+00:00,1573.46,1574.32,1566.4,1570.0,854.588419
2026-07-01 12:00:00+00:00,1570.03,1572.81,1566.5,1568.26,818.130331
2026-07-01 12:15:00+00:00,1568.35,1572.03,1568.33,1570.31,783.281278
2026-07-01 12:30:00+00:00,1570.3,1571.5,1566.4,1567.63,2231.915508
2026-07-01 12:45:00+00:00,1567.64,1570.23,1565.19,1570.0,1474.864293
2026-07-01 13:00:00+00:00,1570.23,1575.46,1570.02,1573.41,1432.020724
2026-07-01 13:15:00+00:00,1573.41,1579.42,1572.63,1578.43,948.032019
2026-07-01 13:30:00+00:00,1578.33,1583.0,1569.74,1582.08,3803.972794
2026-07-01 13:45:00+00:00,1582.0,1598.18,1580.01,1597.31,4497.475629
2026-07-01 14:00:00+00:00,1597.2,1613.31,1591.23,1613.0,3617.197781
2026-07-01 14:15:00+00:00,1613.19,1617.39,1604.5,1605.66,5805.98824
2026-07-01 14:30:00+00:00,1605.46,1607.0,1595.4,1598.59,2134.893153
2026-07-01 14:45:00+00:00,1598.48,1602.5,1591.42,1601.34,1784.188277
2026-07-01 15:00:00+00:00,1601.16,1616.38,1600.87,1611.52,2179.272078
2026-07-01 15:15:00+00:00,1611.65,1631.27,1608.47,1623.84,7393.204295
2026-07-01 15:30:00+00:00,1623.8,1626.99,1619.94,1622.63,3066.266768
2026-07-01 15:45:00+00:00,1622.63,1623.2,1617.43,1620.15,4160.664924
2026-07-01 16:00:00+00:00,1620.07,1621.32,1616.27,1619.32,4430.044345
2026-07-01 16:15:00+00:00,1619.35,1629.68,1615.14,1623.41,4313.363457
2026-07-01 16:30:00+00:00,1623.41,1624.46,1618.0,1619.4,1563.005958
2026-07-01 16:45:00+00:00,1619.44,1619.77,1612.73,1614.5,1463.591128
2026-07-01 17:00:00+00:00,1614.5,1614.99,1607.25,1613.33,1297.973295
2026-07-01 17:15:00+00:00,1613.42,1624.95,1613.42,1622.58,1878.394905
2026-07-01 17:30:00+00:00,1622.54,1624.89,1618.29,1621.26,801.842312
2026-07-01 17:45:00+00:00,1621.38,1624.77,1621.22,1622.82,610.604327
2026-07-01 18:00:00+00:00,1622.88,1624.6,1617.38,1619.72,871.778757
2026-07-01 18:15:00+00:00,1619.67,1622.99,1617.38,1618.11,1462.434693
2026-07-01 18:30:00+00:00,1618.11,1620.45,1614.14,1619.84,866.998771
2026-07-01 18:45:00+00:00,1619.91,1620.0,1612.23,1616.67,842.453224
2026-07-01 19:00:00+00:00,1616.59,1622.72,1616.48,1622.61,834.193998
2026-07-01 19:15:00+00:00,1622.6,1624.3,1617.22,1618.92,429.811833
2026-07-01 19:30:00+00:00,1618.85,1622.26,1616.81,1619.6,259.992211
2026-07-01 19:45:00+00:00,1619.65,1620.11,1614.77,1618.2,721.491502
2026-07-01 20:00:00+00:00,1618.17,1618.44,1612.13,1616.81,970.04797
2026-07-01 20:15:00+00:00,1616.8,1617.45,1610.48,1616.0,897.971481
2026-07-01 20:30:00+00:00,1616.06,1619.12,1614.86,1616.28,717.445826
2026-07-01 20:45:00+00:00,1616.28,1620.71,1616.28,1617.82,358.967446
2026-07-01 21:00:00+00:00,1617.85,1624.49,1617.6,1623.63,922.74404
2026-07-01 21:15:00+00:00,1623.64,1627.34,1621.49,1624.42,758.219224
2026-07-01 21:30:00+00:00,1624.42,1630.65,1624.31,1627.74,2046.794218
2026-07-01 21:45:00+00:00,1627.75,1639.0,1627.0,1632.03,2722.252276
2026-07-01 22:00:00+00:00,1632.03,1632.29,1628.72,1629.44,1206.511417
2026-07-01 22:15:00+00:00,1629.43,1646.26,1627.26,1627.64,6903.637074
2026-07-01 22:30:00+00:00,1627.61,1630.6,1623.11,1624.79,1072.835795
2026-07-01 22:45:00+00:00,1624.8,1625.93,1620.19,1621.79,549.475486
2026-07-01 23:00:00+00:00,1621.79,1621.79,1614.19,1615.66,1382.325378
2026-07-01 23:15:00+00:00,1615.7,1618.69,1614.14,1614.68,640.047739
2026-07-01 23:30:00+00:00,1614.64,1616.44,1608.48,1614.03,1862.148438
2026-07-01 23:45:00+00:00,1614.08,1614.45,1608.42,1609.65,491.945436
2026-07-02 00:00:00+00:00,1609.74,1609.97,1603.6,1606.51,1907.687453
2026-07-02 00:15:00+00:00,1606.6,1607.2,1601.68,1602.92,753.185108
2026-07-02 00:30:00+00:00,1602.88,1604.68,1597.25,1598.33,1460.151988
2026-07-02 00:45:00+00:00,1598.34,1605.66,1598.22,1603.57,1100.669239
2026-07-02 01:00:00+00:00,1603.59,1609.75,1602.55,1609.43,977.721538
2026-07-02 01:15:00+00:00,1609.5,1613.18,1608.0,1611.82,613.864577
2026-07-02 01:30:00+00:00,1611.85,1625.0,1611.85,1621.83,2140.065922
2026-07-02 01:45:00+00:00,1621.72,1624.07,1617.96,1620.49,489.982433
2026-07-02 02:00:00+00:00,1620.52,1621.28,1614.7,1617.73,520.000431
2026-07-02 02:15:00+00:00,1617.8,1621.3,1616.54,1619.07,651.44336
2026-07-02 02:30:00+00:00,1618.99,1624.35,1617.82,1622.69,692.217616
2026-07-02 02:45:00+00:00,1622.69,1624.59,1620.01,1620.87,573.543697
2026-07-02 03:00:00+00:00,1621.0,1624.39,1620.45,1624.14,622.17907
2026-07-02 03:15:00+00:00,1624.2,1636.35,1618.26,1629.4,2667.432131
2026-07-02 03:30:00+00:00,1629.34,1634.99,1627.48,1634.8,1288.337144
2026-07-02 03:45:00+00:00,1634.91,1642.6,1630.77,1639.56,2849.879947
2026-07-02 04:00:00+00:00,1639.61,1640.12,1634.54,1635.83,1177.692472
2026-07-02 04:15:00+00:00,1635.9,1637.2,1632.26,1634.28,929.680229
2026-07-02 04:30:00+00:00,1634.27,1634.27,1630.48,1632.12,506.330721
2026-07-02 04:45:00+00:00,1632.15,1634.54,1631.07,1632.76,671.943533
2026-07-02 05:00:00+00:00,1632.76,1635.0,1628.54,1633.85,1072.348134
2026-07-02 05:15:00+00:00,1633.97,1634.79,1632.28,1632.5,588.255763
2026-07-02 05:30:00+00:00,1632.51,1632.53,1627.13,1627.4,955.032223
2026-07-02 05:45:00+00:00,1627.49,1628.4,1625.41,1626.79,1189.137315
2026-07-02 06:00:00+00:00,1626.8,1627.1,1622.71,1623.05,746.840065
2026-07-02 06:15:00+00:00,1623.04,1629.42,1622.67,1624.74,1329.102213
2026-07-02 06:30:00+00:00,1624.73,1629.99,1624.52,1626.69,1360.917478
2026-07-02 06:45:00+00:00,1626.75,1626.78,1617.79,1619.17,1214.273393
2026-07-02 07:00:00+00:00,1619.13,1620.25,1617.3,1617.96,920.09949
2026-07-02 07:15:00+00:00,1618.02,1619.09,1615.49,1616.85,1242.095849
2026-07-02 07:30:00+00:00,1616.89,1618.22,1615.49,1617.51,2469.973539
2026-07-02 07:45:00+00:00,1617.51,1618.12,1614.54,1616.07,3157.708885
2026-07-02 08:00:00+00:00,1616.1,1621.6,1615.16,1618.56,1762.695986
2026-07-02 08:15:00+00:00,1618.56,1621.19,1618.56,1619.72,795.991627
2026-07-02 08:30:00+00:00,1619.72,1625.87,1618.55,1623.47,2379.453291
2026-07-02 08:45:00+00:00,1623.55,1626.41,1623.04,1625.13,756.244955
2026-07-02 09:00:00+00:00,1625.01,1625.27,1620.56,1623.36,441.896681
2026-07-02 09:15:00+00:00,1623.43,1629.93,1622.41,1629.45,1039.611661
2026-07-02 09:30:00+00:00,1629.46,1651.83,1629.46,1643.1,10640.406994
2026-07-02 09:45:00+00:00,1643.0,1647.43,1638.17,1643.21,5067.169947
2026-07-02 10:00:00+00:00,1643.21,1647.0,1641.45,1646.85,1476.928256
2026-07-02 10:15:00+00:00,1646.85,1647.89,1643.7,1645.87,1131.331677
2026-07-02 10:30:00+00:00,1645.89,1649.57,1644.73,1644.84,1296.510736
2026-07-02 10:45:00+00:00,1644.84,1647.92,1643.16,1646.44,1100.623952
2026-07-02 11:00:00+00:00,1646.56,1655.0,1645.25,1650.56,2274.814296
2026-07-02 11:15:00+00:00,1650.55,1650.8,1647.48,1647.96,1292.766179
2026-07-02 11:30:00+00:00,1648.0,1648.89,1645.21,1645.71,848.119114
2026-07-02 11:45:00+00:00,1645.73,1652.69,1644.6,1650.4,1398.408264
2026-07-02 12:00:00+00:00,1650.2,1657.25,1647.61,1655.48,1557.401359
2026-07-02 12:15:00+00:00,1655.49,1666.0,1648.86,1664.03,4292.651972
2026-07-02 12:30:00+00:00,1664.1,1670.0,1651.0,1660.0,7217.779965
2026-07-02 12:45:00+00:00,1659.99,1667.74,1659.99,1662.69,2818.246635
2026-07-02 13:00:00+00:00,1662.76,1672.36,1661.0,1668.96,2186.153336
2026-07-02 13:15:00+00:00,1668.83,1691.1,1668.83,1682.46,9085.659923
2026-07-02 13:30:00+00:00,1682.44,1713.45,1678.72,1710.74,17582.552666
2026-07-02 13:45:00+00:00,1710.63,1714.0,1705.59,1710.76,6216.751183
2026-07-02 14:00:00+00:00,1710.8,1724.88,1706.24,1716.58,7934.58354
2026-07-02 14:15:00+00:00,1716.57,1721.14,1697.1,1701.57,5639.178997
2026-07-02 14:30:00+00:00,1701.63,1707.68,1691.06,1695.42,10935.428845
2026-07-02 14:45:00+00:00,1695.41,1702.13,1695.35,1701.61,2648.113379
2026-07-02 15:00:00+00:00,1701.67,1702.98,1688.8,1694.48,3644.305317
2026-07-02 15:15:00+00:00,1694.5,1703.75,1691.84,1700.06,2952.654369
2026-07-02 15:30:00+00:00,1700.05,1703.4,1697.49,1702.09,1859.306557
2026-07-02 15:45:00+00:00,1702.16,1703.6,1694.86,1697.2,1020.596454
2026-07-02 16:00:00+00:00,1697.21,1701.54,1691.58,1699.68,2524.562307
2026-07-02 16:15:00+00:00,1699.8,1699.91,1686.75,1689.41,2523.159229
2026-07-02 16:30:00+00:00,1689.43,1697.68,1688.99,1697.2,1504.148403
2026-07-02 16:45:00+00:00,1697.1,1704.06,1696.1,1699.64,2477.111996
2026-07-02 17:00:00+00:00,1699.64,1702.4,1696.01,1699.1,916.497621
2026-07-02 17:15:00+00:00,1699.0,1705.56,1698.33,1704.55,1152.051622
2026-07-02 17:30:00+00:00,1704.54,1704.54,1695.38,1700.58,761.58642
2026-07-02 17:45:00+00:00,1700.57,1701.17,1694.41,1695.74,790.086819
2026-07-02 18:00:00+00:00,1695.75,1702.99,1695.26,1702.55,778.862299
2026-07-02 18:15:00+00:00,1702.5,1704.1,1699.05,1703.96,379.049518
2026-07-02 18:30:00+00:00,1703.92,1704.97,1701.6,1704.42,381.59833
2026-07-02 18:45:00+00:00,1704.5,1707.85,1700.37,1702.1,1723.310134
2026-07-02 19:00:00+00:00,1702.12,1703.4,1698.77,1702.56,618.42285
2026-07-02 19:15:00+00:00,1702.52,1702.52,1694.65,1699.23,598.64159
2026-07-02 19:30:00+00:00,1699.22,1701.73,1697.53,1701.36,775.114252
2026-07-02 19:45:00+00:00,1701.37,1705.52,1699.75,1700.03,1488.131337
2026-07-02 20:00:00+00:00,1699.97,1701.29,1697.48,1700.42,763.43134
2026-07-02 20:15:00+00:00,1700.42,1702.58,1696.67,1696.68,334.120426
2026-07-02 20:30:00+00:00,1696.68,1698.6,1696.11,1697.97,351.002611
2026-07-02 20:45:00+00:00,1697.86,1706.66,1697.86,1705.71,1935.06605
2026-07-02 21:00:00+00:00,1705.72,1706.15,1703.41,1703.41,923.217356
2026-07-02 21:15:00+00:00,1703.42,1704.83,1703.42,1703.91,370.105328
2026-07-02 21:30:00+00:00,1703.91,1703.91,1698.4,1698.73,926.700156
2026-07-02 21:45:00+00:00,1698.73,1700.44,1697.02,1700.1,274.408639
2026-07-02 22:00:00+00:00,1700.09,1700.71,1696.45,1697.29,235.049522
2026-07-02 22:15:00+00:00,1697.29,1698.95,1696.5,1696.52,264.616968
2026-07-02 22:30:00+00:00,1696.51,1697.86,1695.53,1695.88,367.647025
2026-07-02 22:45:00+00:00,1695.89,1700.9,1694.09,1696.79,620.201158
2026-07-02 23:00:00+00:00,1696.66,1696.66,1692.04,1692.89,562.376835
2026-07-02 23:15:00+00:00,1692.83,1699.78,1692.8,1698.44,239.643381
2026-07-02 23:30:00+00:00,1698.44,1701.8,1696.0,1696.52,248.470136
2026-07-02 23:45:00+00:00,1696.52,1700.8,1696.52,1700.7,498.085209
2026-07-03 00:00:00+00:00,1700.6,1702.47,1697.87,1700.63,738.850084
2026-07-03 00:15:00+00:00,1700.65,1703.06,1697.44,1697.44,288.27216
2026-07-03 00:30:00+00:00,1697.44,1700.65,1694.66,1698.89,641.9114
2026-07-03 00:45:00+00:00,1698.89,1699.84,1695.89,1696.88,385.492028
2026-07-03 01:00:00+00:00,1696.88,1718.92,1695.43,1714.25,2801.848828
2026-07-03 01:15:00+00:00,1714.14,1715.6,1705.4,1708.84,1168.40778
2026-07-03 01:30:00+00:00,1708.94,1718.47,1707.5,1716.4,1379.633335
2026-07-03 01:45:00+00:00,1716.58,1718.38,1711.73,1712.39,513.040484
2026-07-03 02:00:00+00:00,1712.4,1715.5,1708.26,1708.32,1040.989888
2026-07-03 02:15:00+00:00,1708.38,1712.27,1702.02,1702.02,784.395097
2026-07-03 02:30:00+00:00,1702.13,1703.99,1696.37,1701.41,1211.950595
2026-07-03 02:45:00+00:00,1701.41,1705.82,1699.04,1704.84,383.83101
2026-07-03 03:00:00+00:00,1704.84,1705.53,1699.47,1700.35,640.658848
2026-07-03 03:15:00+00:00,1700.59,1712.13,1700.56,1710.94,1271.225886
2026-07-03 03:30:00+00:00,1710.94,1711.82,1704.06,1704.12,861.358395
2026-07-03 03:45:00+00:00,1704.12,1707.4,1704.01,1706.55,765.931657
2026-07-03 04:00:00+00:00,1706.58,1708.7,1703.0,1706.68,1962.498796
2026-07-03 04:15:00+00:00,1706.68,1706.8,1703.43,1705.1,710.008853
2026-07-03 04:30:00+00:00,1705.27,1707.59,1703.2,1706.9,646.462265
2026-07-03 04:45:00+00:00,1706.98,1707.45,1702.6,1703.5,7639.037349
2026-07-03 05:00:00+00:00,1703.51,1707.27,1702.57,1706.94,986.801486
2026-07-03 05:15:00+00:00,1706.96,1711.48,1705.14,1710.08,1455.220335
2026-07-03 05:30:00+00:00,1710.08,1722.0,1709.72,1715.62,3124.508336
2026-07-03 05:45:00+00:00,1715.51,1718.15,1714.25,1715.04,1113.975087
2026-07-03 06:00:00+00:00,1715.05,1721.5,1713.66,1717.57,1294.62384
2026-07-03 06:15:00+00:00,1717.41,1720.64,1715.07,1716.94,879.991561
2026-07-03 06:30:00+00:00,1716.89,1719.7,1713.16,1714.9,1016.311363
2026-07-03 06:45:00+00:00,1714.91,1718.17,1714.91,1716.25,502.345202
2026-07-03 07:00:00+00:00,1716.25,1719.28,1714.14,1716.18,651.485392
2026-07-03 07:15:00+00:00,1716.19,1718.68,1716.19,1717.83,445.058883
2026-07-03 07:30:00+00:00,1717.83,1721.4,1716.12,1718.33,2141.172134
2026-07-03 07:45:00+00:00,1718.33,1722.24,1717.66,1718.02,3324.381702
2026-07-03 08:00:00+00:00,1718.01,1720.5,1717.0,1718.04,590.872034
2026-07-03 08:15:00+00:00,1718.06,1723.55,1715.86,1720.09,1162.178907
2026-07-03 08:30:00+00:00,1719.96,1734.93,1717.68,1731.46,3826.383397
2026-07-03 08:45:00+00:00,1731.6,1731.75,1718.55,1720.0,1822.93729
2026-07-03 09:00:00+00:00,1719.93,1729.65,1717.17,1728.91,1382.276724
2026-07-03 09:15:00+00:00,1728.82,1729.89,1725.43,1726.36,652.70262
2026-07-03 09:30:00+00:00,1726.24,1726.28,1721.1,1723.34,789.139572
2026-07-03 09:45:00+00:00,1723.38,1731.33,1723.38,1726.42,802.478342
2026-07-03 10:00:00+00:00,1726.41,1739.65,1726.25,1734.29,3442.490077
2026-07-03 10:15:00+00:00,1734.3,1739.01,1732.01,1736.7,1336.773783
2026-07-03 10:30:00+00:00,1736.69,1748.92,1734.84,1747.4,2805.05922
2026-07-03 10:45:00+00:00,1747.41,1749.0,1742.02,1742.39,1912.839816
2026-07-03 11:00:00+00:00,1742.27,1745.52,1737.4,1743.19,1750.637954
2026-07-03 11:15:00+00:00,1743.2,1747.99,1742.28,1742.5,1393.064147
2026-07-03 11:30:00+00:00,1742.6,1745.3,1739.43,1740.03,687.397491
2026-07-03 11:45:00+00:00,1740.1,1744.85,1740.1,1742.45,462.29447
2026-07-03 12:00:00+00:00,1742.5,1745.11,1739.43,1740.74,885.372957
2026-07-03 12:15:00+00:00,1740.73,1740.73,1731.54,1734.54,1602.861104
2026-07-03 12:30:00+00:00,1734.54,1735.72,1732.0,1733.63,583.814979
2026-07-03 12:45:00+00:00,1733.64,1736.83,1733.64,1736.56,607.771975
2026-07-03 13:00:00+00:00,1736.64,1738.99,1736.2,1738.51,608.160961
2026-07-03 13:15:00+00:00,1738.58,1747.66,1738.31,1745.04,1977.676408
2026-07-03 13:30:00+00:00,1745.04,1753.47,1743.25,1749.03,2819.379668
2026-07-03 13:45:00+00:00,1749.03,1753.48,1745.16,1748.37,1516.794924
2026-07-03 14:00:00+00:00,1748.38,1748.38,1732.41,1734.44,1917.158962
2026-07-03 14:15:00+00:00,1734.45,1737.86,1729.15,1733.91,2434.316114
2026-07-03 14:30:00+00:00,1734.0,1737.43,1730.12,1737.08,957.680815
2026-07-03 14:45:00+00:00,1737.08,1740.44,1735.0,1737.48,894.685481
2026-07-03 15:00:00+00:00,1737.48,1746.0,1736.32,1740.66,1979.778859
2026-07-03 15:15:00+00:00,1740.69,1743.16,1732.47,1733.59,2069.400606
2026-07-03 15:30:00+00:00,1733.68,1737.31,1731.47,1733.31,712.154965
2026-07-03 15:45:00+00:00,1733.31,1734.79,1729.3,1731.3,1044.559648
2026-07-03 16:00:00+00:00,1731.3,1732.81,1728.0,1728.37,611.142992
2026-07-03 16:15:00+00:00,1728.38,1735.56,1728.38,1734.31,583.819438
2026-07-03 16:30:00+00:00,1734.3,1735.53,1730.67,1732.99,314.408164
2026-07-03 16:45:00+00:00,1732.97,1734.93,1731.04,1733.69,945.335482
2026-07-03 17:00:00+00:00,1733.7,1737.5,1732.4,1735.67,857.366714
2026-07-03 17:15:00+00:00,1735.66,1738.38,1733.61,1736.51,323.537395
2026-07-03 17:30:00+00:00,1736.5,1741.14,1735.44,1740.89,785.74433
2026-07-03 17:45:00+00:00,1740.9,1742.08,1737.36,1738.38,417.823251
2026-07-03 18:00:00+00:00,1738.4,1739.0,1736.58,1737.04,231.502876
2026-07-03 18:15:00+00:00,1737.03,1738.38,1736.26,1738.38,206.812677
2026-07-03 18:30:00+00:00,1738.39,1739.55,1738.05,1739.39,313.013663
2026-07-03 18:45:00+00:00,1739.4,1741.32,1738.08,1738.96,435.827434
2026-07-03 19:00:00+00:00,1738.97,1741.24,1737.38,1737.52,154.493011
2026-07-03 19:15:00+00:00,1737.52,1747.49,1737.52,1746.91,2536.89563
2026-07-03 19:30:00+00:00,1746.92,1753.21,1745.28,1747.96,1787.351681
2026-07-03 19:45:00+00:00,1747.95,1747.95,1743.88,1745.41,816.333886
2026-07-03 20:00:00+00:00,1745.41,1751.41,1743.66,1748.15,1076.269161
2026-07-03 20:15:00+00:00,1748.22,1757.94,1745.82,1754.0,1665.845931
2026-07-03 20:30:00+00:00,1754.0,1773.89,1752.41,1766.5,5337.454102
2026-07-03 20:45:00+00:00,1766.51,1772.66,1763.39,1766.34,2281.31635
2026-07-03 21:00:00+00:00,1766.21,1775.86,1764.81,1766.69,2685.528775
2026-07-03 21:15:00+00:00,1766.69,1768.29,1763.91,1763.93,834.557901
2026-07-03 21:30:00+00:00,1763.92,1763.92,1757.01,1760.39,1132.391424
2026-07-03 21:45:00+00:00,1760.4,1767.65,1760.01,1763.31,508.814381
2026-07-03 22:00:00+00:00,1763.35,1764.31,1756.83,1758.69,600.984076
2026-07-03 22:15:00+00:00,1758.7,1761.87,1758.14,1760.24,510.157645
2026-07-03 22:30:00+00:00,1760.24,1761.69,1756.15,1758.88,566.853305
2026-07-03 22:45:00+00:00,1758.9,1760.13,1756.9,1757.46,342.512706
2026-07-03 23:00:00+00:00,1757.46,1759.25,1755.41,1758.06,410.879103
2026-07-03 23:15:00+00:00,1757.92,1762.03,1757.12,1758.51,267.40168
2026-07-03 23:30:00+00:00,1758.53,1761.25,1758.48,1760.26,171.192076
2026-07-03 23:45:00+00:00,1760.42,1760.99,1756.61,1758.18,254.347424
2026-07-04 00:00:00+00:00,1758.13,1764.07,1757.55,1761.5,893.933097
2026-07-04 00:15:00+00:00,1761.5,1763.67,1757.61,1758.99,435.417081
2026-07-04 00:30:00+00:00,1758.99,1760.52,1756.5,1758.21,464.174173
2026-07-04 00:45:00+00:00,1758.22,1760.6,1756.97,1758.61,145.156451
2026-07-04 01:00:00+00:00,1758.61,1758.61,1746.67,1748.14,1864.900997
2026-07-04 01:15:00+00:00,1748.14,1751.73,1746.01,1749.59,7239.192595
2026-07-04 01:30:00+00:00,1749.65,1750.75,1746.61,1747.29,385.527864
2026-07-04 01:45:00+00:00,1747.33,1749.05,1746.01,1747.93,470.626517
2026-07-04 02:00:00+00:00,1747.9,1750.0,1747.04,1748.88,317.698638
2026-07-04 02:15:00+00:00,1748.82,1749.19,1747.47,1748.14,1851.600427
2026-07-04 02:30:00+00:00,1748.11,1748.83,1744.39,1748.33,5809.394274
2026-07-04 02:45:00+00:00,1748.34,1751.05,1747.03,1749.41,480.168448
2026-07-04 03:00:00+00:00,1749.42,1750.77,1747.17,1750.12,450.738193
2026-07-04 03:15:00+00:00,1749.98,1750.39,1748.25,1749.31,171.172804
2026-07-04 03:30:00+00:00,1749.18,1756.58,1747.82,1754.81,864.053033
2026-07-04 03:45:00+00:00,1754.83,1755.55,1753.06,1753.79,217.465374
2026-07-04 04:00:00+00:00,1753.79,1757.0,1752.6,1754.3,290.126662
2026-07-04 04:15:00+00:00,1754.33,1756.39,1752.04,1754.07,504.201303
2026-07-04 04:30:00+00:00,1754.0,1759.65,1753.63,1758.05,563.575907
2026-07-04 04:45:00+00:00,1758.1,1764.53,1758.1,1761.8,1006.762848
2026-07-04 05:00:00+00:00,1761.8,1761.8,1756.08,1756.53,1403.616304
2026-07-04 05:15:00+00:00,1756.49,1756.89,1753.09,1754.84,1685.547288
2026-07-04 05:30:00+00:00,1754.85,1758.2,1754.42,1758.2,341.080668
2026-07-04 05:45:00+00:00,1758.25,1759.64,1754.63,1756.0,325.272889
2026-07-04 06:00:00+00:00,1755.99,1761.21,1755.46,1755.66,630.700221
2026-07-04 06:15:00+00:00,1755.7,1757.52,1751.57,1754.29,398.73022
2026-07-04 06:30:00+00:00,1754.3,1757.11,1753.86,1754.19,273.424626
2026-07-04 06:45:00+00:00,1754.19,1755.77,1753.41,1754.84,120.574353
2026-07-04 07:00:00+00:00,1754.84,1756.68,1752.76,1754.65,323.120294
2026-07-04 07:15:00+00:00,1754.58,1758.2,1753.74,1755.57,335.070429
2026-07-04 07:30:00+00:00,1755.65,1757.09,1754.1,1755.97,1192.2036
2026-07-04 07:45:00+00:00,1755.97,1759.5,1754.87,1757.99,2309.479885
2026-07-04 08:00:00+00:00,1758.02,1759.98,1757.52,1759.79,249.496001
2026-07-04 08:15:00+00:00,1759.73,1761.49,1757.49,1757.49,724.773658
2026-07-04 08:30:00+00:00,1757.48,1765.77,1757.28,1760.81,1560.121377
2026-07-04 08:45:00+00:00,1760.85,1765.21,1760.84,1762.3,413.152546
2026-07-04 09:00:00+00:00,1762.3,1763.13,1759.04,1761.04,1803.453865
2026-07-04 09:15:00+00:00,1761.02,1761.45,1758.99,1759.89,914.871935
2026-07-04 09:30:00+00:00,1759.89,1759.95,1754.89,1756.18,478.295549
2026-07-04 09:45:00+00:00,1756.16,1758.42,1756.09,1758.06,198.890682
2026-07-04 10:00:00+00:00,1758.06,1760.39,1756.88,1760.15,299.711438
2026-07-04 10:15:00+00:00,1760.15,1761.02,1758.64,1759.1,415.726449
2026-07-04 10:30:00+00:00,1759.09,1759.38,1757.46,1758.78,145.464459
2026-07-04 10:45:00+00:00,1758.78,1760.64,1758.39,1759.21,154.696428
2026-07-04 11:00:00+00:00,1759.1,1759.1,1756.28,1758.22,306.673308
2026-07-04 11:15:00+00:00,1758.21,1759.1,1757.04,1757.9,228.797893
2026-07-04 11:30:00+00:00,1757.81,1760.39,1757.6,1758.15,360.97992
2026-07-04 11:45:00+00:00,1758.15,1758.8,1757.61,1758.04,101.162462
2026-07-04 12:00:00+00:00,1758.03,1762.29,1758.03,1761.24,497.975512
2026-07-04 12:15:00+00:00,1761.24,1763.74,1759.29,1763.3,224.815914
2026-07-04 12:30:00+00:00,1763.31,1766.49,1762.52,1764.35,1352.196041
2026-07-04 12:45:00+00:00,1764.35,1765.2,1762.13,1764.42,226.523115
2026-07-04 13:00:00+00:00,1764.47,1764.58,1761.57,1762.43,267.149765
2026-07-04 13:15:00+00:00,1762.64,1778.62,1762.31,1768.81,3203.166069
2026-07-04 13:30:00+00:00,1768.81,1769.29,1763.32,1763.8,725.274083
2026-07-04 13:45:00+00:00,1763.79,1764.6,1762.04,1764.07,527.568555
2026-07-04 14:00:00+00:00,1763.95,1772.77,1763.85,1770.97,660.520436
2026-07-04 14:15:00+00:00,1770.97,1774.84,1768.96,1771.1,968.32827
2026-07-04 14:30:00+00:00,1771.12,1771.57,1768.44,1770.24,222.435398
2026-07-04 14:45:00+00:00,1770.22,1772.99,1768.88,1772.43,291.940873
2026-07-04 15:00:00+00:00,1772.43,1800.0,1772.41,1785.04,11491.360175
2026-07-04 15:15:00+00:00,1785.1,1798.75,1783.0,1793.76,3146.049634
2026-07-04 15:30:00+00:00,1793.72,1796.4,1789.0,1791.08,1526.982475
2026-07-04 15:45:00+00:00,1791.06,1795.86,1790.08,1791.38,1238.713982
2026-07-04 16:00:00+00:00,1791.3,1792.37,1784.43,1784.97,1647.345136
2026-07-04 16:15:00+00:00,1784.97,1789.91,1783.46,1787.4,1233.218324
2026-07-04 16:30:00+00:00,1787.37,1791.51,1787.37,1788.08,465.483535
2026-07-04 16:45:00+00:00,1788.01,1789.75,1786.51,1787.16,316.58461
2026-07-04 17:00:00+00:00,1787.15,1787.15,1779.14,1780.56,1662.02297
2026-07-04 17:15:00+00:00,1780.57,1787.55,1779.86,1787.35,640.142898
2026-07-04 17:30:00+00:00,1787.35,1794.63,1787.35,1791.6,1613.876136
2026-07-04 17:45:00+00:00,1791.58,1808.2,1790.57,1799.63,5764.364275
2026-07-04 18:00:00+00:00,1799.74,1805.49,1797.87,1804.64,1111.77629
2026-07-04 18:15:00+00:00,1804.57,1806.0,1795.6,1796.8,721.29348
2026-07-04 18:30:00+00:00,1796.7,1796.74,1793.39,1793.98,544.257333
2026-07-04 18:45:00+00:00,1793.98,1796.22,1791.73,1793.88,414.018979
2026-07-04 19:00:00+00:00,1793.89,1795.42,1788.58,1790.41,515.817157
2026-07-04 19:15:00+00:00,1790.49,1796.6,1790.13,1795.28,430.913719
2026-07-04 19:30:00+00:00,1795.14,1797.95,1791.64,1796.46,434.486081
2026-07-04 19:45:00+00:00,1796.45,1796.45,1790.79,1792.62,213.153168
2026-07-04 20:00:00+00:00,1792.63,1796.09,1791.36,1794.84,372.841282
2026-07-04 20:15:00+00:00,1794.84,1794.84,1783.86,1784.9,1092.243149
2026-07-04 20:30:00+00:00,1784.9,1790.16,1784.24,1789.73,195.241533
2026-07-04 20:45:00+00:00,1789.67,1790.35,1787.11,1787.18,91.954631
2026-07-04 21:00:00+00:00,1787.18,1791.44,1786.29,1790.42,577.441076
2026-07-04 21:15:00+00:00,1790.29,1793.32,1789.78,1792.77,181.614908
2026-07-04 21:30:00+00:00,1792.77,1795.0,1789.58,1789.92,359.180337
2026-07-04 21:45:00+00:00,1789.92,1790.93,1788.51,1789.31,203.733021
2026-07-04 22:00:00+00:00,1789.25,1789.49,1785.01,1786.88,261.299368
2026-07-04 22:15:00+00:00,1786.88,1789.07,1784.01,1785.73,317.620982
2026-07-04 22:30:00+00:00,1785.55,1786.42,1785.01,1785.44,123.56845
2026-07-04 22:45:00+00:00,1785.28,1785.55,1782.06,1784.77,496.542653
2026-07-04 23:00:00+00:00,1784.78,1785.73,1772.38,1775.09,2453.259241
2026-07-04 23:15:00+00:00,1775.1,1779.0,1772.58,1778.99,701.391701
2026-07-04 23:30:00+00:00,1778.99,1783.36,1778.99,1782.35,562.692554
2026-07-04 23:45:00+00:00,1782.34,1783.1,1779.37,1780.64,350.103302
2026-07-05 00:00:00+00:00,1780.66,1780.9,1775.61,1776.11,810.653979
2026-07-05 00:15:00+00:00,1776.11,1776.8,1773.17,1775.27,745.618161
2026-07-05 00:30:00+00:00,1775.28,1776.79,1772.31,1775.98,405.431363
2026-07-05 00:45:00+00:00,1775.98,1776.37,1769.09,1772.65,830.416851
2026-07-05 01:00:00+00:00,1772.66,1774.57,1770.39,1771.94,446.906768
2026-07-05 01:15:00+00:00,1771.96,1771.96,1763.5,1768.86,2340.830364
2026-07-05 01:30:00+00:00,1768.67,1768.67,1761.22,1765.45,1512.241346
2026-07-05 01:45:00+00:00,1765.44,1767.34,1764.26,1766.48,585.71292
2026-07-05 02:00:00+00:00,1766.51,1767.93,1759.28,1759.85,980.250471
2026-07-05 02:15:00+00:00,1759.77,1764.62,1757.04,1764.31,1153.945422
2026-07-05 02:30:00+00:00,1764.26,1766.02,1757.48,1758.24,1242.99452
2026-07-05 02:45:00+00:00,1758.24,1761.29,1756.89,1760.61,776.370717
2026-07-05 03:00:00+00:00,1760.62,1763.54,1760.04,1763.27,686.061643
2026-07-05 03:15:00+00:00,1763.18,1763.99,1757.74,1758.56,423.946717
2026-07-05 03:30:00+00:00,1758.56,1762.62,1758.41,1760.8,478.754738
2026-07-05 03:45:00+00:00,1760.8,1763.07,1760.4,1761.52,246.148451
2026-07-05 04:00:00+00:00,1761.52,1766.14,1760.07,1764.81,547.43959
2026-07-05 04:15:00+00:00,1764.79,1768.69,1764.72,1767.3,893.763656
2026-07-05 04:30:00+00:00,1767.29,1773.09,1767.07,1770.92,1495.126594
2026-07-05 04:45:00+00:00,1770.92,1771.25,1767.4,1767.47,372.076448
2026-07-05 05:00:00+00:00,1767.51,1767.94,1765.13,1765.62,701.822953
2026-07-05 05:15:00+00:00,1765.62,1766.93,1763.61,1765.01,408.63508
2026-07-05 05:30:00+00:00,1765.04,1767.29,1760.51,1762.24,574.980201
2026-07-05 05:45:00+00:00,1762.25,1766.5,1761.84,1766.19,397.693722
2026-07-05 06:00:00+00:00,1766.2,1766.24,1762.07,1764.3,669.805644
2026-07-05 06:15:00+00:00,1764.3,1765.34,1762.63,1764.99,284.154727
2026-07-05 06:30:00+00:00,1764.99,1768.1,1764.38,1765.48,355.52025
2026-07-05 06:45:00+00:00,1765.48,1766.23,1763.58,1764.91,244.72937
2026-07-05 07:00:00+00:00,1764.72,1765.7,1763.16,1763.16,187.756267
2026-07-05 07:15:00+00:00,1763.31,1765.45,1762.01,1763.09,526.194195
2026-07-05 07:30:00+00:00,1763.1,1768.63,1763.1,1767.78,600.625611
2026-07-05 07:45:00+00:00,1767.78,1772.17,1766.19,1769.88,1228.507673
2026-07-05 08:00:00+00:00,1769.88,1773.07,1766.94,1769.29,454.359138
2026-07-05 08:15:00+00:00,1769.29,1770.31,1766.61,1767.48,209.822781
2026-07-05 08:30:00+00:00,1767.48,1769.87,1766.67,1767.72,161.089187
2026-07-05 08:45:00+00:00,1767.72,1770.48,1767.01,1767.62,365.588941
2026-07-05 09:00:00+00:00,1767.62,1767.99,1766.0,1766.38,279.709404
2026-07-05 09:15:00+00:00,1766.38,1767.45,1761.02,1761.24,914.799083
2026-07-05 09:30:00+00:00,1761.38,1762.79,1748.11,1752.41,3706.098841
2026-07-05 09:45:00+00:00,1752.44,1758.57,1750.64,1758.12,1467.536063
2026-07-05 10:00:00+00:00,1758.02,1761.12,1755.0,1759.1,1968.937887
2026-07-05 10:15:00+00:00,1759.09,1762.19,1757.7,1759.0,427.374038
2026-07-05 10:30:00+00:00,1758.95,1760.79,1758.51,1759.54,508.910628
2026-07-05 10:45:00+00:00,1759.55,1762.0,1759.19,1761.61,250.44045
2026-07-05 11:00:00+00:00,1761.61,1765.43,1761.5,1763.91,824.71972
2026-07-05 11:15:00+00:00,1763.9,1763.9,1758.98,1759.14,247.723719
2026-07-05 11:30:00+00:00,1759.14,1762.64,1758.73,1761.74,991.748314
2026-07-05 11:45:00+00:00,1761.74,1763.05,1759.65,1760.32,893.92163
2026-07-05 12:00:00+00:00,1760.32,1760.33,1756.42,1760.02,386.328674
2026-07-05 12:15:00+00:00,1760.03,1767.0,1760.03,1766.27,590.095386
2026-07-05 12:30:00+00:00,1766.27,1769.53,1763.99,1764.63,754.172615
2026-07-05 12:45:00+00:00,1764.55,1766.15,1764.19,1765.02,217.848442
2026-07-05 13:00:00+00:00,1765.03,1767.78,1763.04,1765.34,633.411861
2026-07-05 13:15:00+00:00,1765.25,1766.19,1761.16,1763.53,398.868745
2026-07-05 13:30:00+00:00,1763.49,1765.34,1762.72,1765.34,157.42871
2026-07-05 13:45:00+00:00,1765.34,1767.24,1765.23,1766.42,505.745819
2026-07-05 14:00:00+00:00,1766.42,1768.76,1765.0,1767.44,373.473713
2026-07-05 14:15:00+00:00,1767.44,1768.17,1765.17,1767.42,193.634385
2026-07-05 14:30:00+00:00,1767.42,1771.94,1765.17,1768.81,968.606752
2026-07-05 14:45:00+00:00,1768.9,1772.9,1767.2,1772.44,706.023769
2026-07-05 15:00:00+00:00,1772.58,1782.0,1771.11,1774.57,2632.750593
2026-07-05 15:15:00+00:00,1774.38,1776.0,1772.65,1774.83,468.468619
2026-07-05 15:30:00+00:00,1774.7,1779.4,1770.7,1771.42,1218.315611
2026-07-05 15:45:00+00:00,1771.47,1776.08,1770.29,1774.84,538.733963
2026-07-05 16:00:00+00:00,1774.85,1777.67,1773.46,1774.02,844.134648
2026-07-05 16:15:00+00:00,1774.01,1774.67,1771.18,1771.36,636.972116
2026-07-05 16:30:00+00:00,1771.46,1773.56,1770.28,1770.92,431.60461
2026-07-05 16:45:00+00:00,1770.92,1773.66,1770.35,1772.92,315.496291
2026-07-05 17:00:00+00:00,1772.91,1777.32,1772.91,1776.57,292.543225
2026-07-05 17:15:00+00:00,1776.62,1786.0,1776.17,1779.0,2326.467375
2026-07-05 17:30:00+00:00,1779.01,1782.89,1776.45,1776.69,669.748489
2026-07-05 17:45:00+00:00,1776.78,1780.99,1776.44,1779.45,1009.619501
2026-07-05 18:00:00+00:00,1779.4,1781.43,1777.96,1778.73,180.155621
2026-07-05 18:15:00+00:00,1778.73,1781.43,1778.73,1779.88,476.175797
2026-07-05 18:30:00+00:00,1779.88,1781.74,1779.0,1781.12,196.324645
2026-07-05 18:45:00+00:00,1781.12,1787.42,1779.88,1781.51,1190.715227
2026-07-05 19:00:00+00:00,1781.3,1784.49,1780.44,1783.6,199.608398
2026-07-05 19:15:00+00:00,1783.58,1784.77,1777.89,1780.32,198.480679
2026-07-05 19:30:00+00:00,1780.29,1782.6,1779.39,1782.22,69.460385
2026-07-05 19:45:00+00:00,1782.24,1783.0,1780.14,1781.6,296.518879
2026-07-05 20:00:00+00:00,1781.6,1783.75,1780.03,1781.11,203.61022
2026-07-05 20:15:00+00:00,1781.1,1781.74,1776.41,1777.62,955.772396
2026-07-05 20:30:00+00:00,1777.66,1778.07,1776.34,1777.94,137.836243
2026-07-05 20:45:00+00:00,1777.99,1778.48,1777.17,1777.42,85.5714
2026-07-05 21:00:00+00:00,1777.43,1777.43,1768.4,1773.46,1524.849964
2026-07-05 21:15:00+00:00,1773.43,1783.02,1772.53,1780.84,748.09388
2026-07-05 21:30:00+00:00,1780.8,1786.28,1778.67,1783.08,655.331515
2026-07-05 21:45:00+00:00,1783.03,1793.33,1780.78,1786.88,1939.405937
2026-07-05 22:00:00+00:00,1786.88,1793.19,1784.27,1792.7,881.369869
2026-07-05 22:15:00+00:00,1792.69,1804.42,1791.21,1801.5,5044.851295
2026-07-05 22:30:00+00:00,1801.81,1808.18,1788.09,1789.61,3036.115966
2026-07-05 22:45:00+00:00,1789.62,1792.31,1786.23,1789.97,999.391027
2026-07-05 23:00:00+00:00,1789.89,1801.6,1788.72,1801.04,1656.782537
2026-07-05 23:15:00+00:00,1801.05,1802.58,1790.64,1791.95,1251.886528
2026-07-05 23:30:00+00:00,1791.95,1793.41,1788.18,1789.72,946.144882
2026-07-05 23:45:00+00:00,1789.63,1789.63,1782.67,1785.77,858.697527
2026-07-06 00:00:00+00:00,1785.97,1788.0,1780.11,1786.51,1450.190561
2026-07-06 00:15:00+00:00,1786.52,1790.25,1777.15,1777.91,1349.331203
2026-07-06 00:30:00+00:00,1777.91,1788.53,1774.69,1788.18,1462.665195
2026-07-06 00:45:00+00:00,1788.18,1794.1,1786.59,1793.47,1070.93415
2026-07-06 01:00:00+00:00,1793.45,1795.32,1791.0,1792.86,715.944962
2026-07-06 01:15:00+00:00,1792.96,1793.82,1785.96,1789.88,381.922862
2026-07-06 01:30:00+00:00,1789.89,1799.0,1788.85,1792.35,828.749346
2026-07-06 01:45:00+00:00,1792.32,1792.32,1785.27,1786.27,549.952279
2026-07-06 02:00:00+00:00,1786.28,1788.86,1780.87,1781.84,824.596396
2026-07-06 02:15:00+00:00,1781.99,1790.45,1781.78,1785.28,711.438942
2026-07-06 02:30:00+00:00,1785.28,1788.36,1780.2,1781.03,648.462219
2026-07-06 02:45:00+00:00,1781.16,1784.67,1779.45,1783.82,408.628094
2026-07-06 03:00:00+00:00,1783.75,1785.2,1781.66,1782.52,324.202901
2026-07-06 03:15:00+00:00,1782.68,1783.37,1774.63,1777.72,1288.414678
2026-07-06 03:30:00+00:00,1777.52,1780.37,1771.79,1776.32,1531.652723
2026-07-06 03:45:00+00:00,1776.26,1780.21,1776.0,1779.96,1092.343275
2026-07-06 04:00:00+00:00,1779.85,1782.48,1777.38,1781.21,1002.317138
2026-07-06 04:15:00+00:00,1781.2,1782.6,1776.44,1778.14,252.768746
2026-07-06 04:30:00+00:00,1778.07,1785.26,1776.36,1782.49,832.416167
2026-07-06 04:45:00+00:00,1782.48,1783.2,1777.39,1778.07,624.191668
2026-07-06 05:00:00+00:00,1777.87,1778.58,1773.58,1775.75,479.430213
2026-07-06 05:15:00+00:00,1775.74,1776.93,1766.58,1767.65,2073.240772
2026-07-06 05:30:00+00:00,1767.77,1774.4,1765.01,1772.66,1684.647496
2026-07-06 05:45:00+00:00,1772.44,1776.0,1771.77,1774.06,319.997612
2026-07-06 06:00:00+00:00,1774.25,1775.48,1771.38,1773.46,568.166232
2026-07-06 06:15:00+00:00,1773.45,1774.51,1770.01,1772.58,509.136238
2026-07-06 06:30:00+00:00,1772.58,1774.48,1769.7,1774.33,644.823311
2026-07-06 06:45:00+00:00,1774.33,1774.8,1769.17,1769.51,621.121425
2026-07-06 07:00:00+00:00,1769.5,1771.7,1766.98,1770.74,1798.408444
2026-07-06 07:15:00+00:00,1770.73,1773.57,1769.97,1771.04,1764.612184
2026-07-06 07:30:00+00:00,1771.01,1775.22,1768.85,1775.15,1119.828162
2026-07-06 07:45:00+00:00,1775.15,1775.45,1772.23,1772.39,504.462142
2026-07-06 08:00:00+00:00,1772.39,1778.68,1772.01,1773.27,814.686335
2026-07-06 08:15:00+00:00,1773.28,1773.89,1770.77,1772.12,274.555182
2026-07-06 08:30:00+00:00,1772.11,1772.11,1762.92,1766.45,1105.43101
2026-07-06 08:45:00+00:00,1766.45,1767.78,1765.03,1765.8,341.18076
2026-07-06 09:00:00+00:00,1765.76,1766.27,1763.24,1763.46,316.724249
2026-07-06 09:15:00+00:00,1763.46,1765.74,1760.67,1762.77,913.3352
2026-07-06 09:30:00+00:00,1762.76,1762.77,1756.0,1757.21,1614.006609
2026-07-06 09:45:00+00:00,1757.2,1760.3,1756.0,1758.79,629.837621
2026-07-06 10:00:00+00:00,1758.8,1766.81,1758.08,1766.33,1797.249716
2026-07-06 10:15:00+00:00,1766.33,1768.14,1765.67,1767.19,471.19413
2026-07-06 10:30:00+00:00,1767.19,1774.14,1766.38,1772.91,4058.692915
2026-07-06 10:45:00+00:00,1772.91,1772.91,1769.32,1771.25,3843.998996
2026-07-06 11:00:00+00:00,1771.25,1773.85,1767.86,1768.62,3778.472128
2026-07-06 11:15:00+00:00,1768.64,1772.18,1767.61,1769.32,3302.690882
2026-07-06 11:30:00+00:00,1769.32,1775.56,1768.98,1772.96,1494.287151
2026-07-06 11:45:00+00:00,1772.95,1774.3,1759.47,1759.88,2741.298616
2026-07-06 12:00:00+00:00,1759.57,1760.94,1735.0,1747.81,11761.559236
2026-07-06 12:15:00+00:00,1747.92,1752.7,1745.9,1749.99,6782.423035
2026-07-06 12:30:00+00:00,1750.0,1752.63,1739.32,1740.51,10915.496995
2026-07-06 12:45:00+00:00,1740.44,1746.29,1735.54,1740.78,26304.276004
2026-07-06 13:00:00+00:00,1740.78,1741.88,1731.73,1735.15,54007.200109
2026-07-06 13:15:00+00:00,1735.16,1738.9,1732.01,1735.16,59161.363372
2026-07-06 13:30:00+00:00,1735.17,1745.16,1728.86,1744.65,65604.289745
2026-07-06 13:45:00+00:00,1744.65,1753.5,1742.04,1744.9,72144.901451
2026-07-06 14:00:00+00:00,1744.9,1750.4,1742.67,1747.8,78803.577448
2026-07-06 14:15:00+00:00,1747.8,1763.0,1741.94,1751.77,83139.643822
2026-07-06 14:30:00+00:00,1751.78,1756.25,1749.44,1752.22,83803.381782
2026-07-06 14:45:00+00:00,1752.21,1753.48,1745.47,1751.83,87825.879117
2026-07-06 15:00:00+00:00,1751.84,1767.18,1751.48,1763.27,96009.470238
2026-07-06 15:15:00+00:00,1763.28,1766.96,1758.85,1765.7,93883.566415
2026-07-06 15:30:00+00:00,1765.69,1782.0,1759.58,1777.61,108368.56772
2026-07-06 15:45:00+00:00,1777.61,1789.18,1771.19,1788.56,101421.396334
2026-07-06 16:00:00+00:00,1788.56,1804.46,1782.42,1800.31,13890.805194
2026-07-06 16:15:00+00:00,1800.32,1804.94,1785.62,1787.84,7830.305563
2026-07-06 16:30:00+00:00,1787.84,1797.49,1787.52,1794.94,2584.7682
2026-07-06 16:45:00+00:00,1794.96,1796.65,1790.47,1792.65,737.93323
2026-07-06 17:00:00+00:00,1792.66,1796.84,1789.19,1793.4,1390.586638
2026-07-06 17:15:00+00:00,1793.41,1800.63,1793.41,1795.94,1316.037738
2026-07-06 17:30:00+00:00,1795.95,1797.5,1788.16,1789.3,1834.243609
2026-07-06 17:45:00+00:00,1789.36,1793.34,1787.34,1788.33,1356.050775
2026-07-06 18:00:00+00:00,1788.34,1791.11,1786.45,1789.33,451.741015
2026-07-06 18:15:00+00:00,1789.33,1796.58,1787.49,1792.62,1089.337332
2026-07-06 18:30:00+00:00,1792.62,1796.27,1790.69,1793.99,1673.036597
2026-07-06 18:45:00+00:00,1793.9,1795.73,1792.13,1792.84,539.825554
2026-07-06 19:00:00+00:00,1792.83,1795.67,1791.1,1795.27,722.818533
2026-07-06 19:15:00+00:00,1795.28,1798.99,1793.89,1797.01,1718.289962
2026-07-06 19:30:00+00:00,1797.0,1797.0,1793.05,1796.0,295.22604
2026-07-06 19:45:00+00:00,1796.05,1797.54,1792.01,1792.52,882.010062
2026-07-06 20:00:00+00:00,1792.53,1793.4,1787.18,1788.4,1688.488361
2026-07-06 20:15:00+00:00,1788.68,1791.46,1787.36,1791.42,343.918395
2026-07-06 20:30:00+00:00,1791.42,1796.28,1790.77,1793.12,933.104324
2026-07-06 20:45:00+00:00,1793.08,1796.43,1791.57,1793.07,532.573036
2026-07-06 21:00:00+00:00,1793.07,1834.0,1792.54,1819.28,17055.297251
2026-07-06 21:15:00+00:00,1819.41,1820.71,1813.32,1813.5,4062.95512
2026-07-06 21:30:00+00:00,1813.41,1815.99,1807.41,1814.58,4151.520685
2026-07-06 21:45:00+00:00,1814.4,1819.96,1811.81,1815.26,1464.816776
2026-07-06 22:00:00+00:00,1815.31,1817.0,1812.01,1814.15,412.452231
2026-07-06 22:15:00+00:00,1814.1,1816.66,1809.38,1809.48,638.550143
2026-07-06 22:30:00+00:00,1809.48,1809.98,1806.37,1808.14,680.652082
2026-07-06 22:45:00+00:00,1808.1,1808.65,1804.49,1806.22,15364.877101
2026-07-06 23:00:00+00:00,1806.18,1810.16,1805.26,1808.43,943.354309
2026-07-06 23:15:00+00:00,1808.44,1808.86,1801.65,1803.55,984.575483
2026-07-06 23:30:00+00:00,1803.55,1804.51,1800.24,1800.41,634.801045
2026-07-06 23:45:00+00:00,1800.39,1801.59,1797.35,1799.63,1226.483994
2026-07-07 00:00:00+00:00,1799.57,1801.65,1797.5,1797.94,1404.464404
2026-07-07 00:15:00+00:00,1797.81,1810.18,1795.0,1805.78,2933.381009
2026-07-07 00:30:00+00:00,1805.78,1807.91,1798.29,1801.43,902.90532
2026-07-07 00:45:00+00:00,1801.51,1806.53,1800.46,1803.52,508.991719
2026-07-07 01:00:00+00:00,1803.64,1803.64,1788.15,1795.32,2315.337117
2026-07-07 01:15:00+00:00,1795.5,1796.96,1790.42,1791.9,687.345264
2026-07-07 01:30:00+00:00,1791.54,1795.25,1788.17,1795.07,1858.57316
2026-07-07 01:45:00+00:00,1795.16,1797.76,1792.12,1792.41,561.835127
2026-07-07 02:00:00+00:00,1792.41,1794.5,1790.24,1791.57,823.788848
2026-07-07 02:15:00+00:00,1791.55,1793.13,1779.66,1779.92,2114.316827
2026-07-07 02:30:00+00:00,1779.84,1784.51,1777.15,1784.13,1747.816339
2026-07-07 02:45:00+00:00,1784.14,1784.98,1777.02,1778.41,568.824283
2026-07-07 03:00:00+00:00,1778.49,1781.81,1777.05,1778.65,699.39763
2026-07-07 03:15:00+00:00,1778.7,1779.97,1773.5,1774.25,1499.427461
2026-07-07 03:30:00+00:00,1774.24,1775.87,1769.34,1771.78,852.366177
2026-07-07 03:45:00+00:00,1771.79,1772.13,1769.0,1771.46,830.77357
2026-07-07 04:00:00+00:00,1771.46,1773.8,1768.5,1771.29,607.893747
2026-07-07 04:15:00+00:00,1771.09,1772.51,1769.18,1771.9,479.304844
2026-07-07 04:30:00+00:00,1771.78,1772.21,1765.31,1765.43,882.986817
2026-07-07 04:45:00+00:00,1765.5,1767.58,1762.32,1766.54,1206.523061
2026-07-07 05:00:00+00:00,1766.56,1767.46,1757.62,1758.35,1613.006067
2026-07-07 05:15:00+00:00,1758.46,1763.79,1757.72,1761.55,648.960273
2026-07-07 05:30:00+00:00,1761.65,1770.19,1761.65,1769.3,1019.478954
2026-07-07 05:45:00+00:00,1769.36,1774.0,1768.57,1770.71,903.09324
2026-07-07 06:00:00+00:00,1770.7,1774.33,1764.82,1766.87,1419.402285
2026-07-07 06:15:00+00:00,1766.88,1771.55,1766.88,1770.95,656.663508
2026-07-07 06:30:00+00:00,1770.93,1776.4,1769.89,1775.78,1249.543459
2026-07-07 06:45:00+00:00,1775.77,1782.56,1774.7,1779.08,1717.706433
2026-07-07 07:00:00+00:00,1779.17,1782.56,1778.1,1781.84,555.651478
2026-07-07 07:15:00+00:00,1781.83,1782.0,1777.31,1778.0,466.395979
2026-07-07 07:30:00+00:00,1778.0,1779.06,1770.86,1773.03,1629.324844
2026-07-07 07:45:00+00:00,1773.03,1775.69,1771.03,1771.29,970.15765
2026-07-07 08:00:00+00:00,1771.28,1775.59,1768.53,1772.73,852.925313
2026-07-07 08:15:00+00:00,1772.73,1774.96,1770.21,1772.24,1664.234321
2026-07-07 08:30:00+00:00,1772.36,1772.61,1768.33,1770.81,1054.099488
2026-07-07 08:45:00+00:00,1770.81,1772.4,1769.0,1770.63,708.00079
2026-07-07 09:00:00+00:00,1770.62,1774.56,1768.56,1774.53,570.57556
2026-07-07 09:15:00+00:00,1774.41,1774.73,1771.92,1773.29,511.788154
2026-07-07 09:30:00+00:00,1773.29,1779.56,1772.55,1779.15,1258.246024
2026-07-07 09:45:00+00:00,1779.2,1784.68,1775.39,1778.09,998.682884
2026-07-07 10:00:00+00:00,1778.09,1784.95,1777.9,1780.01,990.750617
2026-07-07 10:15:00+00:00,1780.11,1783.78,1779.2,1779.2,307.353972
2026-07-07 10:30:00+00:00,1779.2,1779.2,1775.2,1776.76,1226.216827
2026-07-07 10:45:00+00:00,1776.75,1777.75,1774.32,1775.94,854.297374
2026-07-07 11:00:00+00:00,1775.96,1775.96,1771.66,1773.17,457.327207
2026-07-07 11:15:00+00:00,1773.31,1779.59,1772.73,1777.2,264.716902
2026-07-07 11:30:00+00:00,1777.09,1780.57,1775.23,1780.57,347.83339
2026-07-07 11:45:00+00:00,1780.58,1785.0,1778.45,1780.85,2195.785485
2026-07-07 12:00:00+00:00,1780.88,1792.57,1780.11,1791.09,2548.908231
2026-07-07 12:15:00+00:00,1791.1,1794.63,1787.86,1791.3,885.905204
2026-07-07 12:30:00+00:00,1791.25,1791.37,1784.13,1785.9,1278.166737
2026-07-07 12:45:00+00:00,1785.89,1785.89,1781.31,1781.97,1013.434802
2026-07-07 13:00:00+00:00,1781.99,1783.38,1774.52,1776.98,1327.938461
2026-07-07 13:15:00+00:00,1776.93,1778.32,1769.69,1771.7,1262.392689
2026-07-07 13:30:00+00:00,1771.72,1775.8,1766.21,1772.4,2661.811829
2026-07-07 13:45:00+00:00,1772.46,1781.8,1766.49,1769.01,3417.45805
2026-07-07 14:00:00+00:00,1769.04,1778.52,1763.2,1767.37,2733.359545
2026-07-07 14:15:00+00:00,1767.48,1772.5,1765.33,1772.32,2571.825495
2026-07-07 14:30:00+00:00,1772.33,1777.5,1760.93,1770.59,3044.246721
2026-07-07 14:45:00+00:00,1770.49,1793.0,1770.41,1789.35,4241.656287
2026-07-07 15:00:00+00:00,1789.35,1791.6,1782.98,1786.18,1707.702017
2026-07-07 15:15:00+00:00,1786.19,1795.65,1785.36,1792.86,1796.754828
2026-07-07 15:30:00+00:00,1793.04,1799.37,1790.72,1795.39,2258.782671
2026-07-07 15:45:00+00:00,1795.28,1803.03,1795.28,1797.56,2881.222217
2026-07-07 16:00:00+00:00,1797.56,1800.38,1793.09,1795.23,1510.409595
2026-07-07 16:15:00+00:00,1795.15,1804.85,1792.46,1802.42,1485.504953
2026-07-07 16:30:00+00:00,1802.36,1806.65,1798.87,1805.24,923.304748
2026-07-07 16:45:00+00:00,1805.24,1813.2,1801.25,1802.26,3317.13409
2026-07-07 17:00:00+00:00,1802.34,1807.62,1800.57,1804.68,2035.816541
2026-07-07 17:15:00+00:00,1804.68,1806.39,1798.45,1806.29,1129.121635
2026-07-07 17:30:00+00:00,1806.29,1808.4,1803.68,1808.4,882.844398
2026-07-07 17:45:00+00:00,1808.4,1810.57,1805.0,1810.4,994.658829
2026-07-07 18:00:00+00:00,1810.29,1810.44,1802.46,1803.93,735.280294
2026-07-07 18:15:00+00:00,1803.93,1807.0,1800.2,1800.62,949.244188
2026-07-07 18:30:00+00:00,1800.62,1804.63,1798.81,1804.63,767.824411
2026-07-07 18:45:00+00:00,1804.63,1805.0,1785.54,1786.41,3539.534382
2026-07-07 19:00:00+00:00,1786.34,1789.29,1778.25,1779.77,2839.14153
2026-07-07 19:15:00+00:00,1779.77,1785.07,1773.58,1783.34,2097.759944
2026-07-07 19:30:00+00:00,1783.35,1791.51,1783.28,1789.82,1187.661868
2026-07-07 19:45:00+00:00,1789.66,1792.44,1788.68,1790.58,825.118618
2026-07-07 20:00:00+00:00,1790.71,1793.27,1785.64,1789.35,925.135262
2026-07-07 20:15:00+00:00,1789.34,1789.99,1785.62,1787.64,407.241881
2026-07-07 20:30:00+00:00,1787.64,1788.0,1783.74,1783.94,592.601161
2026-07-07 20:45:00+00:00,1783.95,1784.26,1781.57,1784.24,434.968262
2026-07-07 21:00:00+00:00,1784.24,1789.54,1784.23,1786.44,878.550981
2026-07-07 21:15:00+00:00,1786.44,1786.44,1775.23,1778.58,1992.632482
2026-07-07 21:30:00+00:00,1778.57,1778.57,1771.13,1775.46,1685.475305
2026-07-07 21:45:00+00:00,1775.4,1778.41,1771.9,1773.72,1034.908164
2026-07-07 22:00:00+00:00,1773.62,1777.51,1765.58,1775.32,2075.846102
2026-07-07 22:15:00+00:00,1775.51,1777.45,1770.45,1772.78,858.002217
2026-07-07 22:30:00+00:00,1772.59,1778.57,1771.68,1777.33,910.299079
2026-07-07 22:45:00+00:00,1777.27,1777.68,1774.91,1775.52,574.785943
2026-07-07 23:00:00+00:00,1775.51,1780.2,1774.62,1778.64,1361.961534
2026-07-07 23:15:00+00:00,1778.64,1781.24,1777.87,1779.95,427.832746
2026-07-07 23:30:00+00:00,1779.85,1781.09,1772.48,1772.49,269.57452
2026-07-07 23:45:00+00:00,1772.48,1773.43,1768.36,1771.44,865.79257
2026-07-08 00:00:00+00:00,1771.47,1775.66,1769.96,1774.74,342.036002
2026-07-08 00:15:00+00:00,1774.92,1782.07,1772.0,1779.86,973.504871
2026-07-08 00:30:00+00:00,1779.86,1785.58,1777.35,1783.14,462.661305
2026-07-08 00:45:00+00:00,1782.94,1783.82,1779.07,1780.4,3067.662549
2026-07-08 01:00:00+00:00,1780.42,1780.92,1775.68,1779.72,400.9784
2026-07-08 01:15:00+00:00,1779.61,1779.61,1772.92,1772.92,470.955502
2026-07-08 01:30:00+00:00,1772.91,1773.58,1750.06,1759.33,5196.197243
2026-07-08 01:45:00+00:00,1759.29,1762.5,1752.5,1755.92,1617.377704
2026-07-08 02:00:00+00:00,1755.9,1757.2,1750.05,1751.41,1365.67355
2026-07-08 02:15:00+00:00,1751.42,1755.81,1748.85,1752.13,2136.46623
2026-07-08 02:30:00+00:00,1752.12,1755.72,1741.74,1755.48,2788.339122
2026-07-08 02:45:00+00:00,1755.49,1760.0,1754.61,1757.87,1166.754093
2026-07-08 03:00:00+00:00,1757.88,1763.47,1757.88,1762.31,1394.61929
2026-07-08 03:15:00+00:00,1762.31,1763.94,1760.45,1763.5,531.439845
2026-07-08 03:30:00+00:00,1763.49,1763.49,1756.53,1757.85,464.557492
2026-07-08 03:45:00+00:00,1757.69,1757.69,1749.17,1751.78,1372.639236
2026-07-08 04:00:00+00:00,1751.81,1755.97,1749.24,1753.86,518.637393
2026-07-08 04:15:00+00:00,1753.87,1758.05,1753.87,1757.14,381.036666
2026-07-08 04:30:00+00:00,1757.19,1757.98,1751.5,1754.04,707.658098
2026-07-08 04:45:00+00:00,1754.04,1756.74,1751.92,1756.3,513.92173
2026-07-08 05:00:00+00:00,1756.31,1759.57,1755.21,1756.52,691.542784
2026-07-08 05:15:00+00:00,1756.53,1757.99,1754.23,1755.74,569.694292
2026-07-08 05:30:00+00:00,1755.59,1756.07,1751.48,1752.35,669.493409
2026-07-08 05:45:00+00:00,1752.34,1755.33,1750.47,1754.26,756.282305
2026-07-08 06:00:00+00:00,1754.2,1754.47,1750.44,1752.27,548.769415
2026-07-08 06:15:00+00:00,1752.27,1754.38,1748.33,1751.59,803.471152
2026-07-08 06:30:00+00:00,1751.62,1752.33,1746.31,1747.91,687.270203
2026-07-08 06:45:00+00:00,1747.9,1755.32,1747.13,1751.75,894.734072
2026-07-08 07:00:00+00:00,1751.76,1752.39,1745.0,1751.11,1240.224104
2026-07-08 07:15:00+00:00,1751.11,1753.5,1747.81,1753.15,1307.963658
2026-07-08 07:30:00+00:00,1753.15,1757.0,1752.5,1755.04,2847.49221
2026-07-08 07:45:00+00:00,1755.14,1757.49,1754.51,1756.8,932.083549
2026-07-08 08:00:00+00:00,1756.81,1758.75,1754.68,1757.38,2007.604542
2026-07-08 08:15:00+00:00,1757.39,1758.06,1731.22,1731.41,5953.122491
2026-07-08 08:30:00+00:00,1731.24,1736.92,1725.0,1733.67,4127.142643
2026-07-08 08:45:00+00:00,1733.52,1743.35,1733.16,1735.45,2697.017405
2026-07-08 09:00:00+00:00,1735.47,1737.93,1732.48,1733.5,1070.160465
2026-07-08 09:15:00+00:00,1733.35,1735.51,1730.31,1734.97,1301.326814
2026-07-08 09:30:00+00:00,1735.1,1740.8,1734.86,1740.72,1356.801547
2026-07-08 09:45:00+00:00,1740.6,1740.73,1735.73,1736.3,861.78347
2026-07-08 10:00:00+00:00,1736.39,1738.27,1732.66,1735.97,743.810322
2026-07-08 10:15:00+00:00,1735.98,1740.99,1735.03,1739.98,1145.833413
2026-07-08 10:30:00+00:00,1739.87,1742.45,1738.44,1740.72,895.816095
2026-07-08 10:45:00+00:00,1740.72,1740.8,1738.07,1739.47,1041.842225
2026-07-08 11:00:00+00:00,1739.48,1740.56,1735.72,1737.7,414.073272
2026-07-08 11:15:00+00:00,1737.82,1740.54,1736.9,1738.66,1286.662827
2026-07-08 11:30:00+00:00,1738.67,1748.0,1736.12,1746.33,5203.690128
2026-07-08 11:45:00+00:00,1746.11,1751.56,1744.02,1748.09,3263.836852
2026-07-08 12:00:00+00:00,1748.0,1751.38,1745.13,1747.64,3278.320807
2026-07-08 12:15:00+00:00,1747.64,1749.62,1745.9,1747.42,3997.489569
2026-07-08 12:30:00+00:00,1747.41,1748.35,1743.39,1744.23,3946.894656
2026-07-08 12:45:00+00:00,1744.23,1747.01,1737.96,1738.51,5402.964559
2026-07-08 13:00:00+00:00,1738.52,1743.09,1737.13,1740.0,6729.609276
2026-07-08 13:15:00+00:00,1740.0,1741.45,1733.5,1736.79,11273.739115
2026-07-08 13:30:00+00:00,1736.63,1744.42,1736.63,1739.24,14295.789237
2026-07-08 13:45:00+00:00,1739.35,1740.0,1731.21,1737.83,11148.59423
2026-07-08 14:00:00+00:00,1737.61,1740.61,1735.12,1735.59,10025.58891
2026-07-08 14:15:00+00:00,1735.59,1741.07,1726.2,1732.82,14276.314891
2026-07-08 14:30:00+00:00,1732.81,1734.12,1728.2,1729.77,13733.270782
2026-07-08 14:45:00+00:00,1729.77,1733.46,1722.64,1729.78,12492.70057
2026-07-08 15:00:00+00:00,1729.78,1730.73,1716.11,1717.8,16836.180682
2026-07-08 15:15:00+00:00,1717.8,1720.58,1713.46,1717.42,16228.569528
2026-07-08 15:30:00+00:00,1717.41,1723.71,1716.24,1719.67,13965.093344
2026-07-08 15:45:00+00:00,1719.67,1724.02,1718.1,1722.85,16751.114345
2026-07-08 16:00:00+00:00,1722.85,1728.97,1722.75,1726.82,1553.385768
2026-07-08 16:15:00+00:00,1726.87,1733.57,1725.11,1731.3,1305.431801
2026-07-08 16:30:00+00:00,1731.29,1737.34,1726.74,1735.74,1834.139144
2026-07-08 16:45:00+00:00,1735.89,1738.33,1733.19,1736.4,774.511516
2026-07-08 17:00:00+00:00,1736.57,1738.29,1733.01,1734.09,819.201049
2026-07-08 17:15:00+00:00,1734.09,1743.25,1733.93,1743.05,1069.971816
2026-07-08 17:30:00+00:00,1743.06,1746.65,1740.77,1740.91,1154.188802
2026-07-08 17:45:00+00:00,1741.0,1741.21,1731.0,1733.22,1516.785534
2026-07-08 18:00:00+00:00,1733.02,1740.47,1732.04,1740.01,916.389397
2026-07-08 18:15:00+00:00,1740.09,1740.45,1735.61,1736.84,714.227859
2026-07-08 18:30:00+00:00,1736.8,1736.8,1729.9,1732.39,624.096675
2026-07-08 18:45:00+00:00,1732.4,1741.07,1731.72,1737.32,808.200116
2026-07-08 19:00:00+00:00,1737.32,1740.37,1733.87,1734.21,335.272124
2026-07-08 19:15:00+00:00,1734.21,1738.93,1733.63,1738.22,212.382511
2026-07-08 19:30:00+00:00,1738.29,1740.51,1737.72,1740.51,251.845281
2026-07-08 19:45:00+00:00,1740.5,1741.57,1734.26,1741.14,988.736807
2026-07-08 20:00:00+00:00,1741.06,1741.57,1735.58,1738.05,562.673919
2026-07-08 20:15:00+00:00,1738.01,1739.79,1734.53,1739.29,1120.247776
2026-07-08 20:30:00+00:00,1739.25,1739.52,1734.8,1737.75,374.50059
2026-07-08 20:45:00+00:00,1737.63,1738.8,1735.58,1736.6,270.761546
2026-07-08 21:00:00+00:00,1736.6,1737.62,1731.5,1732.88,804.862202
2026-07-08 21:15:00+00:00,1733.0,1735.36,1731.81,1735.25,321.183116
2026-07-08 21:30:00+00:00,1735.26,1737.32,1733.64,1735.06,369.104943
2026-07-08 21:45:00+00:00,1735.1,1739.99,1734.8,1738.07,271.786634
2026-07-08 22:00:00+00:00,1738.07,1743.91,1737.86,1738.26,573.608161
2026-07-08 22:15:00+00:00,1738.26,1740.38,1736.73,1739.67,104.302612
2026-07-08 22:30:00+00:00,1739.67,1740.9,1737.98,1740.21,327.263861
2026-07-08 22:45:00+00:00,1740.2,1741.73,1739.24,1741.35,2707.25226
2026-07-08 23:00:00+00:00,1741.26,1744.11,1740.1,1742.04,262.777214
2026-07-08 23:15:00+00:00,1742.05,1742.59,1740.0,1740.65,853.260527
2026-07-08 23:30:00+00:00,1740.77,1742.99,1738.93,1742.22,3519.972975
2026-07-08 23:45:00+00:00,1742.14,1745.26,1740.55,1743.5,462.088035
2026-07-09 00:00:00+00:00,1743.49,1744.53,1740.13,1743.1,417.224426
2026-07-09 00:15:00+00:00,1743.0,1743.41,1738.82,1741.78,422.673237
2026-07-09 00:30:00+00:00,1741.78,1744.71,1737.73,1740.22,503.7241
2026-07-09 00:45:00+00:00,1740.18,1741.94,1736.96,1738.3,328.029705
2026-07-09 01:00:00+00:00,1738.29,1757.08,1737.5,1747.97,3106.760139
2026-07-09 01:15:00+00:00,1748.05,1752.22,1744.99,1746.91,1142.524266
2026-07-09 01:30:00+00:00,1746.8,1747.49,1734.25,1736.68,1309.492588
2026-07-09 01:45:00+00:00,1736.75,1736.87,1730.33,1731.84,1596.439867
2026-07-09 02:00:00+00:00,1731.77,1739.39,1728.51,1738.0,863.045255
2026-07-09 02:15:00+00:00,1737.99,1738.89,1733.88,1735.18,410.91828
2026-07-09 02:30:00+00:00,1735.13,1735.49,1726.52,1726.52,542.495109
2026-07-09 02:45:00+00:00,1726.58,1728.82,1723.48,1727.26,1079.97099
2026-07-09 03:00:00+00:00,1727.26,1728.25,1723.57,1727.95,783.749911
2026-07-09 03:15:00+00:00,1728.0,1730.16,1721.67,1729.29,800.000568
2026-07-09 03:30:00+00:00,1729.39,1734.48,1727.49,1730.67,719.018406
2026-07-09 03:45:00+00:00,1730.65,1731.3,1728.47,1730.58,257.197469
2026-07-09 04:00:00+00:00,1730.58,1733.61,1730.28,1731.15,293.952017
2026-07-09 04:15:00+00:00,1731.15,1734.36,1730.77,1733.65,190.369276
2026-07-09 04:30:00+00:00,1733.68,1741.3,1733.54,1740.21,1147.963858
2026-07-09 04:45:00+00:00,1740.3,1743.72,1737.68,1742.42,1740.490684
2026-07-09 05:00:00+00:00,1742.4,1748.56,1739.4,1744.45,1585.583026
2026-07-09 05:15:00+00:00,1744.53,1745.6,1738.31,1739.47,871.122276
2026-07-09 05:30:00+00:00,1739.48,1743.37,1737.6,1742.76,546.260828
2026-07-09 05:45:00+00:00,1742.7,1749.51,1741.98,1749.4,851.322471
2026-07-09 06:00:00+00:00,1749.39,1753.88,1746.0,1747.65,1855.461139
2026-07-09 06:15:00+00:00,1747.55,1755.66,1746.05,1752.89,1282.524451
2026-07-09 06:30:00+00:00,1752.93,1755.36,1751.39,1755.22,688.796644
2026-07-09 06:45:00+00:00,1755.11,1755.57,1752.8,1755.31,509.582
2026-07-09 07:00:00+00:00,1755.17,1762.66,1751.96,1753.91,1637.998221
2026-07-09 07:15:00+00:00,1753.91,1757.1,1750.57,1752.56,975.102244
2026-07-09 07:30:00+00:00,1752.45,1756.0,1751.0,1756.0,654.967512
2026-07-09 07:45:00+00:00,1755.99,1761.84,1752.38,1753.29,1323.316798
2026-07-09 08:00:00+00:00,1753.3,1754.89,1750.8,1754.36,645.379984
2026-07-09 08:15:00+00:00,1754.35,1758.26,1753.77,1758.17,326.026547
2026-07-09 08:30:00+00:00,1758.19,1758.74,1756.48,1757.91,410.763487
2026-07-09 08:45:00+00:00,1757.91,1758.05,1752.76,1754.3,319.670667
2026-07-09 09:00:00+00:00,1754.31,1754.88,1751.44,1752.54,313.587756
2026-07-09 09:15:00+00:00,1752.48,1754.41,1751.32,1753.58,461.484723
2026-07-09 09:30:00+00:00,1753.59,1755.4,1749.58,1750.0,571.888028
2026-07-09 09:45:00+00:00,1750.12,1756.41,1749.4,1755.7,253.905863
2026-07-09 10:00:00+00:00,1755.7,1757.43,1754.62,1755.59,413.862533
2026-07-09 10:15:00+00:00,1755.53,1756.71,1752.18,1752.68,349.305151
2026-07-09 10:30:00+00:00,1752.69,1754.52,1751.82,1752.68,407.015219
2026-07-09 10:45:00+00:00,1752.67,1752.67,1744.04,1746.27,1136.651129
2026-07-09 11:00:00+00:00,1746.31,1748.38,1745.5,1748.31,627.857359
2026-07-09 11:15:00+00:00,1748.36,1748.36,1741.38,1742.62,828.454669
2026-07-09 11:30:00+00:00,1742.59,1744.29,1741.38,1742.3,380.354505
2026-07-09 11:45:00+00:00,1742.37,1745.44,1741.33,1744.07,563.888598
2026-07-09 12:00:00+00:00,1744.15,1745.49,1739.3,1740.85,731.909084
2026-07-09 12:15:00+00:00,1740.81,1743.65,1739.08,1741.12,5506.600716
2026-07-09 12:30:00+00:00,1741.19,1747.4,1737.48,1738.45,1875.26403
2026-07-09 12:45:00+00:00,1738.73,1743.36,1735.06,1741.77,1993.318317
2026-07-09 13:00:00+00:00,1741.78,1750.52,1741.65,1748.97,853.974477
2026-07-09 13:15:00+00:00,1748.96,1749.08,1742.46,1743.77,443.663926
2026-07-09 13:30:00+00:00,1743.78,1745.91,1736.0,1745.91,1888.929815
2026-07-09 13:45:00+00:00,1745.92,1752.19,1740.39,1747.06,1049.855949
2026-07-09 14:00:00+00:00,1747.12,1749.96,1740.94,1742.42,561.94093
2026-07-09 14:15:00+00:00,1742.36,1742.36,1733.33,1740.4,2816.836843
2026-07-09 14:30:00+00:00,1740.4,1744.19,1736.26,1741.06,928.521431
2026-07-09 14:45:00+00:00,1741.0,1744.13,1736.66,1743.18,757.074764
2026-07-09 15:00:00+00:00,1743.19,1747.75,1740.0,1745.42,1116.340018
2026-07-09 15:15:00+00:00,1745.36,1749.39,1741.53,1742.67,1574.834648
2026-07-09 15:30:00+00:00,1742.68,1745.44,1738.68,1741.32,548.032382
2026-07-09 15:45:00+00:00,1741.21,1742.91,1737.35,1739.48,331.089049
2026-07-09 16:00:00+00:00,1739.49,1743.99,1737.45,1738.76,504.289435
2026-07-09 16:15:00+00:00,1738.75,1739.54,1732.01,1736.25,907.407141
2026-07-09 16:30:00+00:00,1736.25,1740.43,1735.12,1738.68,632.805338
2026-07-09 16:45:00+00:00,1738.67,1739.52,1735.16,1739.1,531.050464
2026-07-09 17:00:00+00:00,1739.1,1742.21,1738.42,1739.57,295.106392
2026-07-09 17:15:00+00:00,1739.57,1744.55,1739.57,1742.85,357.857875
2026-07-09 17:30:00+00:00,1742.9,1752.49,1740.43,1749.68,2128.5602
2026-07-09 17:45:00+00:00,1749.68,1750.64,1746.5,1748.53,678.646837
2026-07-09 18:00:00+00:00,1748.52,1757.77,1747.44,1756.51,1267.986538
2026-07-09 18:15:00+00:00,1756.46,1759.68,1751.44,1754.78,1511.953192
2026-07-09 18:30:00+00:00,1754.73,1754.9,1751.88,1754.16,866.044232
2026-07-09 18:45:00+00:00,1754.17,1754.82,1749.5,1751.44,437.781271
2026-07-09 19:00:00+00:00,1751.5,1751.99,1748.61,1749.04,243.944024
2026-07-09 19:15:00+00:00,1749.11,1750.32,1747.13,1749.7,525.474244
2026-07-09 19:30:00+00:00,1749.7,1753.11,1748.66,1752.15,216.169375
2026-07-09 19:45:00+00:00,1752.17,1752.57,1747.55,1748.61,367.103631
2026-07-09 20:00:00+00:00,1748.6,1749.64,1745.94,1746.42,825.507364
2026-07-09 20:15:00+00:00,1746.43,1749.21,1745.13,1747.76,1154.368438
2026-07-09 20:30:00+00:00,1747.89,1750.52,1746.93,1750.03,318.68875
2026-07-09 20:45:00+00:00,1749.95,1750.22,1747.5,1748.81,161.505184
2026-07-09 21:00:00+00:00,1748.82,1751.06,1746.58,1748.23,411.632887
2026-07-09 21:15:00+00:00,1748.27,1749.75,1745.87,1746.48,163.356085
2026-07-09 21:30:00+00:00,1746.46,1747.44,1745.03,1746.14,281.719413
2026-07-09 21:45:00+00:00,1746.13,1748.84,1745.05,1748.21,302.832455
2026-07-09 22:00:00+00:00,1748.21,1750.95,1746.99,1748.17,365.812883
2026-07-09 22:15:00+00:00,1748.13,1751.18,1748.0,1749.28,166.936135
2026-07-09 22:30:00+00:00,1749.27,1751.11,1746.26,1750.09,445.406419
2026-07-09 22:45:00+00:00,1750.15,1751.01,1747.23,1747.45,282.40505
2026-07-09 23:00:00+00:00,1747.45,1749.35,1746.24,1746.34,215.850856
2026-07-09 23:15:00+00:00,1746.26,1748.66,1741.38,1746.37,819.734106
2026-07-09 23:30:00+00:00,1746.36,1747.36,1744.11,1747.1,244.489164
2026-07-09 23:45:00+00:00,1747.13,1747.8,1745.07,1745.2,164.371576
2026-07-10 00:00:00+00:00,1745.24,1745.56,1741.41,1745.19,368.536198
2026-07-10 00:15:00+00:00,1745.11,1746.56,1739.86,1741.99,995.110081
2026-07-10 00:30:00+00:00,1742.02,1743.97,1737.38,1740.82,1018.691214
2026-07-10 00:45:00+00:00,1740.87,1742.99,1738.01,1742.99,979.506501
2026-07-10 01:00:00+00:00,1743.0,1744.35,1738.06,1742.77,646.26779
2026-07-10 01:15:00+00:00,1742.73,1751.86,1742.51,1750.58,1339.415149
2026-07-10 01:30:00+00:00,1750.52,1752.97,1747.26,1749.42,969.910246
2026-07-10 01:45:00+00:00,1749.47,1777.57,1749.28,1767.79,10092.98252
2026-07-10 02:00:00+00:00,1767.79,1770.45,1764.67,1768.68,2549.69828
2026-07-10 02:15:00+00:00,1768.68,1770.49,1765.45,1766.55,989.868545
2026-07-10 02:30:00+00:00,1766.54,1770.21,1765.82,1769.18,1500.073548
2026-07-10 02:45:00+00:00,1769.07,1775.0,1767.46,1772.81,1639.692343
2026-07-10 03:00:00+00:00,1772.9,1773.57,1769.67,1772.29,878.716617
2026-07-10 03:15:00+00:00,1772.29,1773.05,1770.23,1770.52,451.357476
2026-07-10 03:30:00+00:00,1770.54,1776.18,1769.08,1775.94,848.959861
2026-07-10 03:45:00+00:00,1775.91,1779.9,1774.63,1776.31,1896.004413
2026-07-10 04:00:00+00:00,1776.32,1779.66,1775.83,1779.43,959.795541
2026-07-10 04:15:00+00:00,1779.43,1780.25,1773.71,1773.96,955.521405
2026-07-10 04:30:00+00:00,1773.97,1777.68,1771.77,1775.95,982.613572
2026-07-10 04:45:00+00:00,1775.83,1777.93,1773.99,1774.8,495.792616
2026-07-10 05:00:00+00:00,1774.82,1775.21,1772.57,1772.79,1875.510352
2026-07-10 05:15:00+00:00,1772.78,1774.91,1772.65,1773.83,309.127038
2026-07-10 05:30:00+00:00,1773.85,1779.74,1773.2,1779.25,1320.046291
2026-07-10 05:45:00+00:00,1779.25,1779.95,1777.53,1779.1,758.152443
2026-07-10 06:00:00+00:00,1779.11,1779.95,1776.53,1777.99,457.530158
2026-07-10 06:15:00+00:00,1777.99,1777.99,1769.31,1770.53,1587.642421
2026-07-10 06:30:00+00:00,1770.52,1773.67,1770.24,1773.05,579.10551
2026-07-10 06:45:00+00:00,1773.06,1774.19,1770.49,1771.2,669.402237
2026-07-10 07:00:00+00:00,1771.21,1774.05,1768.71,1774.05,654.629988
2026-07-10 07:15:00+00:00,1773.92,1777.54,1772.44,1776.05,637.905108
2026-07-10 07:30:00+00:00,1776.06,1776.06,1772.22,1772.25,826.594665
2026-07-10 07:45:00+00:00,1772.25,1773.6,1771.53,1773.23,1061.071571
2026-07-10 08:00:00+00:00,1773.31,1776.2,1772.6,1776.2,673.294325
2026-07-10 08:15:00+00:00,1776.2,1789.25,1776.2,1786.02,3438.809677
2026-07-10 08:30:00+00:00,1786.02,1789.66,1784.68,1785.59,1604.328937
2026-07-10 08:45:00+00:00,1785.59,1785.85,1783.27,1783.98,707.692264
2026-07-10 09:00:00+00:00,1783.9,1785.94,1781.17,1783.25,854.917283
2026-07-10 09:15:00+00:00,1783.34,1788.57,1782.99,1788.57,760.404174
2026-07-10 09:30:00+00:00,1788.56,1794.44,1788.38,1793.08,2827.94264
2026-07-10 09:45:00+00:00,1793.08,1795.0,1791.31,1792.61,1014.614101
2026-07-10 10:00:00+00:00,1792.61,1794.29,1789.45,1790.39,1035.629436
2026-07-10 10:15:00+00:00,1790.38,1803.0,1790.38,1800.28,3594.22627
2026-07-10 10:30:00+00:00,1800.41,1802.49,1796.14,1799.78,1196.043363
2026-07-10 10:45:00+00:00,1799.83,1799.99,1796.95,1796.97,772.90025
2026-07-10 11:00:00+00:00,1796.97,1799.87,1796.86,1799.87,512.024805
2026-07-10 11:15:00+00:00,1799.87,1801.98,1796.14,1797.31,759.58598
2026-07-10 11:30:00+00:00,1797.3,1797.84,1794.38,1797.54,991.485087
2026-07-10 11:45:00+00:00,1797.54,1802.49,1797.12,1801.41,1912.96361
2026-07-10 12:00:00+00:00,1801.41,1807.73,1798.33,1804.74,2795.804382
2026-07-10 12:15:00+00:00,1804.71,1805.07,1800.01,1801.03,1018.74713
2026-07-10 12:30:00+00:00,1800.87,1801.1,1794.33,1794.51,1677.787518
2026-07-10 12:45:00+00:00,1794.52,1795.85,1792.76,1793.96,851.988806
2026-07-10 13:00:00+00:00,1793.97,1797.05,1793.7,1794.43,896.344269
2026-07-10 13:15:00+00:00,1794.53,1798.88,1794.24,1795.68,846.196119
2026-07-10 13:30:00+00:00,1795.71,1803.85,1794.94,1801.51,1576.984758
2026-07-10 13:45:00+00:00,1801.66,1813.0,1801.31,1803.9,2671.632494
2026-07-10 14:00:00+00:00,1803.84,1804.68,1792.31,1793.32,1616.063996
2026-07-10 14:15:00+00:00,1793.47,1794.31,1779.46,1788.89,3609.622871
2026-07-10 14:30:00+00:00,1789.01,1794.57,1775.4,1787.84,5251.840604
2026-07-10 14:45:00+00:00,1787.89,1789.29,1784.06,1785.03,1335.334788
2026-07-10 15:00:00+00:00,1785.04,1791.15,1783.88,1788.12,1793.376354
2026-07-10 15:15:00+00:00,1788.11,1796.88,1788.11,1793.91,2997.502447
2026-07-10 15:30:00+00:00,1793.91,1794.75,1786.36,1788.02,1358.465681
2026-07-10 15:45:00+00:00,1788.06,1791.26,1787.1,1791.2,909.925825
2026-07-10 16:00:00+00:00,1791.2,1793.99,1788.06,1793.39,928.847618
2026-07-10 16:15:00+00:00,1793.38,1796.27,1789.85,1791.29,573.024143
2026-07-10 16:30:00+00:00,1791.26,1793.22,1785.8,1790.18,1020.616605
2026-07-10 16:45:00+00:00,1790.19,1799.56,1789.24,1797.46,1032.223931
2026-07-10 17:00:00+00:00,1797.47,1799.25,1791.74,1792.0,842.213609
2026-07-10 17:15:00+00:00,1792.0,1795.04,1789.39,1793.61,984.153607
2026-07-10 17:30:00+00:00,1793.31,1793.31,1788.39,1789.33,873.298711
2026-07-10 17:45:00+00:00,1789.29,1791.57,1788.2,1788.21,688.399845
2026-07-10 18:00:00+00:00,1788.36,1793.85,1788.28,1789.32,727.51567
2026-07-10 18:15:00+00:00,1789.29,1792.71,1787.4,1790.1,533.606257
2026-07-10 18:30:00+00:00,1790.09,1790.32,1787.65,1788.61,388.456064
2026-07-10 18:45:00+00:00,1788.65,1788.75,1780.94,1785.02,1876.705425
2026-07-10 19:00:00+00:00,1784.94,1788.33,1784.04,1787.8,222.145026
2026-07-10 19:15:00+00:00,1787.81,1789.53,1785.18,1788.08,414.071828
2026-07-10 19:30:00+00:00,1788.08,1797.34,1788.0,1795.92,2155.438732
2026-07-10 19:45:00+00:00,1795.91,1796.42,1792.08,1792.67,591.96937
2026-07-10 20:00:00+00:00,1792.59,1793.03,1790.4,1792.89,330.003552
2026-07-10 20:15:00+00:00,1792.88,1794.52,1789.49,1791.45,959.357496
2026-07-10 20:30:00+00:00,1791.4,1794.46,1791.07,1792.01,243.488685
2026-07-10 20:45:00+00:00,1792.0,1794.1,1790.02,1790.07,368.495096
2026-07-10 21:00:00+00:00,1790.07,1793.19,1789.57,1792.25,505.786134
2026-07-10 21:15:00+00:00,1792.26,1794.12,1791.36,1793.45,143.676047
2026-07-10 21:30:00+00:00,1793.46,1797.22,1793.46,1795.67,253.561493
2026-07-10 21:45:00+00:00,1795.69,1795.71,1793.99,1794.52,341.75174
2026-07-10 22:00:00+00:00,1794.52,1796.64,1793.85,1795.79,457.0549
2026-07-10 22:15:00+00:00,1795.79,1796.68,1792.99,1795.21,252.621809
2026-07-10 22:30:00+00:00,1795.08,1796.11,1793.52,1793.78,117.948801
2026-07-10 22:45:00+00:00,1793.8,1796.96,1793.43,1795.26,312.597918
2026-07-10 23:00:00+00:00,1795.26,1796.54,1792.43,1796.32,436.940365
2026-07-10 23:15:00+00:00,1796.27,1798.22,1795.0,1796.21,354.691171
2026-07-10 23:30:00+00:00,1796.14,1797.03,1795.44,1796.26,258.942035
2026-07-10 23:45:00+00:00,1796.28,1797.65,1795.6,1796.9,411.266864
2026-07-11 00:00:00+00:00,1796.93,1797.22,1793.12,1793.67,499.022015
2026-07-11 00:15:00+00:00,1793.82,1795.05,1790.44,1793.79,647.962414
2026-07-11 00:30:00+00:00,1793.78,1794.27,1789.64,1793.77,515.877464
2026-07-11 00:45:00+00:00,1793.73,1793.73,1791.43,1793.19,281.965053
2026-07-11 01:00:00+00:00,1793.22,1795.15,1791.91,1793.71,302.993074
2026-07-11 01:15:00+00:00,1793.7,1799.3,1793.7,1795.82,344.748098
2026-07-11 01:30:00+00:00,1795.82,1797.53,1789.15,1789.28,977.726526
2026-07-11 01:45:00+00:00,1789.37,1793.77,1788.53,1789.07,374.023732
2026-07-11 02:00:00+00:00,1789.08,1791.73,1786.78,1790.08,616.320164
2026-07-11 02:15:00+00:00,1790.09,1792.28,1790.08,1791.77,154.836053
2026-07-11 02:30:00+00:00,1791.77,1795.6,1791.23,1794.79,422.768368
2026-07-11 02:45:00+00:00,1794.73,1796.0,1794.29,1795.5,399.237816
2026-07-11 03:00:00+00:00,1795.5,1797.47,1794.72,1796.95,572.619838
2026-07-11 03:15:00+00:00,1796.95,1797.28,1792.62,1795.13,756.25377
2026-07-11 03:30:00+00:00,1795.13,1798.24,1794.52,1796.93,269.690414
2026-07-11 03:45:00+00:00,1796.92,1798.22,1796.35,1796.61,365.828876
2026-07-11 04:00:00+00:00,1796.61,1797.04,1795.66,1797.0,181.028839
2026-07-11 04:15:00+00:00,1796.92,1798.31,1795.7,1796.63,195.441147
2026-07-11 04:30:00+00:00,1796.66,1800.67,1796.66,1797.68,464.128467
2026-07-11 04:45:00+00:00,1797.68,1798.35,1795.84,1796.52,303.555843
2026-07-11 05:00:00+00:00,1796.53,1798.21,1794.96,1797.9,398.544693
2026-07-11 05:15:00+00:00,1797.93,1800.25,1797.13,1799.32,216.122357
2026-07-11 05:30:00+00:00,1799.31,1802.44,1797.82,1798.31,424.65599
2026-07-11 05:45:00+00:00,1798.31,1799.89,1797.62,1799.38,151.270382
2026-07-11 06:00:00+00:00,1799.38,1799.38,1794.75,1798.29,470.95368
2026-07-11 06:15:00+00:00,1798.29,1803.6,1798.29,1800.11,747.457909
2026-07-11 06:30:00+00:00,1800.12,1802.65,1800.11,1800.11,213.276445
2026-07-11 06:45:00+00:00,1800.11,1800.92,1798.55,1799.31,196.776427
2026-07-11 07:00:00+00:00,1799.3,1800.32,1798.11,1800.07,380.666033
2026-07-11 07:15:00+00:00,1800.07,1801.83,1799.35,1800.92,242.676805
2026-07-11 07:30:00+00:00,1800.92,1801.8,1799.88,1800.44,270.705924
2026-07-11 07:45:00+00:00,1800.45,1800.45,1799.34,1799.75,147.122551
2026-07-11 08:00:00+00:00,1799.75,1802.06,1799.38,1801.58,310.846677
2026-07-11 08:15:00+00:00,1801.58,1801.91,1800.68,1801.27,403.754868
2026-07-11 08:30:00+00:00,1801.27,1803.49,1800.84,1802.43,365.3482
2026-07-11 08:45:00+00:00,1802.42,1802.73,1800.33,1801.51,976.787153
2026-07-11 09:00:00+00:00,1801.5,1802.75,1798.59,1798.59,409.730923
2026-07-11 09:15:00+00:00,1798.59,1799.84,1798.13,1799.72,639.642889
2026-07-11 09:30:00+00:00,1799.72,1800.7,1797.27,1799.22,270.576111
2026-07-11 09:45:00+00:00,1799.08,1799.18,1795.16,1795.57,793.750858
2026-07-11 10:00:00+00:00,1795.53,1797.54,1795.12,1797.43,519.367633
2026-07-11 10:15:00+00:00,1797.42,1798.81,1795.51,1798.81,420.770141
2026-07-11 10:30:00+00:00,1798.81,1799.02,1796.9,1797.74,565.626741
2026-07-11 10:45:00+00:00,1797.74,1799.44,1797.74,1798.36,181.058174
2026-07-11 11:00:00+00:00,1798.45,1799.33,1797.12,1799.12,309.483589
2026-07-11 11:15:00+00:00,1799.12,1799.32,1798.0,1799.16,244.614019
2026-07-11 11:30:00+00:00,1799.16,1800.59,1798.66,1800.0,328.109614
2026-07-11 11:45:00+00:00,1799.99,1800.99,1799.24,1800.5,294.778734
2026-07-11 12:00:00+00:00,1800.51,1801.5,1799.37,1800.56,256.310244
2026-07-11 12:15:00+00:00,1800.56,1800.93,1798.7,1800.01,226.443655
2026-07-11 12:30:00+00:00,1800.02,1800.36,1798.48,1799.25,277.63598
2026-07-11 12:45:00+00:00,1799.25,1801.41,1799.07,1800.16,82.064436
2026-07-11 13:00:00+00:00,1800.16,1800.51,1798.85,1800.27,443.130539
2026-07-11 13:15:00+00:00,1800.26,1802.62,1799.84,1801.56,442.086677
2026-07-11 13:30:00+00:00,1801.54,1808.38,1801.41,1803.61,1200.580003
2026-07-11 13:45:00+00:00,1803.63,1804.99,1802.2,1802.77,261.436884
2026-07-11 14:00:00+00:00,1802.77,1804.78,1802.71,1802.71,184.629554
2026-07-11 14:15:00+00:00,1802.76,1807.35,1802.59,1806.25,637.863556
2026-07-11 14:30:00+00:00,1806.24,1818.0,1805.95,1814.71,3444.153269
2026-07-11 14:45:00+00:00,1814.74,1815.5,1810.75,1810.75,1557.107472
2026-07-11 15:00:00+00:00,1810.73,1826.01,1810.73,1821.18,5433.718355
2026-07-11 15:15:00+00:00,1821.19,1828.12,1818.78,1824.41,5342.320116
2026-07-11 15:30:00+00:00,1824.41,1824.66,1811.52,1812.1,3896.715383
2026-07-11 15:45:00+00:00,1812.2,1815.51,1808.72,1814.69,1610.240217
2026-07-11 16:00:00+00:00,1814.7,1816.12,1810.65,1815.02,1141.423594
2026-07-11 16:15:00+00:00,1815.01,1820.31,1813.4,1819.68,1344.143879
2026-07-11 16:30:00+00:00,1819.68,1824.3,1816.83,1818.13,2136.292232
2026-07-11 16:45:00+00:00,1818.12,1823.68,1816.33,1823.36,1781.810507
2026-07-11 17:00:00+00:00,1823.37,1823.75,1820.16,1820.45,954.281798
2026-07-11 17:15:00+00:00,1820.45,1822.93,1818.18,1822.66,538.360591
2026-07-11 17:30:00+00:00,1822.63,1829.91,1822.47,1826.54,1252.47561
2026-07-11 17:45:00+00:00,1826.77,1828.53,1824.02,1824.67,423.052282
2026-07-11 18:00:00+00:00,1824.64,1825.93,1823.64,1824.28,322.62523
2026-07-11 18:15:00+00:00,1824.22,1829.99,1824.03,1826.0,563.531832
2026-07-11 18:30:00+00:00,1825.99,1829.08,1825.4,1828.39,770.479184
2026-07-11 18:45:00+00:00,1828.31,1828.78,1824.29,1826.29,696.419104
2026-07-11 19:00:00+00:00,1826.3,1827.34,1823.78,1825.22,703.21556
2026-07-11 19:15:00+00:00,1825.16,1825.73,1819.41,1819.99,622.815012
2026-07-11 19:30:00+00:00,1820.0,1822.62,1819.41,1821.39,828.256458
2026-07-11 19:45:00+00:00,1821.45,1824.59,1821.29,1824.5,297.116052
2026-07-11 20:00:00+00:00,1824.51,1825.6,1823.94,1825.12,205.918311
2026-07-11 20:15:00+00:00,1825.08,1825.97,1824.8,1825.96,137.889044
2026-07-11 20:30:00+00:00,1825.97,1828.53,1825.38,1827.73,226.890692
2026-07-11 20:45:00+00:00,1827.74,1828.35,1825.35,1825.96,223.391456
2026-07-11 21:00:00+00:00,1825.96,1829.46,1825.96,1826.57,562.122358
2026-07-11 21:15:00+00:00,1826.57,1828.09,1825.27,1825.77,354.16552
2026-07-11 21:30:00+00:00,1825.78,1826.94,1822.6,1823.3,596.973708
2026-07-11 21:45:00+00:00,1823.27,1825.4,1822.9,1823.95,145.930632
2026-07-11 22:00:00+00:00,1823.96,1824.31,1821.63,1822.54,469.945776
2026-07-11 22:15:00+00:00,1822.58,1822.58,1809.49,1813.7,2670.585165
2026-07-11 22:30:00+00:00,1813.75,1817.13,1812.44,1815.38,1021.637098
2026-07-11 22:45:00+00:00,1815.38,1815.68,1812.09,1813.76,375.114247
2026-07-11 23:00:00+00:00,1813.77,1815.73,1807.0,1808.46,1251.286819
2026-07-11 23:15:00+00:00,1808.47,1810.62,1791.85,1795.63,4519.357956
2026-07-11 23:30:00+00:00,1795.64,1796.68,1786.66,1791.43,3000.11974
2026-07-11 23:45:00+00:00,1791.39,1794.53,1787.77,1787.77,918.691312
2026-07-12 00:00:00+00:00,1787.77,1791.2,1783.01,1784.39,1668.97074
2026-07-12 00:15:00+00:00,1784.24,1790.44,1783.32,1787.96,941.333353
2026-07-12 00:30:00+00:00,1788.07,1788.25,1779.6,1786.72,2127.153225
2026-07-12 00:45:00+00:00,1786.73,1790.76,1784.71,1789.19,1132.122267
2026-07-12 01:00:00+00:00,1789.19,1796.5,1788.14,1793.41,1249.150041
2026-07-12 01:15:00+00:00,1793.4,1801.93,1792.5,1800.81,2762.23284
2026-07-12 01:30:00+00:00,1800.76,1808.18,1799.71,1806.86,1273.569614
2026-07-12 01:45:00+00:00,1806.94,1808.32,1804.88,1806.69,405.018632
2026-07-12 02:00:00+00:00,1806.69,1806.69,1802.6,1803.67,687.987179
2026-07-12 02:15:00+00:00,1803.66,1807.44,1803.27,1805.51,579.476806
2026-07-12 02:30:00+00:00,1805.51,1807.04,1803.96,1805.2,439.509173
2026-07-12 02:45:00+00:00,1805.19,1807.31,1804.27,1805.24,514.026364
2026-07-12 03:00:00+00:00,1805.14,1807.0,1802.5,1805.76,481.290911
2026-07-12 03:15:00+00:00,1805.91,1808.5,1805.68,1807.26,352.636237
2026-07-12 03:30:00+00:00,1807.34,1813.61,1806.87,1810.18,1622.909768
2026-07-12 03:45:00+00:00,1810.19,1811.88,1808.62,1811.58,550.113611
2026-07-12 04:00:00+00:00,1811.59,1811.91,1809.72,1810.23,223.959545
2026-07-12 04:15:00+00:00,1810.23,1812.54,1808.07,1809.81,445.112015
2026-07-12 04:30:00+00:00,1809.8,1810.22,1805.14,1808.38,571.789531
2026-07-12 04:45:00+00:00,1808.4,1808.4,1804.11,1805.69,669.215685
2026-07-12 05:00:00+00:00,1805.7,1807.3,1804.41,1804.58,196.536866
2026-07-12 05:15:00+00:00,1804.59,1804.7,1800.47,1801.62,1034.942647
2026-07-12 05:30:00+00:00,1801.62,1805.68,1801.05,1805.1,460.867028
2026-07-12 05:45:00+00:00,1805.32,1805.69,1803.15,1803.15,273.841826
2026-07-12 06:00:00+00:00,1803.12,1803.12,1792.86,1793.41,1744.650294
2026-07-12 06:15:00+00:00,1793.45,1794.83,1789.36,1790.81,778.67754
2026-07-12 06:30:00+00:00,1790.81,1796.02,1789.76,1794.49,741.917556
2026-07-12 06:45:00+00:00,1794.49,1796.0,1792.79,1795.24,180.935966
2026-07-12 07:00:00+00:00,1795.25,1798.3,1794.23,1798.0,312.883364
2026-07-12 07:15:00+00:00,1797.99,1799.08,1796.6,1797.13,338.738564
2026-07-12 07:30:00+00:00,1797.13,1797.68,1796.44,1797.22,122.774507
2026-07-12 07:45:00+00:00,1797.21,1799.14,1796.67,1798.88,301.494198
2026-07-12 08:00:00+00:00,1798.89,1809.0,1798.66,1807.63,1839.237233
2026-07-12 08:15:00+00:00,1807.68,1808.96,1803.94,1803.94,636.547578
2026-07-12 08:30:00+00:00,1803.94,1805.64,1803.69,1804.93,235.675614
2026-07-12 08:45:00+00:00,1804.93,1805.68,1803.21,1805.26,349.154932
2026-07-12 09:00:00+00:00,1805.27,1805.98,1800.92,1800.92,503.15493
2026-07-12 09:15:00+00:00,1800.93,1801.13,1796.74,1799.5,1263.144266
2026-07-12 09:30:00+00:00,1799.5,1804.5,1799.49,1803.78,370.664374
2026-07-12 09:45:00+00:00,1803.78,1804.18,1802.23,1802.48,128.838318
2026-07-12 10:00:00+00:00,1802.49,1802.61,1799.93,1800.93,304.114102
2026-07-12 10:15:00+00:00,1800.9,1802.49,1799.23,1800.72,483.239424
2026-07-12 10:30:00+00:00,1800.72,1801.62,1799.27,1799.94,1278.001538
2026-07-12 10:45:00+00:00,1799.94,1801.2,1798.99,1799.45,284.602876
2026-07-12 11:00:00+00:00,1799.45,1801.09,1796.33,1798.4,335.026806
2026-07-12 11:15:00+00:00,1798.43,1800.98,1798.32,1800.98,390.14937
2026-07-12 11:30:00+00:00,1801.0,1806.61,1801.0,1805.91,507.98276
2026-07-12 11:45:00+00:00,1805.91,1806.61,1803.16,1803.64,174.470406
2026-07-12 12:00:00+00:00,1803.63,1807.68,1802.87,1806.95,379.65527
2026-07-12 12:15:00+00:00,1806.96,1808.0,1805.37,1807.55,353.800995
2026-07-12 12:30:00+00:00,1807.56,1807.81,1804.76,1806.12,550.747094
2026-07-12 12:45:00+00:00,1806.12,1809.64,1805.41,1807.07,385.904565
2026-07-12 13:00:00+00:00,1807.08,1808.85,1805.39,1807.74,668.257205
2026-07-12 13:15:00+00:00,1807.83,1809.83,1806.34,1807.62,701.283203
2026-07-12 13:30:00+00:00,1807.61,1809.02,1806.4,1807.51,357.597205
2026-07-12 13:45:00+00:00,1807.55,1807.97,1805.33,1805.88,119.088798
2026-07-12 14:00:00+00:00,1805.88,1807.24,1803.94,1804.49,623.602443
2026-07-12 14:15:00+00:00,1804.49,1806.09,1804.24,1805.67,179.469614
2026-07-12 14:30:00+00:00,1805.68,1810.46,1805.65,1809.54,505.301902
2026-07-12 14:45:00+00:00,1809.53,1823.0,1808.91,1819.56,2870.177753
2026-07-12 15:00:00+00:00,1819.48,1824.88,1816.5,1821.81,1239.202398
2026-07-12 15:15:00+00:00,1821.9,1826.63,1818.1,1826.03,2019.957049
2026-07-12 15:30:00+00:00,1826.02,1826.7,1818.88,1821.73,1282.904817
2026-07-12 15:45:00+00:00,1821.73,1824.92,1820.44,1820.89,457.825126
2026-07-12 16:00:00+00:00,1820.89,1824.28,1817.32,1818.11,1046.943474
2026-07-12 16:15:00+00:00,1818.12,1823.99,1818.07,1822.69,1484.48348
2026-07-12 16:30:00+00:00,1822.69,1822.7,1818.86,1819.78,314.17977
2026-07-12 16:45:00+00:00,1819.78,1822.62,1819.24,1821.81,715.468363
2026-07-12 17:00:00+00:00,1821.81,1822.5,1819.73,1820.04,1078.121233
2026-07-12 17:15:00+00:00,1819.98,1821.14,1818.53,1818.89,327.517724
2026-07-12 17:30:00+00:00,1818.89,1822.42,1818.45,1821.22,590.206589
2026-07-12 17:45:00+00:00,1821.23,1821.3,1811.55,1818.26,1431.192875
2026-07-12 18:00:00+00:00,1818.26,1820.91,1815.79,1817.2,309.206311
2026-07-12 18:15:00+00:00,1817.2,1819.99,1815.03,1818.57,222.92952
2026-07-12 18:30:00+00:00,1818.58,1822.22,1818.51,1820.9,236.93538
2026-07-12 18:45:00+00:00,1820.9,1822.22,1820.9,1821.53,146.430133
2026-07-12 19:00:00+00:00,1821.54,1823.0,1820.56,1820.6,319.621108
2026-07-12 19:15:00+00:00,1820.7,1821.79,1820.04,1821.53,183.998338
2026-07-12 19:30:00+00:00,1821.53,1821.53,1818.89,1818.89,83.501411
2026-07-12 19:45:00+00:00,1818.89,1823.67,1818.64,1821.35,182.778104
2026-07-12 20:00:00+00:00,1821.35,1822.37,1819.53,1819.56,111.881893
2026-07-12 20:15:00+00:00,1819.57,1820.62,1818.74,1819.87,340.568956
2026-07-12 20:30:00+00:00,1819.86,1824.16,1818.71,1823.06,489.435271
2026-07-12 20:45:00+00:00,1823.04,1823.45,1820.66,1821.26,277.983231
2026-07-12 21:00:00+00:00,1821.26,1823.58,1820.0,1820.11,294.096773
2026-07-12 21:15:00+00:00,1820.08,1820.08,1812.62,1815.36,661.208224
2026-07-12 21:30:00+00:00,1815.31,1815.31,1812.16,1813.1,246.429905
2026-07-12 21:45:00+00:00,1813.06,1814.78,1811.39,1812.52,482.823728
2026-07-12 22:00:00+00:00,1812.53,1812.53,1797.44,1802.34,3258.936019
2026-07-12 22:15:00+00:00,1802.27,1804.98,1797.51,1802.48,1249.679335
2026-07-12 22:30:00+00:00,1802.53,1804.5,1800.26,1801.16,355.984525
2026-07-12 22:45:00+00:00,1801.04,1806.5,1797.51,1805.01,831.026404
2026-07-12 23:00:00+00:00,1805.0,1805.54,1800.92,1803.4,192.585268
2026-07-12 23:15:00+00:00,1803.44,1805.09,1802.12,1804.65,172.033228
2026-07-12 23:30:00+00:00,1804.65,1809.0,1804.4,1807.58,900.067053
2026-07-12 23:45:00+00:00,1807.57,1808.75,1804.36,1806.8,211.304691
2026-07-13 00:00:00+00:00,1806.8,1846.04,1804.17,1840.27,9356.696415
2026-07-13 00:15:00+00:00,1839.98,1844.0,1831.46,1831.65,2698.688813
2026-07-13 00:30:00+00:00,1831.66,1833.49,1807.29,1814.35,4924.917132
2026-07-13 00:45:00+00:00,1814.41,1828.81,1813.89,1826.48,2019.763165
2026-07-13 01:00:00+00:00,1826.66,1829.9,1815.01,1822.35,2296.49979
2026-07-13 01:15:00+00:00,1822.34,1828.64,1815.0,1816.8,1822.713286
2026-07-13 01:30:00+00:00,1816.8,1820.51,1812.08,1818.04,1086.753588
2026-07-13 01:45:00+00:00,1818.08,1818.3,1805.45,1806.84,2425.255087
2026-07-13 02:00:00+00:00,1807.0,1807.99,1799.19,1805.21,2612.844896
2026-07-13 02:15:00+00:00,1805.19,1811.91,1805.04,1810.36,1703.05061
2026-07-13 02:30:00+00:00,1810.33,1814.94,1808.01,1811.6,1700.440504
2026-07-13 02:45:00+00:00,1811.59,1811.86,1806.48,1807.02,408.857908
2026-07-13 03:00:00+00:00,1807.01,1807.01,1784.99,1789.65,5730.328104
2026-07-13 03:15:00+00:00,1789.56,1795.61,1786.42,1795.07,3324.941307
2026-07-13 03:30:00+00:00,1795.06,1795.15,1775.22,1779.33,6685.86717
2026-07-13 03:45:00+00:00,1779.25,1782.41,1778.08,1780.74,923.9969
2026-07-13 04:00:00+00:00,1780.78,1781.24,1776.49,1779.98,1398.984562
2026-07-13 04:15:00+00:00,1780.0,1785.27,1779.52,1784.82,944.346506
2026-07-13 04:30:00+00:00,1784.82,1784.88,1778.33,1780.75,956.355588
2026-07-13 04:45:00+00:00,1780.7,1782.54,1778.49,1779.01,399.887754
2026-07-13 05:00:00+00:00,1779.02,1786.69,1773.31,1784.63,2216.637995
2026-07-13 05:15:00+00:00,1784.72,1786.65,1778.27,1779.65,1465.59918
2026-07-13 05:30:00+00:00,1779.65,1785.39,1775.0,1782.79,3072.789153
2026-07-13 05:45:00+00:00,1782.78,1782.83,1780.46,1781.89,246.919792
2026-07-13 06:00:00+00:00,1781.91,1783.7,1776.62,1778.09,719.977062
2026-07-13 06:15:00+00:00,1778.15,1779.75,1776.33,1779.75,794.601367
2026-07-13 06:30:00+00:00,1779.78,1780.87,1776.01,1778.84,688.989547
2026-07-13 06:45:00+00:00,1778.83,1779.78,1777.09,1777.87,332.054959
2026-07-13 07:00:00+00:00,1777.88,1781.33,1776.32,1778.77,566.089673
2026-07-13 07:15:00+00:00,1778.77,1788.58,1778.77,1787.23,1746.955237
2026-07-13 07:30:00+00:00,1787.23,1791.25,1786.34,1787.61,1600.913312
2026-07-13 07:45:00+00:00,1787.62,1788.66,1785.55,1787.5,798.613658
2026-07-13 08:00:00+00:00,1787.5,1789.49,1783.87,1786.79,849.564927
2026-07-13 08:15:00+00:00,1786.8,1787.98,1785.0,1786.45,528.819427
2026-07-13 08:30:00+00:00,1786.47,1788.88,1784.47,1788.68,691.004312
2026-07-13 08:45:00+00:00,1788.68,1793.49,1788.41,1790.33,1584.367585
2026-07-13 09:00:00+00:00,1790.42,1790.55,1788.23,1788.99,320.261619
2026-07-13 09:15:00+00:00,1788.98,1788.98,1785.46,1787.31,631.887892
2026-07-13 09:30:00+00:00,1787.42,1787.93,1786.07,1786.79,410.051129
2026-07-13 09:45:00+00:00,1786.79,1786.79,1785.01,1785.72,471.816756
2026-07-13 10:00:00+00:00,1785.72,1786.89,1781.04,1782.55,845.311156
2026-07-13 10:15:00+00:00,1782.55,1785.68,1781.27,1782.24,733.605759
2026-07-13 10:30:00+00:00,1782.24,1784.3,1778.38,1779.48,1196.587442
2026-07-13 10:45:00+00:00,1779.49,1781.22,1777.19,1779.54,818.970249
2026-07-13 11:00:00+00:00,1779.6,1784.99,1779.6,1782.58,857.348017
2026-07-13 11:15:00+00:00,1782.62,1783.18,1779.67,1782.03,538.178891
2026-07-13 11:30:00+00:00,1782.02,1783.68,1780.9,1782.07,316.038283
2026-07-13 11:45:00+00:00,1782.16,1783.67,1780.52,1780.7,694.293038
2026-07-13 12:00:00+00:00,1780.7,1783.44,1778.73,1780.51,2341.214589
2026-07-13 12:15:00+00:00,1780.51,1781.98,1776.15,1777.04,2098.519226
2026-07-13 12:30:00+00:00,1777.04,1778.39,1767.14,1770.8,4040.456916
2026-07-13 12:45:00+00:00,1770.81,1772.82,1770.02,1772.29,624.255031
2026-07-13 13:00:00+00:00,1772.3,1773.49,1768.35,1768.55,695.306099
2026-07-13 13:15:00+00:00,1768.55,1771.79,1764.91,1769.62,1306.962775
2026-07-13 13:30:00+00:00,1769.63,1776.55,1763.34,1767.89,2039.072816
2026-07-13 13:45:00+00:00,1767.89,1772.22,1764.01,1771.36,1972.925246
2026-07-13 14:00:00+00:00,1771.41,1774.54,1767.6,1773.82,1690.851708
2026-07-13 14:15:00+00:00,1773.82,1776.18,1761.96,1771.83,6566.004293
2026-07-13 14:30:00+00:00,1771.8,1778.12,1769.01,1776.47,2989.347256
2026-07-13 14:45:00+00:00,1776.47,1782.0,1774.67,1781.89,2262.648924
2026-07-13 15:00:00+00:00,1781.94,1782.72,1777.52,1777.89,613.711792
2026-07-13 15:15:00+00:00,1777.89,1786.49,1777.74,1782.71,694.559381
2026-07-13 15:30:00+00:00,1782.78,1783.15,1775.55,1777.95,997.778228
2026-07-13 15:45:00+00:00,1777.96,1778.59,1775.47,1776.82,470.440062
2026-07-13 16:00:00+00:00,1776.82,1780.82,1775.84,1778.21,791.208417
2026-07-13 16:15:00+00:00,1778.23,1778.23,1770.7,1772.11,1366.361658
2026-07-13 16:30:00+00:00,1772.16,1774.94,1767.27,1774.4,2473.819152
2026-07-13 16:45:00+00:00,1774.48,1776.49,1769.92,1771.97,481.682766
2026-07-13 17:00:00+00:00,1771.96,1776.54,1769.67,1774.47,793.85622
2026-07-13 17:15:00+00:00,1774.35,1774.98,1770.45,1771.6,342.538354
2026-07-13 17:30:00+00:00,1771.59,1772.59,1763.32,1767.75,2288.021162
2026-07-13 17:45:00+00:00,1767.78,1769.35,1753.22,1753.59,3889.250362
2026-07-13 18:00:00+00:00,1753.59,1760.63,1752.41,1756.89,1335.960263
2026-07-13 18:15:00+00:00,1757.0,1759.52,1750.0,1758.52,2380.580975
2026-07-13 18:30:00+00:00,1758.6,1762.5,1757.04,1761.62,468.831133
2026-07-13 18:45:00+00:00,1761.62,1767.31,1760.98,1764.82,974.480069
2026-07-13 19:00:00+00:00,1764.82,1766.95,1764.49,1766.59,487.518262
2026-07-13 19:15:00+00:00,1766.51,1769.3,1764.53,1765.39,773.039232
2026-07-13 19:30:00+00:00,1765.39,1772.0,1765.39,1771.99,1592.278925
2026-07-13 19:45:00+00:00,1771.99,1775.34,1769.66,1774.89,972.971332
2026-07-13 20:00:00+00:00,1774.89,1777.4,1771.49,1771.5,636.090275
2026-07-13 20:15:00+00:00,1771.49,1771.49,1765.4,1770.0,1131.532466
2026-07-13 20:30:00+00:00,1769.82,1770.57,1767.89,1768.33,214.5787
2026-07-13 20:45:00+00:00,1768.33,1768.33,1761.64,1767.43,755.008673
2026-07-13 21:00:00+00:00,1767.33,1767.33,1761.57,1762.97,450.203835
2026-07-13 21:15:00+00:00,1762.96,1763.98,1760.45,1760.46,450.426875
2026-07-13 21:30:00+00:00,1760.46,1760.46,1752.53,1756.41,941.968922
2026-07-13 21:45:00+00:00,1756.41,1762.49,1755.04,1761.66,456.398525
2026-07-13 22:00:00+00:00,1761.6,1768.25,1761.21,1766.25,825.21516
2026-07-13 22:15:00+00:00,1766.22,1768.42,1765.38,1766.18,341.086362
2026-07-13 22:30:00+00:00,1766.18,1767.01,1762.34,1764.08,282.314905
2026-07-13 22:45:00+00:00,1764.16,1764.7,1756.45,1758.28,837.154579
2026-07-13 23:00:00+00:00,1758.28,1762.33,1756.45,1761.47,251.686288
2026-07-13 23:15:00+00:00,1761.43,1770.9,1761.35,1767.32,1042.303844
2026-07-13 23:30:00+00:00,1767.3,1769.18,1765.59,1767.37,438.271866
2026-07-13 23:45:00+00:00,1767.34,1778.17,1766.67,1776.61,2268.321174
2026-07-14 00:00:00+00:00,1776.64,1781.88,1773.34,1779.97,988.572166
2026-07-14 00:15:00+00:00,1779.88,1781.0,1776.32,1778.69,603.007017
2026-07-14 00:30:00+00:00,1778.69,1783.75,1778.69,1779.32,895.778686
2026-07-14 00:45:00+00:00,1779.39,1788.68,1779.38,1786.09,1385.836404
2026-07-14 01:00:00+00:00,1786.14,1786.75,1783.91,1785.73,298.385186
2026-07-14 01:15:00+00:00,1785.74,1794.63,1784.16,1787.48,1926.402235
2026-07-14 01:30:00+00:00,1787.49,1788.27,1783.35,1784.05,473.099409
2026-07-14 01:45:00+00:00,1784.16,1786.14,1783.51,1784.77,246.288736
2026-07-14 02:00:00+00:00,1784.77,1789.1,1782.8,1783.85,471.56041
2026-07-14 02:15:00+00:00,1783.71,1784.95,1775.12,1777.92,1562.552767
2026-07-14 02:30:00+00:00,1777.91,1785.57,1777.91,1785.08,907.39857
2026-07-14 02:45:00+00:00,1784.95,1786.23,1781.6,1782.62,220.00803
2026-07-14 03:00:00+00:00,1782.58,1783.99,1776.01,1776.53,520.547214
2026-07-14 03:15:00+00:00,1776.52,1780.33,1774.49,1780.02,683.681846
2026-07-14 03:30:00+00:00,1780.02,1783.69,1778.98,1781.0,1139.029203
2026-07-14 03:45:00+00:00,1780.99,1783.99,1780.63,1783.61,146.860146
2026-07-14 04:00:00+00:00,1783.61,1787.88,1782.51,1783.76,612.202987
2026-07-14 04:15:00+00:00,1783.75,1788.84,1782.11,1787.54,397.225709
2026-07-14 04:30:00+00:00,1787.6,1789.71,1786.19,1786.19,650.102775
2026-07-14 04:45:00+00:00,1786.19,1786.66,1784.52,1785.8,644.484451
2026-07-14 05:00:00+00:00,1785.79,1793.06,1784.4,1789.82,687.168332
2026-07-14 05:15:00+00:00,1789.82,1792.27,1788.34,1790.58,285.865821
2026-07-14 05:30:00+00:00,1790.59,1792.08,1785.26,1787.38,642.159777
2026-07-14 05:45:00+00:00,1787.38,1787.91,1786.29,1787.02,210.098179
2026-07-14 06:00:00+00:00,1787.01,1787.44,1784.79,1785.07,321.023718
2026-07-14 06:15:00+00:00,1785.07,1787.35,1784.87,1785.54,199.317375
2026-07-14 06:30:00+00:00,1785.53,1787.41,1783.17,1784.59,327.219417
2026-07-14 06:45:00+00:00,1784.59,1784.83,1781.86,1783.19,448.292185
2026-07-14 07:00:00+00:00,1783.19,1783.89,1781.19,1782.9,337.698733
2026-07-14 07:15:00+00:00,1782.91,1786.54,1781.75,1785.64,614.793449
2026-07-14 07:30:00+00:00,1785.65,1785.65,1779.55,1781.08,725.36992
2026-07-14 07:45:00+00:00,1781.08,1782.65,1779.45,1781.07,896.633767
2026-07-14 08:00:00+00:00,1781.07,1782.65,1778.71,1781.34,381.26215
2026-07-14 08:15:00+00:00,1781.34,1787.61,1781.34,1786.43,522.998142
2026-07-14 08:30:00+00:00,1786.42,1789.5,1784.79,1787.97,561.436233
2026-07-14 08:45:00+00:00,1787.98,1788.0,1784.38,1785.95,528.116466
2026-07-14 09:00:00+00:00,1785.95,1788.6,1785.36,1788.43,305.314831
2026-07-14 09:15:00+00:00,1788.44,1789.4,1787.02,1787.82,243.908068
2026-07-14 09:30:00+00:00,1787.68,1788.31,1782.87,1785.01,656.103886
2026-07-14 09:45:00+00:00,1785.01,1788.61,1784.4,1785.92,306.054609
2026-07-14 10:00:00+00:00,1785.92,1791.54,1785.92,1789.87,480.840111
2026-07-14 10:15:00+00:00,1789.86,1790.96,1787.91,1788.15,544.93674
2026-07-14 10:30:00+00:00,1788.14,1795.05,1786.25,1794.28,1189.269563
2026-07-14 10:45:00+00:00,1794.28,1804.99,1793.57,1800.15,3020.529527
2026-07-14 11:00:00+00:00,1800.16,1800.61,1795.77,1798.69,651.152492
2026-07-14 11:15:00+00:00,1798.76,1802.97,1796.78,1800.68,680.981549
2026-07-14 11:30:00+00:00,1800.67,1801.26,1797.67,1799.35,461.00658
2026-07-14 11:45:00+00:00,1799.33,1800.0,1797.28,1797.98,205.678593
2026-07-14 12:00:00+00:00,1797.98,1798.99,1794.28,1795.83,642.905492
2026-07-14 12:15:00+00:00,1795.82,1808.75,1794.9,1801.48,2335.195047
2026-07-14 12:30:00+00:00,1801.56,1832.0,1800.88,1825.4,16195.328524
2026-07-14 12:45:00+00:00,1825.41,1867.23,1825.41,1860.98,14862.785633
2026-07-14 13:00:00+00:00,1860.99,1867.14,1854.88,1858.41,11174.437295
2026-07-14 13:15:00+00:00,1858.54,1882.98,1856.91,1880.13,14332.293715
2026-07-14 13:30:00+00:00,1880.14,1881.32,1867.47,1871.06,16424.653882
2026-07-14 13:45:00+00:00,1871.18,1875.34,1865.02,1871.62,2867.339417
2026-07-14 14:00:00+00:00,1871.64,1872.0,1861.66,1868.77,5949.78344
2026-07-14 14:15:00+00:00,1868.87,1869.1,1859.09,1865.64,5361.567787
2026-07-14 14:30:00+00:00,1865.66,1873.99,1863.18,1870.87,2590.280807
2026-07-14 14:45:00+00:00,1870.92,1884.94,1869.62,1881.26,2907.394376
2026-07-14 15:00:00+00:00,1881.24,1882.36,1875.59,1878.7,6073.359569
2026-07-14 15:15:00+00:00,1878.74,1884.55,1875.81,1883.25,2588.952258
2026-07-14 15:30:00+00:00,1883.25,1888.99,1877.01,1880.81,4134.759677
2026-07-14 15:45:00+00:00,1880.75,1882.73,1873.05,1875.08,1793.192967
2026-07-14 16:00:00+00:00,1875.19,1877.18,1868.8,1872.47,2123.940265
2026-07-14 16:15:00+00:00,1872.41,1877.3,1870.41,1875.04,1096.211292
2026-07-14 16:30:00+00:00,1875.23,1876.9,1873.26,1873.43,541.825333
2026-07-14 16:45:00+00:00,1873.43,1876.35,1872.66,1874.03,671.030758
2026-07-14 17:00:00+00:00,1873.98,1873.98,1860.93,1867.6,1937.442394
2026-07-14 17:15:00+00:00,1867.77,1870.51,1863.83,1869.54,985.626399
2026-07-14 17:30:00+00:00,1869.63,1870.39,1865.89,1868.8,456.887323
2026-07-14 17:45:00+00:00,1868.78,1873.29,1866.66,1871.6,569.65071
2026-07-14 18:00:00+00:00,1871.59,1872.79,1869.57,1870.09,397.629035
2026-07-14 18:15:00+00:00,1870.1,1871.6,1868.32,1870.55,183.211482
2026-07-14 18:30:00+00:00,1870.52,1875.82,1868.61,1873.33,1000.581808
2026-07-14 18:45:00+00:00,1873.37,1876.88,1873.11,1874.82,398.562183
2026-07-14 19:00:00+00:00,1874.83,1878.57,1874.53,1877.51,300.775694
2026-07-14 19:15:00+00:00,1877.51,1881.72,1874.49,1876.73,813.832182
2026-07-14 19:30:00+00:00,1876.66,1879.99,1874.66,1879.86,511.259372
2026-07-14 19:45:00+00:00,1879.91,1881.0,1876.2,1877.0,380.305474
2026-07-14 20:00:00+00:00,1877.02,1878.79,1874.74,1875.14,407.305245
2026-07-14 20:15:00+00:00,1875.14,1876.95,1874.73,1876.02,275.062594
2026-07-14 20:30:00+00:00,1876.03,1877.56,1873.73,1874.99,333.030745
2026-07-14 20:45:00+00:00,1875.0,1876.72,1874.57,1875.46,213.320121
2026-07-14 21:00:00+00:00,1875.46,1878.57,1874.55,1878.29,465.310806
2026-07-14 21:15:00+00:00,1878.33,1879.76,1876.56,1878.23,588.885042
2026-07-14 21:30:00+00:00,1878.24,1879.8,1875.7,1877.44,504.373177
2026-07-14 21:45:00+00:00,1877.51,1878.87,1875.12,1876.53,452.600577
2026-07-14 22:00:00+00:00,1876.49,1876.81,1872.22,1872.78,524.828506
2026-07-14 22:15:00+00:00,1872.88,1885.68,1872.35,1881.51,1721.710593
2026-07-14 22:30:00+00:00,1881.64,1897.54,1881.31,1887.2,3677.415485
2026-07-14 22:45:00+00:00,1887.22,1888.97,1882.01,1882.02,652.60197
2026-07-14 23:00:00+00:00,1882.01,1888.35,1878.81,1886.7,982.109312
2026-07-14 23:15:00+00:00,1886.6,1886.6,1884.09,1885.87,560.236143
2026-07-14 23:30:00+00:00,1885.95,1889.4,1884.7,1889.15,619.613241
2026-07-14 23:45:00+00:00,1889.19,1893.48,1889.19,1892.02,623.782009
2026-07-15 00:00:00+00:00,1892.02,1893.49,1887.12,1887.51,920.133207
2026-07-15 00:15:00+00:00,1887.48,1888.38,1878.93,1880.89,1089.300222
2026-07-15 00:30:00+00:00,1880.9,1880.9,1878.03,1879.61,1051.462686
2026-07-15 00:45:00+00:00,1879.61,1883.26,1879.61,1881.78,405.371367
2026-07-15 01:00:00+00:00,1881.66,1882.22,1874.57,1875.99,640.718729
2026-07-15 01:15:00+00:00,1875.99,1879.76,1874.09,1879.21,470.715181
2026-07-15 01:30:00+00:00,1879.28,1879.57,1868.13,1870.28,862.227682
2026-07-15 01:45:00+00:00,1870.4,1870.8,1867.5,1870.41,433.144635
2026-07-15 02:00:00+00:00,1870.47,1873.13,1867.43,1871.33,243.944496
2026-07-15 02:15:00+00:00,1871.4,1871.58,1865.0,1865.06,503.639183
2026-07-15 02:30:00+00:00,1865.06,1867.77,1865.06,1867.18,339.309794
2026-07-15 02:45:00+00:00,1867.19,1867.77,1864.67,1864.67,241.544124
2026-07-15 03:00:00+00:00,1864.68,1871.54,1864.67,1870.84,629.958533
2026-07-15 03:15:00+00:00,1870.87,1870.97,1868.33,1869.02,148.852604
2026-07-15 03:30:00+00:00,1869.03,1874.84,1869.02,1873.15,658.041247
2026-07-15 03:45:00+00:00,1873.05,1879.22,1871.86,1876.4,668.031762
2026-07-15 04:00:00+00:00,1876.41,1880.0,1875.72,1877.1,556.810121
2026-07-15 04:15:00+00:00,1877.1,1878.66,1875.72,1875.72,287.204251
2026-07-15 04:30:00+00:00,1875.72,1878.8,1873.63,1877.95,221.802043
2026-07-15 04:45:00+00:00,1877.96,1880.55,1875.36,1876.52,316.498254
2026-07-15 05:00:00+00:00,1876.56,1878.5,1872.0,1872.68,739.369778
2026-07-15 05:15:00+00:00,1872.64,1874.59,1872.0,1872.47,300.432837
2026-07-15 05:30:00+00:00,1872.47,1876.22,1872.29,1874.41,108.300577
2026-07-15 05:45:00+00:00,1874.4,1883.52,1874.07,1882.84,500.363307
2026-07-15 06:00:00+00:00,1882.94,1889.99,1881.76,1888.81,2664.692122
2026-07-15 06:15:00+00:00,1888.71,1889.0,1885.41,1886.12,505.092589
2026-07-15 06:30:00+00:00,1886.11,1891.99,1884.01,1885.14,1007.98582
2026-07-15 06:45:00+00:00,1885.23,1885.62,1875.0,1875.68,993.068939
2026-07-15 07:00:00+00:00,1875.68,1877.23,1873.27,1876.88,652.385097
2026-07-15 07:15:00+00:00,1876.88,1877.21,1864.41,1866.35,1911.724717
2026-07-15 07:30:00+00:00,1866.35,1870.1,1865.56,1869.76,1390.789409
2026-07-15 07:45:00+00:00,1869.77,1871.54,1868.5,1869.95,1622.686496
2026-07-15 08:00:00+00:00,1869.9,1875.34,1869.85,1873.78,453.507819
2026-07-15 08:15:00+00:00,1873.9,1875.2,1872.63,1874.58,770.151807
2026-07-15 08:30:00+00:00,1874.66,1877.62,1873.46,1877.62,348.254094
2026-07-15 08:45:00+00:00,1877.62,1879.78,1876.51,1879.26,602.722813
2026-07-15 09:00:00+00:00,1879.26,1886.19,1879.0,1883.01,651.925641
2026-07-15 09:15:00+00:00,1883.0,1886.56,1882.63,1882.86,481.514
2026-07-15 09:30:00+00:00,1882.86,1882.92,1879.29,1880.2,431.323261
2026-07-15 09:45:00+00:00,1880.19,1882.77,1879.19,1879.74,424.496807
2026-07-15 10:00:00+00:00,1879.74,1886.47,1879.2,1883.78,624.414581
2026-07-15 10:15:00+00:00,1883.79,1884.51,1875.0,1876.28,898.150547
2026-07-15 10:30:00+00:00,1876.29,1878.63,1874.86,1877.6,338.522017
2026-07-15 10:45:00+00:00,1877.67,1879.8,1877.03,1878.03,351.817545
2026-07-15 11:00:00+00:00,1878.0,1882.18,1877.39,1881.84,584.195281
2026-07-15 11:15:00+00:00,1881.84,1882.5,1877.63,1878.38,295.883608
2026-07-15 11:30:00+00:00,1878.4,1882.25,1878.4,1881.44,209.703215
2026-07-15 11:45:00+00:00,1881.54,1885.69,1880.65,1884.47,912.972866
2026-07-15 12:00:00+00:00,1884.48,1885.0,1879.32,1883.5,492.384261
2026-07-15 12:15:00+00:00,1883.56,1885.76,1880.17,1885.53,357.686383
2026-07-15 12:30:00+00:00,1885.45,1896.37,1884.78,1892.87,3718.874003
2026-07-15 12:45:00+00:00,1892.88,1931.87,1891.59,1927.24,12176.537813
2026-07-15 13:00:00+00:00,1927.19,1944.72,1927.16,1938.85,10101.134328
2026-07-15 13:15:00+00:00,1938.72,1946.4,1932.58,1937.04,5044.598228
2026-07-15 13:30:00+00:00,1936.98,1943.0,1931.01,1933.45,3867.511812
2026-07-15 13:45:00+00:00,1933.45,1933.62,1917.33,1925.94,4424.894116
2026-07-15 14:00:00+00:00,1926.1,1935.31,1925.45,1929.31,2596.941624
2026-07-15 14:15:00+00:00,1929.3,1932.44,1919.4,1929.14,2108.386053
2026-07-15 14:30:00+00:00,1929.13,1934.5,1926.01,1927.85,1346.396629
2026-07-15 14:45:00+00:00,1927.85,1934.22,1924.47,1933.16,2884.850368
2026-07-15 15:00:00+00:00,1933.23,1938.0,1928.76,1930.45,1310.781844
2026-07-15 15:15:00+00:00,1930.45,1932.52,1925.6,1931.42,834.225085
2026-07-15 15:30:00+00:00,1931.4,1936.16,1928.47,1934.18,811.615716
2026-07-15 15:45:00+00:00,1934.18,1936.2,1930.67,1931.85,802.133928
2026-07-15 16:00:00+00:00,1931.85,1933.0,1918.46,1918.47,2251.411202
2026-07-15 16:15:00+00:00,1918.47,1922.55,1914.62,1922.36,1687.189241
2026-07-15 16:30:00+00:00,1922.21,1922.94,1904.46,1912.28,3060.431475
2026-07-15 16:45:00+00:00,1912.28,1920.78,1910.85,1919.71,1673.127409
2026-07-15 17:00:00+00:00,1919.77,1924.86,1919.57,1920.46,795.656709
2026-07-15 17:15:00+00:00,1920.59,1924.78,1920.59,1923.45,592.131498
2026-07-15 17:30:00+00:00,1923.33,1926.14,1921.91,1925.34,796.267293
2026-07-15 17:45:00+00:00,1925.45,1931.38,1922.44,1928.01,1132.345116
2026-07-15 18:00:00+00:00,1927.96,1936.8,1927.48,1935.29,1295.974947
2026-07-15 18:15:00+00:00,1935.5,1935.5,1929.49,1931.35,1553.502172
2026-07-15 18:30:00+00:00,1931.24,1935.1,1928.27,1928.79,445.673134
2026-07-15 18:45:00+00:00,1928.74,1929.79,1922.61,1924.23,689.409842
2026-07-15 19:00:00+00:00,1924.23,1929.29,1923.58,1926.32,291.701586
2026-07-15 19:15:00+00:00,1926.35,1926.59,1919.08,1923.96,495.478496
2026-07-15 19:30:00+00:00,1924.06,1927.51,1922.81,1927.51,330.037504
2026-07-15 19:45:00+00:00,1927.51,1927.64,1922.41,1923.95,509.358004
2026-07-15 20:00:00+00:00,1923.94,1924.47,1918.33,1922.82,571.844158
2026-07-15 20:15:00+00:00,1922.86,1927.16,1922.58,1926.19,173.616321
2026-07-15 20:30:00+00:00,1926.2,1930.7,1925.38,1925.39,496.611629
2026-07-15 20:45:00+00:00,1925.39,1925.61,1923.57,1923.57,121.676627
2026-07-15 21:00:00+00:00,1923.57,1925.71,1921.53,1923.58,421.092223
2026-07-15 21:15:00+00:00,1923.57,1925.58,1922.75,1923.93,253.545178
2026-07-15 21:30:00+00:00,1923.93,1923.93,1919.48,1920.8,348.103821
2026-07-15 21:45:00+00:00,1920.87,1922.32,1919.94,1922.12,93.207644
2026-07-15 22:00:00+00:00,1922.19,1925.0,1918.33,1920.41,423.803097
2026-07-15 22:15:00+00:00,1920.4,1924.0,1918.84,1924.0,210.692438
2026-07-15 22:30:00+00:00,1924.02,1926.37,1922.87,1923.43,499.502316
2026-07-15 22:45:00+00:00,1923.34,1928.64,1921.82,1923.21,535.023815
2026-07-15 23:00:00+00:00,1923.21,1927.18,1923.21,1925.36,224.947729
2026-07-15 23:15:00+00:00,1925.34,1925.48,1921.0,1921.79,259.058094
2026-07-15 23:30:00+00:00,1921.69,1923.44,1915.39,1915.65,1054.96031
2026-07-15 23:45:00+00:00,1915.74,1919.98,1914.83,1917.73,722.647533
2026-07-16 00:00:00+00:00,1917.72,1924.45,1917.22,1924.16,1637.001461
2026-07-16 00:15:00+00:00,1924.15,1924.99,1914.29,1915.54,1016.796294
2026-07-16 00:30:00+00:00,1915.54,1917.16,1911.74,1912.49,1066.152944
2026-07-16 00:45:00+00:00,1912.27,1918.51,1911.48,1914.91,965.617305
2026-07-16 01:00:00+00:00,1914.92,1918.25,1913.47,1914.18,675.006339
2026-07-16 01:15:00+00:00,1914.24,1916.59,1908.01,1914.32,1040.526153
2026-07-16 01:30:00+00:00,1914.32,1921.51,1914.32,1916.85,870.291185
2026-07-16 01:45:00+00:00,1916.93,1926.0,1916.72,1922.69,1168.914912
2026-07-16 02:00:00+00:00,1922.7,1922.75,1919.7,1920.44,322.440708
2026-07-16 02:15:00+00:00,1920.41,1923.87,1918.67,1922.18,495.739812
2026-07-16 02:30:00+00:00,1922.18,1923.37,1920.31,1921.74,617.917229
2026-07-16 02:45:00+00:00,1921.76,1926.09,1921.71,1925.13,517.879973
2026-07-16 03:00:00+00:00,1925.12,1929.2,1923.36,1926.59,718.998571
2026-07-16 03:15:00+00:00,1926.59,1926.91,1922.93,1925.4,627.920499
2026-07-16 03:30:00+00:00,1925.39,1926.68,1922.03,1922.58,546.445661
2026-07-16 03:45:00+00:00,1922.63,1922.72,1917.01,1918.65,764.833756
2026-07-16 04:00:00+00:00,1918.66,1920.87,1916.12,1919.76,558.203604
2026-07-16 04:15:00+00:00,1919.76,1919.76,1914.12,1919.2,493.412972
2026-07-16 04:30:00+00:00,1919.12,1920.34,1917.59,1919.6,255.036141
2026-07-16 04:45:00+00:00,1919.59,1920.0,1917.44,1918.29,323.010137
2026-07-16 05:00:00+00:00,1918.43,1921.65,1917.28,1921.65,328.991719
2026-07-16 05:15:00+00:00,1921.41,1926.3,1921.07,1925.26,760.751967
2026-07-16 05:30:00+00:00,1925.26,1927.64,1921.73,1925.23,577.314174
2026-07-16 05:45:00+00:00,1925.26,1926.1,1924.21,1925.62,300.338068
2026-07-16 06:00:00+00:00,1925.63,1929.98,1923.36,1924.4,1242.315894
2026-07-16 06:15:00+00:00,1924.6,1926.19,1921.61,1922.47,404.295989
2026-07-16 06:30:00+00:00,1922.37,1922.61,1915.67,1919.37,472.358677
2026-07-16 06:45:00+00:00,1919.27,1922.64,1918.55,1922.63,482.189007
2026-07-16 07:00:00+00:00,1922.64,1922.64,1919.18,1920.77,255.762546
2026-07-16 07:15:00+00:00,1920.76,1920.86,1917.0,1917.44,362.737405
2026-07-16 07:30:00+00:00,1917.5,1917.81,1906.25,1907.24,2267.824059
2026-07-16 07:45:00+00:00,1907.25,1911.0,1905.17,1910.62,1625.540707
2026-07-16 08:00:00+00:00,1910.62,1912.99,1882.98,1885.79,9029.413561
2026-07-16 08:15:00+00:00,1885.8,1892.2,1875.11,1892.11,5745.876764
2026-07-16 08:30:00+00:00,1892.09,1896.56,1888.5,1889.86,1607.798513
2026-07-16 08:45:00+00:00,1889.6,1892.36,1881.35,1886.24,1439.786022
2026-07-16 09:00:00+00:00,1886.26,1889.41,1884.96,1886.1,622.767822
2026-07-16 09:15:00+00:00,1886.09,1887.7,1882.34,1882.94,636.6276
2026-07-16 09:30:00+00:00,1882.98,1885.88,1880.68,1884.3,900.057816
2026-07-16 09:45:00+00:00,1884.26,1886.0,1883.0,1884.7,498.854337
2026-07-16 10:00:00+00:00,1884.72,1888.69,1883.92,1886.72,978.008036
2026-07-16 10:15:00+00:00,1886.71,1889.58,1886.18,1889.07,413.959884
2026-07-16 10:30:00+00:00,1889.08,1891.72,1888.18,1888.52,408.070235
2026-07-16 10:45:00+00:00,1888.46,1888.94,1886.27,1888.53,378.292008
2026-07-16 11:00:00+00:00,1888.54,1888.71,1884.84,1886.75,569.591197
2026-07-16 11:15:00+00:00,1886.75,1888.32,1883.01,1883.49,313.154009
2026-07-16 11:30:00+00:00,1883.44,1888.06,1882.53,1887.25,461.944731
2026-07-16 11:45:00+00:00,1887.21,1887.35,1879.51,1885.29,869.413017
2026-07-16 12:00:00+00:00,1885.22,1885.24,1878.5,1880.68,670.884569
2026-07-16 12:15:00+00:00,1880.59,1882.77,1877.43,1882.75,681.395556
2026-07-16 12:30:00+00:00,1882.76,1883.75,1867.51,1870.26,2603.444567
2026-07-16 12:45:00+00:00,1870.23,1876.12,1869.55,1872.62,1478.620856
2026-07-16 13:00:00+00:00,1872.62,1876.0,1871.0,1875.59,2845.184407
2026-07-16 13:15:00+00:00,1875.64,1884.27,1875.01,1883.92,1588.735768
2026-07-16 13:30:00+00:00,1883.86,1890.2,1877.22,1877.22,2598.6861
2026-07-16 13:45:00+00:00,1877.22,1883.98,1875.62,1882.58,881.795182
2026-07-16 14:00:00+00:00,1882.47,1892.97,1881.42,1888.45,2053.590856
2026-07-16 14:15:00+00:00,1888.45,1891.61,1884.11,1887.68,1418.73371
2026-07-16 14:30:00+00:00,1887.58,1891.15,1885.05,1888.46,592.113037
2026-07-16 14:45:00+00:00,1888.61,1889.07,1874.6,1883.51,2931.439424
2026-07-16 15:00:00+00:00,1883.54,1884.2,1871.12,1873.54,1429.388262
2026-07-16 15:15:00+00:00,1873.58,1894.29,1872.55,1891.55,3013.777313
2026-07-16 15:30:00+00:00,1891.3,1891.66,1881.95,1882.36,837.440152
2026-07-16 15:45:00+00:00,1882.35,1885.82,1878.32,1881.93,799.975356
2026-07-16 16:00:00+00:00,1882.0,1882.4,1875.3,1877.23,785.018465
2026-07-16 16:15:00+00:00,1877.2,1881.26,1875.0,1879.87,764.064091
2026-07-16 16:30:00+00:00,1880.0,1883.23,1875.6,1875.95,550.193162
2026-07-16 16:45:00+00:00,1876.15,1880.91,1875.02,1879.08,402.362747
2026-07-16 17:00:00+00:00,1879.01,1879.52,1868.8,1869.2,1341.104731
2026-07-16 17:15:00+00:00,1869.24,1874.54,1862.28,1872.17,2957.289502
2026-07-16 17:30:00+00:00,1872.01,1875.51,1869.72,1870.8,588.930895
2026-07-16 17:45:00+00:00,1870.81,1871.38,1864.3,1869.06,821.42061
2026-07-16 18:00:00+00:00,1869.04,1875.66,1868.01,1874.43,823.902375
2026-07-16 18:15:00+00:00,1874.43,1879.82,1873.77,1875.56,396.850102
2026-07-16 18:30:00+00:00,1875.62,1876.88,1871.52,1873.84,393.472352
2026-07-16 18:45:00+00:00,1873.79,1878.39,1872.96,1875.92,152.265004
2026-07-16 19:00:00+00:00,1875.91,1877.76,1873.38,1873.96,145.127487
2026-07-16 19:15:00+00:00,1874.0,1876.16,1871.43,1874.74,132.148352
2026-07-16 19:30:00+00:00,1874.68,1876.57,1872.89,1873.4,194.055022
2026-07-16 19:45:00+00:00,1873.39,1876.45,1871.12,1875.77,406.328621
2026-07-16 20:00:00+00:00,1875.76,1875.76,1872.54,1872.72,418.474575
2026-07-16 20:15:00+00:00,1872.71,1875.7,1871.61,1873.69,137.159142
2026-07-16 20:30:00+00:00,1873.68,1874.84,1871.94,1872.98,166.248807
2026-07-16 20:45:00+00:00,1872.99,1874.37,1871.78,1871.88,188.724534
2026-07-16 21:00:00+00:00,1871.87,1877.9,1871.86,1875.95,361.114376
2026-07-16 21:15:00+00:00,1875.93,1879.65,1875.48,1877.64,262.530504
2026-07-16 21:30:00+00:00,1877.6,1881.46,1877.09,1879.49,232.06665
2026-07-16 21:45:00+00:00,1879.49,1879.84,1877.35,1878.8,261.284709
2026-07-16 22:00:00+00:00,1878.8,1881.55,1878.8,1880.22,373.009974
2026-07-16 22:15:00+00:00,1880.31,1880.31,1873.81,1874.58,542.344776
2026-07-16 22:30:00+00:00,1874.59,1877.51,1869.88,1871.89,1467.71608
2026-07-16 22:45:00+00:00,1871.9,1873.1,1868.0,1868.96,488.486094
2026-07-16 23:00:00+00:00,1869.04,1870.71,1865.29,1867.14,455.154656
2026-07-16 23:15:00+00:00,1867.14,1867.15,1857.73,1861.41,2449.12393
2026-07-16 23:30:00+00:00,1861.23,1864.13,1858.62,1863.33,683.758859
2026-07-16 23:45:00+00:00,1863.13,1866.37,1861.17,1864.55,617.877149
2026-07-17 00:00:00+00:00,1864.64,1866.56,1860.87,1862.58,996.536231
2026-07-17 00:15:00+00:00,1862.59,1866.66,1859.82,1861.18,514.713343
2026-07-17 00:30:00+00:00,1861.22,1861.35,1847.21,1858.32,5901.406738
2026-07-17 00:45:00+00:00,1858.32,1865.77,1858.32,1865.76,1312.092027
2026-07-17 01:00:00+00:00,1865.78,1871.17,1865.01,1868.19,1148.910546
2026-07-17 01:15:00+00:00,1868.31,1869.48,1860.0,1864.31,726.528013
2026-07-17 01:30:00+00:00,1864.32,1864.53,1855.46,1855.47,1048.879855
2026-07-17 01:45:00+00:00,1855.48,1855.89,1848.01,1851.24,1225.445036
2026-07-17 02:00:00+00:00,1851.07,1854.63,1844.76,1853.81,1414.144406
2026-07-17 02:15:00+00:00,1853.75,1855.72,1849.09,1850.96,628.721339
2026-07-17 02:30:00+00:00,1850.93,1852.21,1843.47,1846.55,1511.129398
2026-07-17 02:45:00+00:00,1846.61,1849.04,1844.11,1848.21,1895.173914
2026-07-17 03:00:00+00:00,1848.09,1854.74,1847.34,1854.1,800.492981
2026-07-17 03:15:00+00:00,1854.1,1859.61,1853.3,1858.12,1195.519421
2026-07-17 03:30:00+00:00,1858.11,1858.92,1854.36,1855.24,450.764359
2026-07-17 03:45:00+00:00,1855.23,1855.42,1851.32,1852.55,589.983444
2026-07-17 04:00:00+00:00,1852.55,1852.72,1849.35,1850.11,486.159973
2026-07-17 04:15:00+00:00,1850.11,1851.51,1844.01,1847.28,798.899363
2026-07-17 04:30:00+00:00,1847.23,1850.34,1844.07,1848.91,1373.847295
2026-07-17 04:45:00+00:00,1848.91,1852.98,1848.91,1850.03,878.966866
2026-07-17 05:00:00+00:00,1850.01,1850.01,1844.67,1848.08,337.022704
2026-07-17 05:15:00+00:00,1848.07,1848.48,1837.0,1838.05,2676.035835
2026-07-17 05:30:00+00:00,1837.9,1839.95,1831.6,1832.63,3203.278485
2026-07-17 05:45:00+00:00,1832.63,1832.81,1821.73,1823.9,5437.704887
2026-07-17 06:00:00+00:00,1823.9,1830.19,1820.75,1827.41,2407.186477
2026-07-17 06:15:00+00:00,1827.42,1834.84,1825.65,1834.51,1867.144903
2026-07-17 06:30:00+00:00,1834.6,1836.58,1832.09,1832.69,711.590476
2026-07-17 06:45:00+00:00,1832.68,1833.0,1830.21,1832.48,470.855455
2026-07-17 07:00:00+00:00,1832.48,1832.79,1828.95,1829.92,359.569361
2026-07-17 07:15:00+00:00,1829.92,1832.0,1827.33,1831.61,449.817459
2026-07-17 07:30:00+00:00,1831.65,1833.51,1826.22,1830.2,1594.10894
2026-07-17 07:45:00+00:00,1830.05,1831.37,1827.57,1828.42,948.302831
2026-07-17 08:00:00+00:00,1828.42,1830.94,1827.72,1830.23,763.051617
2026-07-17 08:15:00+00:00,1830.23,1830.33,1823.94,1825.53,771.412744
2026-07-17 08:30:00+00:00,1825.52,1828.0,1821.31,1827.91,730.367522
2026-07-17 08:45:00+00:00,1827.91,1832.64,1827.73,1830.2,823.206695
2026-07-17 09:00:00+00:00,1830.2,1832.99,1829.24,1832.82,294.396785
2026-07-17 09:15:00+00:00,1832.82,1832.94,1829.7,1831.89,237.586107
2026-07-17 09:30:00+00:00,1831.9,1835.44,1831.04,1835.42,423.888566
2026-07-17 09:45:00+00:00,1835.43,1836.32,1832.77,1835.02,439.029366
2026-07-17 10:00:00+00:00,1835.05,1839.47,1834.28,1838.72,999.858919
2026-07-17 10:15:00+00:00,1838.71,1840.34,1836.62,1837.71,640.455856
2026-07-17 10:30:00+00:00,1837.67,1839.61,1836.84,1838.65,228.484679
2026-07-17 10:45:00+00:00,1838.86,1839.0,1836.79,1836.92,320.39878
2026-07-17 11:00:00+00:00,1836.92,1838.42,1834.5,1834.51,374.242086
2026-07-17 11:15:00+00:00,1834.62,1837.05,1833.34,1836.54,102.211369
2026-07-17 11:30:00+00:00,1836.65,1842.45,1835.61,1841.89,472.315713
2026-07-17 11:45:00+00:00,1841.89,1843.2,1839.14,1839.28,908.257048
2026-07-17 12:00:00+00:00,1839.33,1840.45,1835.72,1836.09,534.687305
2026-07-17 12:15:00+00:00,1836.18,1837.43,1832.81,1833.91,512.18459
2026-07-17 12:30:00+00:00,1833.92,1834.99,1828.3,1829.52,1109.547078
2026-07-17 12:45:00+00:00,1829.52,1830.99,1827.5,1828.44,347.483246
2026-07-17 13:00:00+00:00,1828.58,1829.13,1808.35,1814.7,4330.305871
2026-07-17 13:15:00+00:00,1814.71,1819.0,1813.03,1816.28,1533.285821
2026-07-17 13:30:00+00:00,1816.3,1818.96,1803.2,1806.96,2833.176942
2026-07-17 13:45:00+00:00,1806.95,1827.01,1805.36,1825.5,2044.531543
2026-07-17 14:00:00+00:00,1825.64,1833.96,1823.07,1829.4,1632.616558
2026-07-17 14:15:00+00:00,1829.5,1833.07,1822.1,1823.61,1000.069884
2026-07-17 14:30:00+00:00,1823.62,1827.23,1817.28,1822.0,1244.419313
2026-07-17 14:45:00+00:00,1822.01,1824.74,1817.41,1822.22,790.686577
2026-07-17 15:00:00+00:00,1822.23,1822.4,1810.9,1813.75,1424.629168
2026-07-17 15:15:00+00:00,1813.59,1822.02,1812.46,1821.88,678.126724
2026-07-17 15:30:00+00:00,1821.74,1826.38,1816.51,1823.81,2122.860285
2026-07-17 15:45:00+00:00,1823.9,1831.23,1822.37,1830.99,642.241473
2026-07-17 16:00:00+00:00,1830.99,1835.41,1826.15,1831.92,1818.860188
2026-07-17 16:15:00+00:00,1831.92,1836.95,1830.52,1835.58,1747.223939
2026-07-17 16:30:00+00:00,1835.56,1838.16,1832.31,1838.09,804.012827
2026-07-17 16:45:00+00:00,1838.08,1840.55,1835.28,1836.01,1679.685591
2026-07-17 17:00:00+00:00,1836.09,1856.4,1836.09,1846.66,2530.404364
2026-07-17 17:15:00+00:00,1846.66,1849.49,1843.06,1846.85,936.137675
2026-07-17 17:30:00+00:00,1846.82,1848.0,1843.05,1844.68,442.278622
2026-07-17 17:45:00+00:00,1844.65,1848.0,1841.76,1843.74,562.397452
2026-07-17 18:00:00+00:00,1843.77,1844.49,1840.51,1842.82,413.613315
2026-07-17 18:15:00+00:00,1842.75,1842.92,1834.9,1837.22,891.724495
2026-07-17 18:30:00+00:00,1837.3,1843.0,1836.99,1843.0,442.407568
2026-07-17 18:45:00+00:00,1842.99,1849.6,1842.75,1847.01,1289.057643
2026-07-17 19:00:00+00:00,1847.0,1847.0,1840.06,1840.08,435.881999
2026-07-17 19:15:00+00:00,1840.07,1840.99,1835.84,1840.99,440.669499
2026-07-17 19:30:00+00:00,1841.0,1845.14,1840.19,1844.98,535.896401
2026-07-17 19:45:00+00:00,1844.86,1846.09,1842.81,1843.92,538.779963
2026-07-17 20:00:00+00:00,1843.64,1843.64,1837.15,1838.8,562.068162
2026-07-17 20:15:00+00:00,1838.8,1841.43,1838.12,1840.58,257.85338
2026-07-17 20:30:00+00:00,1840.54,1842.03,1838.16,1842.03,218.230726
2026-07-17 20:45:00+00:00,1842.06,1846.14,1841.38,1842.94,286.582586
2026-07-17 21:00:00+00:00,1842.95,1845.54,1842.65,1844.67,358.798596
2026-07-17 21:15:00+00:00,1844.67,1846.76,1844.0,1844.7,311.730437
2026-07-17 21:30:00+00:00,1844.7,1844.7,1840.95,1841.91,246.700064
2026-07-17 21:45:00+00:00,1841.91,1843.02,1839.47,1841.53,526.155018
2026-07-17 22:00:00+00:00,1841.53,1843.73,1840.09,1841.97,227.143779
2026-07-17 22:15:00+00:00,1841.96,1841.96,1838.57,1839.35,251.370652
2026-07-17 22:30:00+00:00,1839.3,1840.17,1838.0,1838.14,277.676071
2026-07-17 22:45:00+00:00,1838.14,1840.11,1837.44,1840.02,103.806618
2026-07-17 23:00:00+00:00,1839.95,1839.95,1835.14,1836.64,449.096849
2026-07-17 23:15:00+00:00,1836.64,1841.2,1836.58,1841.2,132.953313
2026-07-17 23:30:00+00:00,1841.19,1844.39,1840.91,1842.87,326.18363
2026-07-17 23:45:00+00:00,1842.82,1843.64,1841.57,1841.79,391.398916
2026-07-18 00:00:00+00:00,1841.89,1843.73,1840.02,1843.23,134.856888
2026-07-18 00:15:00+00:00,1843.23,1844.99,1842.18,1842.8,274.592678
2026-07-18 00:30:00+00:00,1842.81,1842.81,1840.01,1841.21,138.395011
2026-07-18 00:45:00+00:00,1841.26,1843.33,1840.27,1840.74,130.473189
2026-07-18 01:00:00+00:00,1840.78,1840.96,1839.25,1840.69,156.52329
2026-07-18 01:15:00+00:00,1840.69,1843.54,1839.5,1843.05,162.927028
2026-07-18 01:30:00+00:00,1843.06,1843.12,1839.51,1841.41,167.435534
2026-07-18 01:45:00+00:00,1841.41,1843.32,1841.41,1842.6,140.417964
2026-07-18 02:00:00+00:00,1842.61,1844.41,1840.79,1843.65,369.469384
2026-07-18 02:15:00+00:00,1843.73,1845.61,1842.95,1844.07,312.247101
2026-07-18 02:30:00+00:00,1844.08,1846.74,1842.54,1842.73,507.795157
2026-07-18 02:45:00+00:00,1842.73,1843.56,1841.68,1841.95,228.837411
2026-07-18 03:00:00+00:00,1841.94,1844.14,1841.52,1843.13,149.680142
2026-07-18 03:15:00+00:00,1843.03,1844.54,1842.77,1843.5,106.997602
2026-07-18 03:30:00+00:00,1843.5,1844.54,1842.77,1843.09,160.122466
2026-07-18 03:45:00+00:00,1843.1,1846.47,1842.5,1846.04,569.467304
2026-07-18 04:00:00+00:00,1846.05,1846.18,1844.28,1844.67,219.204563
2026-07-18 04:15:00+00:00,1844.66,1844.7,1842.42,1844.22,135.078047
2026-07-18 04:30:00+00:00,1844.23,1844.6,1842.5,1843.6,231.983665
2026-07-18 04:45:00+00:00,1843.64,1845.0,1843.64,1844.77,73.831032
2026-07-18 05:00:00+00:00,1844.79,1845.0,1843.27,1843.27,62.780004
2026-07-18 05:15:00+00:00,1843.27,1846.57,1843.01,1845.53,380.949215
2026-07-18 05:30:00+00:00,1845.53,1848.63,1845.53,1846.0,414.917033
2026-07-18 05:45:00+00:00,1846.0,1849.57,1844.66,1845.82,1200.001434
2026-07-18 06:00:00+00:00,1845.84,1846.34,1844.3,1844.6,148.614999
2026-07-18 06:15:00+00:00,1844.59,1847.82,1844.45,1845.91,248.644808
2026-07-18 06:30:00+00:00,1845.93,1845.97,1843.01,1844.63,278.910893
2026-07-18 06:45:00+00:00,1844.63,1845.34,1844.36,1844.84,79.543598
2026-07-18 07:00:00+00:00,1844.83,1845.97,1843.01,1843.15,134.832212
2026-07-18 07:15:00+00:00,1843.15,1845.43,1843.14,1845.27,156.421345
2026-07-18 07:30:00+00:00,1845.26,1845.43,1844.83,1845.19,103.220248
2026-07-18 07:45:00+00:00,1845.29,1845.49,1843.33,1844.22,152.622602
2026-07-18 08:00:00+00:00,1844.22,1845.29,1842.35,1844.61,258.912054
2026-07-18 08:15:00+00:00,1844.62,1847.05,1844.31,1846.67,219.871464
2026-07-18 08:30:00+00:00,1846.67,1849.24,1846.66,1846.8,397.426616
2026-07-18 08:45:00+00:00,1846.8,1848.0,1846.74,1847.55,87.10064
2026-07-18 09:00:00+00:00,1847.55,1848.0,1846.12,1846.31,215.739054
2026-07-18 09:15:00+00:00,1846.32,1846.32,1842.78,1843.58,350.403075
2026-07-18 09:30:00+00:00,1843.58,1845.36,1843.5,1845.13,95.926939
2026-07-18 09:45:00+00:00,1845.26,1845.66,1844.97,1845.14,60.857572
2026-07-18 10:00:00+00:00,1844.99,1845.75,1844.43,1844.64,49.681004
2026-07-18 10:15:00+00:00,1844.6,1846.45,1844.23,1846.45,160.348621
2026-07-18 10:30:00+00:00,1846.44,1846.75,1843.62,1844.57,183.10668
2026-07-18 10:45:00+00:00,1844.59,1845.64,1844.58,1845.46,99.582011
2026-07-18 11:00:00+00:00,1845.46,1845.85,1844.88,1845.05,67.383595
2026-07-18 11:15:00+00:00,1845.05,1845.95,1844.99,1845.41,101.2557
2026-07-18 11:30:00+00:00,1845.41,1845.64,1844.4,1844.98,76.49928
2026-07-18 11:45:00+00:00,1844.97,1846.75,1844.7,1845.49,177.921359
2026-07-18 12:00:00+00:00,1845.5,1850.59,1845.49,1846.58,603.554496
2026-07-18 12:15:00+00:00,1846.59,1846.82,1841.13,1841.35,619.740062
2026-07-18 12:30:00+00:00,1841.35,1844.93,1840.01,1844.44,326.078206
2026-07-18 12:45:00+00:00,1844.44,1848.0,1844.29,1844.8,398.168942
2026-07-18 13:00:00+00:00,1844.8,1844.8,1837.5,1839.25,1112.721926
2026-07-18 13:15:00+00:00,1839.38,1841.49,1837.63,1841.42,393.537997
2026-07-18 13:30:00+00:00,1841.42,1842.54,1840.0,1841.44,363.734677
2026-07-18 13:45:00+00:00,1841.44,1842.41,1840.58,1841.68,119.422095
2026-07-18 14:00:00+00:00,1841.69,1843.9,1840.75,1843.32,146.768616
2026-07-18 14:15:00+00:00,1843.3,1845.52,1842.19,1845.52,111.657108
2026-07-18 14:30:00+00:00,1845.52,1846.33,1844.26,1845.95,557.30567
2026-07-18 14:45:00+00:00,1845.99,1846.0,1844.51,1845.77,262.87862
2026-07-18 15:00:00+00:00,1845.8,1846.0,1843.12,1844.37,327.013584
2026-07-18 15:15:00+00:00,1844.37,1845.99,1843.5,1843.5,140.771476
2026-07-18 15:30:00+00:00,1843.51,1844.48,1843.06,1843.31,121.222987
2026-07-18 15:45:00+00:00,1843.28,1845.83,1842.04,1843.81,175.391685
2026-07-18 16:00:00+00:00,1843.9,1844.35,1841.87,1844.23,222.130542
2026-07-18 16:15:00+00:00,1844.22,1844.74,1842.62,1843.66,231.095314
2026-07-18 16:30:00+00:00,1843.66,1845.43,1842.59,1843.43,135.193456
2026-07-18 16:45:00+00:00,1843.46,1847.2,1841.61,1846.12,1276.413293
2026-07-18 17:00:00+00:00,1846.12,1846.45,1844.91,1845.93,187.607883
2026-07-18 17:15:00+00:00,1845.98,1848.51,1843.57,1844.07,343.320358
2026-07-18 17:30:00+00:00,1844.07,1850.36,1844.07,1849.58,544.620225
2026-07-18 17:45:00+00:00,1849.44,1853.27,1848.88,1852.67,952.080947
2026-07-18 18:00:00+00:00,1852.76,1853.1,1850.15,1850.17,188.12825
2026-07-18 18:15:00+00:00,1850.17,1867.5,1849.81,1859.02,3567.977678
2026-07-18 18:30:00+00:00,1859.06,1859.63,1854.49,1854.9,480.90375
2026-07-18 18:45:00+00:00,1854.9,1859.3,1854.69,1857.4,1272.694164
2026-07-18 19:00:00+00:00,1857.37,1860.53,1856.89,1858.91,933.016464
2026-07-18 19:15:00+00:00,1858.98,1861.53,1856.14,1856.87,336.82336
2026-07-18 19:30:00+00:00,1856.87,1859.27,1855.62,1857.88,332.669058
2026-07-18 19:45:00+00:00,1857.89,1858.91,1857.21,1858.45,122.542424
2026-07-18 20:00:00+00:00,1858.46,1860.29,1857.23,1859.62,418.361295
2026-07-18 20:15:00+00:00,1859.63,1863.46,1859.25,1859.42,514.638882
2026-07-18 20:30:00+00:00,1859.5,1859.5,1856.48,1857.79,136.30805
2026-07-18 20:45:00+00:00,1857.8,1858.16,1855.46,1857.12,202.744231
2026-07-18 21:00:00+00:00,1857.12,1861.98,1855.83,1861.96,253.314451
2026-07-18 21:15:00+00:00,1862.0,1863.29,1859.16,1859.53,264.052524
2026-07-18 21:30:00+00:00,1859.53,1859.88,1857.81,1858.35,188.152425
2026-07-18 21:45:00+00:00,1858.27,1862.85,1856.39,1860.86,293.891549
2026-07-18 22:00:00+00:00,1860.85,1865.58,1859.9,1863.35,818.889508
2026-07-18 22:15:00+00:00,1863.24,1864.67,1861.33,1861.34,324.462833
2026-07-18 22:30:00+00:00,1861.3,1862.99,1860.56,1862.61,175.782822
2026-07-18 22:45:00+00:00,1862.67,1864.67,1861.54,1863.47,205.969818
2026-07-18 23:00:00+00:00,1863.43,1864.39,1859.79,1860.68,250.702496
2026-07-18 23:15:00+00:00,1860.71,1863.47,1860.12,1863.0,251.734214
2026-07-18 23:30:00+00:00,1863.0,1863.03,1861.11,1861.94,223.903123
2026-07-18 23:45:00+00:00,1861.93,1862.95,1861.03,1862.63,434.40554
2026-07-19 00:00:00+00:00,1862.64,1863.21,1862.05,1862.28,252.892286
2026-07-19 00:15:00+00:00,1862.29,1863.79,1859.38,1859.75,396.807107
2026-07-19 00:30:00+00:00,1859.75,1861.48,1859.26,1859.99,280.551163
2026-07-19 00:45:00+00:00,1859.99,1863.16,1859.68,1861.32,268.29659
2026-07-19 01:00:00+00:00,1861.34,1861.58,1859.69,1860.42,366.297115
2026-07-19 01:15:00+00:00,1860.52,1861.2,1859.42,1859.98,496.078369
2026-07-19 01:30:00+00:00,1859.79,1860.64,1858.39,1859.04,381.423613
2026-07-19 01:45:00+00:00,1859.1,1860.0,1858.51,1859.13,315.823539
2026-07-19 02:00:00+00:00,1858.96,1872.76,1858.19,1870.68,2353.357316
2026-07-19 02:15:00+00:00,1870.68,1872.89,1867.6,1867.94,622.359465
2026-07-19 02:30:00+00:00,1867.94,1877.37,1867.94,1872.67,1660.541193
2026-07-19 02:45:00+00:00,1872.81,1874.46,1871.02,1871.42,348.249563
2026-07-19 03:00:00+00:00,1871.43,1872.89,1867.91,1867.91,530.416733
2026-07-19 03:15:00+00:00,1867.92,1867.92,1863.74,1865.3,498.51485
2026-07-19 03:30:00+00:00,1865.31,1866.99,1865.03,1865.44,285.571217
2026-07-19 03:45:00+00:00,1865.43,1867.31,1864.58,1867.14,132.68707
2026-07-19 04:00:00+00:00,1867.23,1868.63,1864.23,1865.6,362.108385
2026-07-19 04:15:00+00:00,1865.6,1867.19,1865.47,1866.96,281.544878
2026-07-19 04:30:00+00:00,1866.96,1870.32,1866.2,1868.36,192.445782
2026-07-19 04:45:00+00:00,1868.36,1870.36,1866.61,1867.37,187.146764
2026-07-19 05:00:00+00:00,1867.37,1870.22,1867.37,1870.21,114.496185
2026-07-19 05:15:00+00:00,1870.22,1870.32,1868.01,1868.34,177.931942
2026-07-19 05:30:00+00:00,1868.27,1868.27,1865.63,1867.61,143.773939
2026-07-19 05:45:00+00:00,1867.61,1870.22,1867.61,1868.53,94.314883
2026-07-19 06:00:00+00:00,1868.53,1869.96,1868.19,1869.73,136.300005
2026-07-19 06:15:00+00:00,1869.52,1870.84,1868.62,1869.44,271.083327
2026-07-19 06:30:00+00:00,1869.44,1871.52,1868.8,1870.31,193.572451
2026-07-19 06:45:00+00:00,1870.32,1870.72,1868.57,1869.26,189.454043
2026-07-19 07:00:00+00:00,1869.26,1869.26,1867.03,1867.9,60.541743
2026-07-19 07:15:00+00:00,1867.9,1869.66,1867.32,1869.3,97.371315
2026-07-19 07:30:00+00:00,1869.3,1871.9,1868.58,1871.02,353.51969
2026-07-19 07:45:00+00:00,1871.09,1871.09,1868.61,1870.14,259.191723
2026-07-19 08:00:00+00:00,1870.14,1871.0,1868.2,1870.56,209.075144
2026-07-19 08:15:00+00:00,1870.47,1870.47,1867.56,1868.77,177.355369
2026-07-19 08:30:00+00:00,1868.77,1871.18,1867.51,1870.41,175.839615
2026-07-19 08:45:00+00:00,1870.41,1875.33,1870.4,1873.65,528.052995
2026-07-19 09:00:00+00:00,1873.66,1874.03,1871.07,1871.08,115.04901
2026-07-19 09:15:00+00:00,1871.08,1871.08,1866.25,1868.67,616.582168
2026-07-19 09:30:00+00:00,1868.68,1870.35,1865.45,1866.55,582.090207
2026-07-19 09:45:00+00:00,1866.54,1868.18,1865.28,1866.32,350.911428
2026-07-19 10:00:00+00:00,1866.28,1867.68,1864.0,1866.21,409.40221
2026-07-19 10:15:00+00:00,1866.2,1868.74,1866.2,1868.42,258.017706
2026-07-19 10:30:00+00:00,1868.42,1872.66,1867.25,1871.91,979.830667
2026-07-19 10:45:00+00:00,1871.92,1879.99,1871.92,1872.39,1190.667638
2026-07-19 11:00:00+00:00,1872.4,1877.11,1870.0,1875.19,465.851909
2026-07-19 11:15:00+00:00,1875.19,1879.0,1874.18,1875.71,678.95652
2026-07-19 11:30:00+00:00,1875.68,1877.41,1874.14,1875.34,296.771872
2026-07-19 11:45:00+00:00,1875.36,1875.8,1870.43,1871.31,305.749964
2026-07-19 12:00:00+00:00,1871.29,1871.64,1864.6,1864.87,1182.430171
2026-07-19 12:15:00+00:00,1864.88,1874.39,1864.35,1868.69,849.56312
2026-07-19 12:30:00+00:00,1868.7,1874.07,1868.7,1871.01,270.390147
2026-07-19 12:45:00+00:00,1871.0,1871.75,1868.59,1870.48,208.435766
2026-07-19 13:00:00+00:00,1870.48,1870.78,1866.24,1867.44,363.071533
2026-07-19 13:15:00+00:00,1867.34,1869.29,1865.87,1869.05,178.636964
2026-07-19 13:30:00+00:00,1869.06,1872.59,1868.16,1869.43,902.733251
2026-07-19 13:45:00+00:00,1869.42,1873.92,1869.17,1871.76,421.079897
2026-07-19 14:00:00+00:00,1871.76,1874.37,1870.86,1873.48,446.209703
2026-07-19 14:15:00+00:00,1873.48,1874.25,1868.67,1871.63,299.557645
2026-07-19 14:30:00+00:00,1871.48,1876.29,1871.03,1873.69,654.53578
2026-07-19 14:45:00+00:00,1873.69,1879.94,1873.48,1874.8,668.947932
2026-07-19 15:00:00+00:00,1874.66,1876.23,1872.82,1874.36,296.5733
2026-07-19 15:15:00+00:00,1874.37,1875.0,1868.84,1869.52,530.67629
2026-07-19 15:30:00+00:00,1869.52,1873.88,1869.44,1872.0,227.950578
2026-07-19 15:45:00+00:00,1872.0,1872.67,1870.29,1870.94,395.874395
2026-07-19 16:00:00+00:00,1871.0,1873.6,1868.34,1870.61,295.026137
2026-07-19 16:15:00+00:00,1870.55,1872.66,1869.05,1870.41,216.194197
2026-07-19 16:30:00+00:00,1870.41,1870.44,1866.96,1868.66,292.346695
2026-07-19 16:45:00+00:00,1868.67,1869.2,1865.91,1866.7,220.309543
2026-07-19 17:00:00+00:00,1866.71,1872.13,1857.82,1871.6,1852.333434
2026-07-19 17:15:00+00:00,1871.55,1874.04,1867.56,1869.83,546.207861
2026-07-19 17:30:00+00:00,1869.84,1873.41,1869.01,1869.48,285.6552
2026-07-19 17:45:00+00:00,1869.48,1869.95,1867.32,1867.32,172.297547
2026-07-19 18:00:00+00:00,1867.31,1867.83,1852.01,1862.7,1897.414821
2026-07-19 18:15:00+00:00,1862.61,1863.32,1857.91,1858.03,855.660486
2026-07-19 18:30:00+00:00,1858.03,1861.23,1856.62,1859.76,167.172098
2026-07-19 18:45:00+00:00,1859.75,1861.07,1857.81,1861.07,166.588703
2026-07-19 19:00:00+00:00,1861.1,1861.64,1854.81,1860.22,235.632496
2026-07-19 19:15:00+00:00,1860.25,1860.98,1858.98,1860.37,91.091442
2026-07-19 19:30:00+00:00,1860.28,1861.19,1858.62,1859.29,97.514812
2026-07-19 19:45:00+00:00,1859.29,1862.89,1858.88,1862.4,153.777825
2026-07-19 20:00:00+00:00,1862.41,1866.5,1862.41,1863.97,371.354942
2026-07-19 20:15:00+00:00,1863.96,1864.99,1862.22,1864.42,212.180428
2026-07-19 20:30:00+00:00,1864.45,1866.54,1863.85,1865.66,81.167228
2026-07-19 20:45:00+00:00,1865.67,1867.28,1864.17,1867.28,238.215175
2026-07-19 21:00:00+00:00,1867.28,1868.52,1865.0,1867.03,412.890478
2026-07-19 21:15:00+00:00,1866.98,1867.38,1862.7,1864.37,214.30402
2026-07-19 21:30:00+00:00,1864.36,1864.37,1857.65,1859.09,650.650789
2026-07-19 21:45:00+00:00,1859.06,1861.99,1858.7,1861.99,159.126786
2026-07-19 22:00:00+00:00,1861.92,1872.17,1857.15,1869.07,1830.249583
2026-07-19 22:15:00+00:00,1869.09,1877.09,1869.09,1871.39,1280.248085
2026-07-19 22:30:00+00:00,1871.3,1875.37,1867.36,1874.51,348.82666
2026-07-19 22:45:00+00:00,1874.4,1874.4,1869.84,1870.61,255.939844
2026-07-19 23:00:00+00:00,1870.61,1871.58,1865.01,1870.79,596.290717
2026-07-19 23:15:00+00:00,1870.8,1871.7,1868.01,1869.07,453.021844
2026-07-19 23:30:00+00:00,1869.11,1874.42,1867.65,1873.72,1557.601296
2026-07-19 23:45:00+00:00,1873.78,1875.37,1869.58,1872.19,325.343807
2026-07-20 00:00:00+00:00,1872.19,1890.6,1866.3,1887.52,2695.447194
2026-07-20 00:15:00+00:00,1887.49,1892.0,1877.15,1879.85,1482.470668
2026-07-20 00:30:00+00:00,1879.85,1885.6,1876.47,1880.85,867.640056
2026-07-20 00:45:00+00:00,1880.81,1880.81,1862.64,1872.21,2372.171361
2026-07-20 01:00:00+00:00,1872.09,1889.98,1870.17,1879.8,2013.145101
2026-07-20 01:15:00+00:00,1879.8,1884.79,1872.62,1880.74,833.344821
2026-07-20 01:30:00+00:00,1880.73,1881.55,1870.0,1873.87,1118.283762
2026-07-20 01:45:00+00:00,1873.78,1875.12,1865.77,1869.47,1110.67691
2026-07-20 02:00:00+00:00,1869.48,1882.61,1868.8,1877.65,886.490485
2026-07-20 02:15:00+00:00,1877.65,1878.62,1868.01,1871.65,557.758181
2026-07-20 02:30:00+00:00,1871.64,1880.52,1871.13,1877.36,579.671744
2026-07-20 02:45:00+00:00,1877.55,1883.33,1877.28,1878.94,842.14597
2026-07-20 03:00:00+00:00,1879.05,1881.4,1876.69,1880.28,234.704842
2026-07-20 03:15:00+00:00,1880.2,1882.32,1871.0,1872.91,565.782498
2026-07-20 03:30:00+00:00,1872.9,1880.0,1872.08,1880.0,742.600447
2026-07-20 03:45:00+00:00,1880.0,1880.56,1876.46,1879.94,229.826701
2026-07-20 04:00:00+00:00,1879.98,1880.0,1872.0,1872.44,297.653002
2026-07-20 04:15:00+00:00,1872.45,1874.93,1868.45,1874.05,481.54696
2026-07-20 04:30:00+00:00,1874.07,1878.79,1872.44,1875.92,401.739518
2026-07-20 04:45:00+00:00,1875.92,1877.31,1868.57,1868.86,601.250734
2026-07-20 05:00:00+00:00,1869.2,1869.88,1850.48,1859.24,2769.495497
2026-07-20 05:15:00+00:00,1859.28,1864.45,1855.31,1859.31,956.831207
2026-07-20 05:30:00+00:00,1859.14,1860.8,1856.59,1858.59,475.712262
2026-07-20 05:45:00+00:00,1858.79,1858.91,1854.16,1855.4,605.298244
2026-07-20 06:00:00+00:00,1855.51,1857.72,1852.37,1857.13,569.430238
2026-07-20 06:15:00+00:00,1857.1,1859.97,1854.48,1856.66,604.525724
2026-07-20 06:30:00+00:00,1856.64,1857.23,1842.48,1848.45,3163.40131
2026-07-20 06:45:00+00:00,1848.24,1850.69,1846.04,1849.62,671.778456
2026-07-20 07:00:00+00:00,1849.77,1854.28,1849.72,1852.89,431.428265
2026-07-20 07:15:00+00:00,1852.77,1859.48,1848.94,1857.99,873.502276
2026-07-20 07:30:00+00:00,1858.0,1862.51,1857.11,1862.51,1075.509316
2026-07-20 07:45:00+00:00,1862.51,1865.45,1861.19,1863.88,856.190013
2026-07-20 08:00:00+00:00,1863.93,1866.54,1861.32,1864.59,985.647915
2026-07-20 08:15:00+00:00,1864.6,1868.33,1863.65,1863.95,560.817937
2026-07-20 08:30:00+00:00,1863.91,1864.78,1854.01,1854.65,2228.233783
2026-07-20 08:45:00+00:00,1854.78,1863.46,1854.78,1860.67,725.419085
2026-07-20 09:00:00+00:00,1860.66,1861.93,1857.89,1859.92,302.130231
2026-07-20 09:15:00+00:00,1859.92,1864.28,1859.92,1863.81,458.141519
2026-07-20 09:30:00+00:00,1863.91,1865.94,1862.98,1865.54,252.930548
2026-07-20 09:45:00+00:00,1865.55,1867.37,1863.95,1864.19,690.627291
2026-07-20 10:00:00+00:00,1864.19,1866.84,1862.69,1865.87,368.476461
2026-07-20 10:15:00+00:00,1865.86,1872.53,1864.34,1870.18,778.301793
2026-07-20 10:30:00+00:00,1870.17,1870.6,1867.32,1870.46,258.726897
2026-07-20 10:45:00+00:00,1870.4,1870.41,1868.59,1869.0,1305.35085
2026-07-20 11:00:00+00:00,1869.01,1876.95,1867.89,1874.95,1394.57596
2026-07-20 11:15:00+00:00,1874.97,1876.05,1872.43,1874.21,193.188719
2026-07-20 11:30:00+00:00,1874.2,1895.0,1874.01,1887.72,5958.513045
2026-07-20 11:45:00+00:00,1887.83,1896.56,1886.9,1893.22,2141.270282
2026-07-20 12:00:00+00:00,1893.18,1893.97,1878.79,1880.44,2752.217957
2026-07-20 12:15:00+00:00,1880.43,1881.8,1876.17,1877.52,1006.574955
2026-07-20 12:30:00+00:00,1877.43,1879.03,1872.36,1873.45,910.300349
2026-07-20 12:45:00+00:00,1873.23,1876.17,1871.43,1873.37,502.381694
2026-07-20 13:00:00+00:00,1873.38,1875.65,1872.25,1872.84,462.368244
2026-07-20 13:15:00+00:00,1872.89,1875.66,1866.98,1870.48,1329.086809
2026-07-20 13:30:00+00:00,1870.52,1880.53,1868.85,1876.11,1737.215525
2026-07-20 13:45:00+00:00,1876.31,1877.3,1857.42,1862.57,5840.696674
2026-07-20 14:00:00+00:00,1862.56,1865.78,1859.41,1861.56,1147.179029
2026-07-20 14:15:00+00:00,1861.58,1867.34,1853.6,1867.32,1457.104973
2026-07-20 14:30:00+00:00,1867.35,1869.8,1863.64,1866.54,517.828557
2026-07-20 14:45:00+00:00,1866.47,1871.99,1863.08,1868.23,754.945887
2026-07-20 15:00:00+00:00,1868.24,1886.3,1867.7,1885.29,2734.127129
2026-07-20 15:15:00+00:00,1885.39,1887.22,1881.95,1885.11,1619.759765
2026-07-20 15:30:00+00:00,1885.1,1893.94,1881.58,1891.39,1629.534847
2026-07-20 15:45:00+00:00,1891.39,1905.0,1891.39,1902.48,5146.303954
2026-07-20 16:00:00+00:00,1902.49,1904.7,1893.55,1903.82,1755.510463
2026-07-20 16:15:00+00:00,1903.76,1907.0,1896.99,1900.41,1302.825776
2026-07-20 16:30:00+00:00,1900.42,1904.31,1895.77,1897.03,2556.772623
2026-07-20 16:45:00+00:00,1896.9,1902.58,1895.4,1899.37,956.672217
2026-07-20 17:00:00+00:00,1899.3,1903.39,1897.01,1898.78,1598.039178
2026-07-20 17:15:00+00:00,1898.78,1901.0,1895.3,1900.04,412.221054
2026-07-20 17:30:00+00:00,1900.04,1900.46,1896.08,1897.51,296.037942
2026-07-20 17:45:00+00:00,1897.37,1909.67,1897.24,1907.84,2779.928279
2026-07-20 18:00:00+00:00,1907.77,1917.89,1907.18,1914.96,3233.734848
2026-07-20 18:15:00+00:00,1914.86,1918.0,1906.83,1908.24,1814.555575
2026-07-20 18:30:00+00:00,1908.24,1908.5,1901.82,1902.26,545.534987
2026-07-20 18:45:00+00:00,1902.26,1903.0,1897.22,1899.5,1731.434429
2026-07-20 19:00:00+00:00,1899.45,1900.07,1891.48,1891.8,789.545405
2026-07-20 19:15:00+00:00,1891.71,1897.78,1890.03,1896.73,886.374566
2026-07-20 19:30:00+00:00,1896.73,1898.49,1893.33,1897.32,522.409554
2026-07-20 19:45:00+00:00,1897.32,1901.15,1896.19,1898.31,767.237687
2026-07-20 20:00:00+00:00,1898.5,1901.58,1896.09,1901.42,299.276268
2026-07-20 20:15:00+00:00,1901.42,1903.14,1900.01,1901.53,194.590137
2026-07-20 20:30:00+00:00,1901.34,1906.54,1901.34,1903.87,577.799721
2026-07-20 20:45:00+00:00,1903.87,1905.25,1902.65,1904.79,246.787139
2026-07-20 21:00:00+00:00,1904.8,1907.57,1904.04,1905.27,477.422855
2026-07-20 21:15:00+00:00,1905.26,1907.0,1904.62,1904.94,195.291431
2026-07-20 21:30:00+00:00,1904.95,1907.0,1904.6,1904.83,402.55906
2026-07-20 21:45:00+00:00,1904.99,1905.81,1902.0,1902.31,394.089642
2026-07-20 22:00:00+00:00,1902.31,1902.57,1898.67,1899.79,275.554479
2026-07-20 22:15:00+00:00,1899.67,1899.89,1896.49,1896.5,404.055667
2026-07-20 22:30:00+00:00,1896.49,1897.79,1894.4,1895.15,429.076136
2026-07-20 22:45:00+00:00,1895.19,1896.15,1894.7,1895.71,238.878363
2026-07-20 23:00:00+00:00,1895.71,1901.31,1895.13,1899.12,169.911548
2026-07-20 23:15:00+00:00,1899.03,1903.54,1899.03,1903.42,334.892277
2026-07-20 23:30:00+00:00,1903.43,1904.52,1900.82,1901.52,225.068751
2026-07-20 23:45:00+00:00,1901.62,1905.35,1899.88,1904.66,252.187271
2026-07-21 00:00:00+00:00,1904.61,1905.29,1900.62,1902.63,796.71069
2026-07-21 00:15:00+00:00,1902.6,1910.25,1901.63,1907.18,629.222259
2026-07-21 00:30:00+00:00,1907.18,1916.6,1907.09,1914.36,1352.184303
2026-07-21 00:45:00+00:00,1914.56,1917.85,1914.4,1915.06,2393.26678
2026-07-21 01:00:00+00:00,1915.0,1918.48,1912.57,1913.92,2905.092817
2026-07-21 01:15:00+00:00,1913.92,1914.09,1909.5,1910.27,831.705888
2026-07-21 01:30:00+00:00,1910.27,1915.24,1908.43,1909.87,519.700147
2026-07-21 01:45:00+00:00,1909.88,1910.98,1907.0,1907.35,418.141942
2026-07-21 02:00:00+00:00,1907.53,1913.95,1906.99,1909.66,716.071877
2026-07-21 02:15:00+00:00,1909.64,1909.64,1904.55,1907.59,358.456538
2026-07-21 02:30:00+00:00,1907.59,1913.54,1907.26,1912.15,560.591145
2026-07-21 02:45:00+00:00,1912.03,1923.93,1910.69,1917.21,2144.840022
2026-07-21 03:00:00+00:00,1917.13,1928.64,1916.74,1924.9,1901.071091
2026-07-21 03:15:00+00:00,1924.9,1928.16,1922.33,1924.91,943.283748
2026-07-21 03:30:00+00:00,1924.92,1927.76,1922.88,1926.43,588.662209
2026-07-21 03:45:00+00:00,1926.42,1928.51,1924.38,1926.72,306.840313
2026-07-21 04:00:00+00:00,1926.71,1931.17,1924.8,1925.9,2553.508095
2026-07-21 04:15:00+00:00,1925.83,1926.54,1922.54,1923.17,759.682281
2026-07-21 04:30:00+00:00,1923.4,1925.54,1922.26,1924.42,595.458468
2026-07-21 04:45:00+00:00,1924.4,1925.95,1923.4,1924.67,453.107703
2026-07-21 05:00:00+00:00,1924.63,1926.33,1922.6,1923.59,972.615112
2026-07-21 05:15:00+00:00,1923.59,1926.51,1921.88,1925.01,771.28594
2026-07-21 05:30:00+00:00,1925.02,1927.0,1923.33,1926.48,372.078824
2026-07-21 05:45:00+00:00,1926.47,1936.36,1925.48,1930.55,1885.756162
2026-07-21 06:00:00+00:00,1930.54,1934.26,1927.78,1931.87,812.312223
2026-07-21 06:15:00+00:00,1931.86,1934.25,1929.62,1932.21,684.489334
2026-07-21 06:30:00+00:00,1932.48,1940.0,1932.03,1938.04,1981.821981
2026-07-21 06:45:00+00:00,1938.06,1938.29,1933.9,1935.11,1270.529379
2026-07-21 07:00:00+00:00,1935.1,1936.57,1934.0,1935.99,459.877323
2026-07-21 07:15:00+00:00,1935.98,1938.51,1934.0,1935.43,947.410398
2026-07-21 07:30:00+00:00,1935.43,1940.94,1934.05,1934.15,2621.071747
2026-07-21 07:45:00+00:00,1934.27,1937.0,1933.1,1933.9,2468.508793
2026-07-21 08:00:00+00:00,1933.86,1938.45,1931.62,1938.15,2058.36933
2026-07-21 08:15:00+00:00,1938.15,1953.26,1936.81,1940.42,6389.008099
2026-07-21 08:30:00+00:00,1940.5,1942.92,1938.34,1942.37,1195.31027
2026-07-21 08:45:00+00:00,1942.37,1943.03,1938.94,1939.96,1128.355507
2026-07-21 09:00:00+00:00,1939.93,1940.16,1936.46,1940.16,1169.00988
2026-07-21 09:15:00+00:00,1940.16,1941.14,1938.13,1938.8,672.678744
2026-07-21 09:30:00+00:00,1938.8,1941.78,1938.37,1939.8,397.497428
2026-07-21 09:45:00+00:00,1939.8,1943.57,1939.71,1942.07,511.240541
2026-07-21 10:00:00+00:00,1942.08,1947.0,1941.47,1944.95,827.43121
2026-07-21 10:15:00+00:00,1944.94,1945.7,1942.0,1942.23,761.260765
2026-07-21 10:30:00+00:00,1942.3,1943.84,1939.4,1939.73,843.444998
2026-07-21 10:45:00+00:00,1939.67,1941.07,1931.92,1933.89,1421.86767
2026-07-21 11:00:00+00:00,1933.89,1934.59,1928.37,1929.89,1236.914091
2026-07-21 11:15:00+00:00,1929.9,1931.57,1926.75,1929.63,826.817574
2026-07-21 11:30:00+00:00,1929.63,1934.98,1929.49,1934.97,583.675544
2026-07-21 11:45:00+00:00,1934.8,1937.54,1934.58,1935.88,520.903107
2026-07-21 12:00:00+00:00,1935.89,1939.49,1933.02,1936.07,676.190024
2026-07-21 12:15:00+00:00,1936.07,1943.5,1933.6,1940.41,1462.881078
2026-07-21 12:30:00+00:00,1940.36,1945.5,1939.49,1941.99,1006.487376
2026-07-21 12:45:00+00:00,1941.99,1943.85,1940.0,1942.7,773.089485
2026-07-21 13:00:00+00:00,1942.63,1943.68,1940.3,1942.04,852.341443
2026-07-21 13:15:00+00:00,1942.03,1942.83,1936.0,1937.19,610.444012
2026-07-21 13:30:00+00:00,1937.02,1937.77,1927.23,1928.99,1087.622116
2026-07-21 13:45:00+00:00,1929.09,1941.95,1928.2,1940.44,1411.094642
2026-07-21 14:00:00+00:00,1940.46,1943.83,1936.35,1941.6,1553.609147
2026-07-21 14:15:00+00:00,1941.63,1941.63,1927.7,1932.51,1165.170959
2026-07-21 14:30:00+00:00,1932.53,1937.27,1930.84,1936.28,739.561416
2026-07-21 14:45:00+00:00,1936.36,1938.37,1931.42,1931.87,852.727043
2026-07-21 15:00:00+00:00,1931.82,1931.89,1925.43,1927.11,2078.50999
2026-07-21 15:15:00+00:00,1927.41,1931.47,1924.28,1925.99,1668.73734
2026-07-21 15:30:00+00:00,1925.86,1929.89,1923.41,1927.47,770.044704
2026-07-21 15:45:00+00:00,1927.47,1932.49,1926.19,1931.83,685.309881
2026-07-21 16:00:00+00:00,1931.79,1935.31,1929.37,1930.3,636.591899
2026-07-21 16:15:00+00:00,1930.29,1930.29,1924.41,1924.41,470.223024
2026-07-21 16:30:00+00:00,1924.41,1928.22,1923.0,1924.7,553.254727
2026-07-21 16:45:00+00:00,1924.77,1928.31,1921.52,1926.36,1423.960068
2026-07-21 17:00:00+00:00,1926.35,1928.42,1925.26,1926.06,304.664048
2026-07-21 17:15:00+00:00,1926.07,1926.74,1922.01,1925.38,667.090296
2026-07-21 17:30:00+00:00,1925.38,1927.52,1923.39,1927.29,771.697005
2026-07-21 17:45:00+00:00,1927.29,1927.46,1910.64,1918.73,2497.908114
2026-07-21 18:00:00+00:00,1918.71,1923.05,1915.41,1920.68,519.979778
2026-07-21 18:15:00+00:00,1920.67,1921.84,1917.23,1920.25,219.256647
2026-07-21 18:30:00+00:00,1920.25,1922.34,1915.0,1921.71,608.21971
2026-07-21 18:45:00+00:00,1921.72,1922.37,1919.07,1920.01,386.900605
2026-07-21 19:00:00+00:00,1920.01,1923.32,1918.29,1919.64,637.4036
2026-07-21 19:15:00+00:00,1919.63,1924.39,1919.08,1924.13,262.464978
2026-07-21 19:30:00+00:00,1923.98,1925.99,1922.84,1923.84,205.934032
2026-07-21 19:45:00+00:00,1923.75,1925.92,1921.59,1923.29,906.736574
2026-07-21 20:00:00+00:00,1923.25,1924.33,1921.58,1922.47,258.090457
2026-07-21 20:15:00+00:00,1922.46,1922.98,1921.51,1922.85,132.771831
2026-07-21 20:30:00+00:00,1922.85,1926.3,1922.85,1924.83,332.721263
2026-07-21 20:45:00+00:00,1924.86,1925.17,1922.79,1923.09,232.992791
2026-07-21 21:00:00+00:00,1923.1,1923.4,1920.0,1923.4,1121.943475
2026-07-21 21:15:00+00:00,1923.39,1924.99,1922.14,1923.89,160.206058
2026-07-21 21:30:00+00:00,1923.89,1926.5,1923.89,1926.21,306.437579
2026-07-21 21:45:00+00:00,1926.21,1926.21,1923.5,1924.17,533.722654
2026-07-21 22:00:00+00:00,1924.18,1924.18,1921.01,1922.43,309.741989
2026-07-21 22:15:00+00:00,1922.43,1922.73,1920.01,1921.61,260.715447
2026-07-21 22:30:00+00:00,1921.57,1923.61,1920.47,1921.48,243.994174
2026-07-21 22:45:00+00:00,1921.48,1921.48,1918.06,1920.83,1289.505061
2026-07-21 23:00:00+00:00,1920.74,1920.74,1916.44,1917.74,297.932906
2026-07-21 23:15:00+00:00,1917.74,1922.63,1917.74,1922.63,209.131494
2026-07-21 23:30:00+00:00,1922.63,1924.99,1921.26,1924.1,235.228828
2026-07-21 23:45:00+00:00,1924.11,1931.9,1922.01,1930.2,1777.483583
2026-07-22 00:00:00+00:00,1930.19,1938.55,1929.1,1938.19,1500.886969
2026-07-22 00:15:00+00:00,1938.2,1944.18,1935.99,1937.01,1779.636659
2026-07-22 00:30:00+00:00,1937.0,1942.62,1934.62,1939.8,648.175281
2026-07-22 00:45:00+00:00,1939.8,1941.7,1936.01,1939.07,841.710348
2026-07-22 01:00:00+00:00,1939.07,1940.57,1934.62,1934.75,499.661688
2026-07-22 01:15:00+00:00,1934.78,1935.31,1927.41,1931.07,1475.332525
2026-07-22 01:30:00+00:00,1930.98,1935.49,1928.53,1933.16,913.476081
2026-07-22 01:45:00+00:00,1933.11,1937.54,1931.76,1933.44,876.084536
2026-07-22 02:00:00+00:00,1933.38,1934.68,1929.24,1933.51,1159.726336
2026-07-22 02:15:00+00:00,1933.45,1936.17,1931.58,1932.19,561.742452
2026-07-22 02:30:00+00:00,1932.15,1932.15,1926.67,1930.3,780.074865
2026-07-22 02:45:00+00:00,1930.25,1931.55,1928.26,1930.02,559.607237
2026-07-22 03:00:00+00:00,1930.16,1933.75,1926.57,1926.95,486.298819
2026-07-22 03:15:00+00:00,1926.95,1932.77,1926.94,1932.13,238.345695
2026-07-22 03:30:00+00:00,1932.12,1933.0,1928.8,1931.72,278.389665
2026-07-22 03:45:00+00:00,1931.69,1935.82,1927.39,1928.46,926.374895
2026-07-22 04:00:00+00:00,1928.46,1934.35,1928.01,1933.97,490.48728
2026-07-22 04:15:00+00:00,1933.83,1937.14,1933.5,1935.27,1209.53446
2026-07-22 04:30:00+00:00,1935.3,1939.0,1933.67,1938.85,422.064594
2026-07-22 04:45:00+00:00,1938.75,1939.18,1935.5,1936.45,694.308626
2026-07-22 05:00:00+00:00,1936.5,1936.92,1931.75,1932.64,537.944614
2026-07-22 05:15:00+00:00,1932.54,1932.54,1921.69,1922.93,2783.374729
2026-07-22 05:30:00+00:00,1922.8,1926.23,1919.43,1920.48,1084.428368
2026-07-22 05:45:00+00:00,1920.48,1922.41,1918.18,1919.56,852.479846
2026-07-22 06:00:00+00:00,1919.56,1921.2,1916.25,1919.99,888.696532
2026-07-22 06:15:00+00:00,1920.01,1920.01,1913.68,1914.68,1540.265554
2026-07-22 06:30:00+00:00,1914.7,1919.51,1913.15,1917.82,941.742417
2026-07-22 06:45:00+00:00,1917.83,1919.25,1916.02,1917.43,479.091203
2026-07-22 07:00:00+00:00,1917.61,1919.05,1915.75,1916.43,559.562235
2026-07-22 07:15:00+00:00,1916.52,1918.17,1912.83,1918.17,1386.055487
2026-07-22 07:30:00+00:00,1918.17,1918.8,1910.61,1912.92,1225.497839
2026-07-22 07:45:00+00:00,1912.92,1914.7,1910.6,1914.34,1406.820434
2026-07-22 08:00:00+00:00,1914.37,1923.44,1913.84,1920.94,1564.42142
2026-07-22 08:15:00+00:00,1920.94,1925.34,1919.93,1921.83,388.135912
2026-07-22 08:30:00+00:00,1921.88,1923.65,1918.7,1919.14,446.393534
2026-07-22 08:45:00+00:00,1919.16,1921.77,1919.14,1921.11,362.253969
2026-07-22 09:00:00+00:00,1921.11,1926.78,1920.63,1924.43,1006.888183
2026-07-22 09:15:00+00:00,1924.43,1925.91,1923.72,1925.06,476.064811
2026-07-22 09:30:00+00:00,1925.06,1925.07,1919.4,1921.33,456.948409
2026-07-22 09:45:00+00:00,1921.33,1924.67,1919.54,1924.48,414.247689
2026-07-22 10:00:00+00:00,1924.48,1925.43,1922.76,1924.24,524.629278
2026-07-22 10:15:00+00:00,1924.24,1928.68,1923.24,1928.31,991.573034
2026-07-22 10:30:00+00:00,1928.31,1931.85,1927.08,1930.97,1130.574917
2026-07-22 10:45:00+00:00,1930.97,1933.54,1930.29,1930.63,1086.686049
2026-07-22 11:00:00+00:00,1930.64,1931.68,1928.58,1929.02,410.203594
2026-07-22 11:15:00+00:00,1929.02,1929.95,1926.64,1928.1,239.842123
2026-07-22 11:30:00+00:00,1928.09,1929.18,1922.61,1922.82,725.807375
2026-07-22 11:45:00+00:00,1922.81,1927.93,1922.28,1927.36,248.940489
2026-07-22 12:00:00+00:00,1927.36,1927.36,1922.67,1926.37,435.505662
2026-07-22 12:15:00+00:00,1926.37,1927.37,1922.59,1923.76,290.06013
2026-07-22 12:30:00+00:00,1923.75,1925.46,1920.36,1921.21,446.221759
2026-07-22 12:45:00+00:00,1921.2,1922.8,1913.47,1917.14,1203.63517
2026-07-22 13:00:00+00:00,1917.17,1921.39,1917.01,1920.13,393.211575
2026-07-22 13:15:00+00:00,1920.14,1922.69,1918.65,1921.57,348.182695
2026-07-22 13:30:00+00:00,1921.57,1939.0,1921.57,1937.55,2837.881231
2026-07-22 13:45:00+00:00,1937.43,1942.64,1935.01,1939.9,2468.460219
2026-07-22 14:00:00+00:00,1939.86,1956.27,1938.09,1941.63,4802.394464
2026-07-22 14:15:00+00:00,1941.63,1941.63,1923.12,1924.94,2962.701701
2026-07-22 14:30:00+00:00,1924.91,1935.3,1923.34,1927.6,1087.891452
2026-07-22 14:45:00+00:00,1927.6,1933.16,1926.81,1933.0,587.78236
2026-07-22 15:00:00+00:00,1933.19,1943.57,1932.87,1941.93,1039.498486
2026-07-22 15:15:00+00:00,1941.91,1952.17,1940.78,1948.34,3458.581101
2026-07-22 15:30:00+00:00,1948.4,1950.0,1939.74,1944.18,986.274851
2026-07-22 15:45:00+00:00,1944.2,1947.0,1941.21,1942.69,680.904055
2026-07-22 16:00:00+00:00,1942.7,1947.09,1939.23,1944.36,900.71157
2026-07-22 16:15:00+00:00,1944.45,1944.58,1935.43,1939.5,1055.63428
2026-07-22 16:30:00+00:00,1939.49,1957.1,1939.01,1951.25,5136.984534
2026-07-22 16:45:00+00:00,1951.3,1952.34,1946.66,1949.73,1229.982975
2026-07-22 17:00:00+00:00,1949.73,1950.0,1945.55,1945.9,460.766305
2026-07-22 17:15:00+00:00,1945.91,1946.23,1934.7,1936.69,1550.451386
2026-07-22 17:30:00+00:00,1936.68,1944.64,1936.22,1944.16,475.836428
2026-07-22 17:45:00+00:00,1944.05,1946.34,1938.3,1938.51,456.502917
2026-07-22 18:00:00+00:00,1938.5,1939.99,1932.81,1935.67,903.748027
2026-07-22 18:15:00+00:00,1935.67,1939.38,1932.0,1933.23,974.795981
2026-07-22 18:30:00+00:00,1933.17,1933.17,1923.16,1925.84,2135.682775
2026-07-22 18:45:00+00:00,1925.77,1932.57,1924.85,1930.62,584.610079
2026-07-22 19:00:00+00:00,1930.65,1932.16,1921.03,1924.54,727.972212
2026-07-22 19:15:00+00:00,1924.53,1928.77,1924.15,1927.34,944.456509
2026-07-22 19:30:00+00:00,1927.39,1928.93,1924.76,1925.21,353.600705
2026-07-22 19:45:00+00:00,1925.21,1927.7,1923.98,1924.98,392.544488
2026-07-22 20:00:00+00:00,1924.98,1929.16,1922.87,1929.13,1522.071725
2026-07-22 20:15:00+00:00,1929.13,1930.34,1927.16,1927.8,907.435297
2026-07-22 20:30:00+00:00,1927.79,1929.19,1926.39,1928.22,421.736743
2026-07-22 20:45:00+00:00,1928.21,1928.38,1926.32,1926.83,126.001751
2026-07-22 21:00:00+00:00,1926.84,1930.27,1926.83,1927.75,476.4621
2026-07-22 21:15:00+00:00,1927.71,1929.62,1927.03,1928.05,159.669527
2026-07-22 21:30:00+00:00,1928.05,1935.84,1927.77,1935.64,898.122516
2026-07-22 21:45:00+00:00,1935.67,1939.74,1933.59,1938.8,470.55989
2026-07-22 22:00:00+00:00,1938.81,1939.4,1934.3,1936.29,402.403975
2026-07-22 22:15:00+00:00,1936.3,1936.73,1933.07,1936.29,126.844359
2026-07-22 22:30:00+00:00,1936.29,1936.29,1930.85,1933.26,467.073397
2026-07-22 22:45:00+00:00,1933.25,1939.09,1933.07,1938.4,296.230891
2026-07-22 23:00:00+00:00,1938.39,1938.57,1923.54,1925.58,1742.471814
2026-07-22 23:15:00+00:00,1925.6,1930.58,1923.49,1929.01,760.407401
2026-07-22 23:30:00+00:00,1929.0,1930.58,1928.42,1929.8,204.755749
2026-07-22 23:45:00+00:00,1929.8,1934.59,1929.01,1934.3,317.033505
2026-07-23 00:00:00+00:00,1934.3,1938.48,1933.5,1935.18,566.641648
2026-07-23 00:15:00+00:00,1935.19,1941.56,1932.37,1938.48,1085.14058
2026-07-23 00:30:00+00:00,1938.47,1940.14,1935.88,1935.88,299.93047
2026-07-23 00:45:00+00:00,1935.88,1937.64,1932.46,1932.46,491.180607
2026-07-23 01:00:00+00:00,1932.46,1936.75,1931.16,1933.27,1210.77051
2026-07-23 01:15:00+00:00,1933.28,1935.0,1928.45,1933.64,1071.036237
2026-07-23 01:30:00+00:00,1933.7,1934.57,1926.51,1928.31,844.198224
2026-07-23 01:45:00+00:00,1928.31,1930.21,1927.6,1928.35,359.323204
2026-07-23 02:00:00+00:00,1928.35,1929.62,1925.39,1925.43,581.824407
2026-07-23 02:15:00+00:00,1925.39,1926.8,1922.11,1924.41,889.804741
2026-07-23 02:30:00+00:00,1924.59,1928.25,1924.05,1926.09,334.435671
2026-07-23 02:45:00+00:00,1926.09,1928.34,1925.82,1927.63,415.891749
2026-07-23 03:00:00+00:00,1927.63,1928.02,1920.53,1921.9,515.232286
2026-07-23 03:15:00+00:00,1921.89,1924.88,1920.52,1922.72,792.013308
2026-07-23 03:30:00+00:00,1922.72,1925.1,1921.56,1922.86,277.861489
2026-07-23 03:45:00+00:00,1922.85,1922.98,1917.61,1920.61,1241.359477
2026-07-23 04:00:00+00:00,1920.57,1922.62,1918.62,1922.62,512.723079
2026-07-23 04:15:00+00:00,1922.62,1926.15,1921.46,1925.2,287.757911
2026-07-23 04:30:00+00:00,1925.12,1925.13,1922.04,1922.63,577.932455
2026-07-23 04:45:00+00:00,1922.63,1923.73,1918.82,1919.84,410.052896
2026-07-23 05:00:00+00:00,1919.85,1921.18,1918.37,1920.05,373.513217
2026-07-23 05:15:00+00:00,1920.06,1925.82,1918.78,1925.82,785.55203
2026-07-23 05:30:00+00:00,1925.83,1928.88,1924.84,1925.37,912.311935
2026-07-23 05:45:00+00:00,1925.36,1925.92,1921.18,1922.83,399.493742
2026-07-23 06:00:00+00:00,1922.84,1923.69,1921.17,1922.94,340.659095
2026-07-23 06:15:00+00:00,1922.94,1926.35,1921.66,1926.35,505.165052
2026-07-23 06:30:00+00:00,1926.35,1926.79,1924.14,1925.79,379.14608
2026-07-23 06:45:00+00:00,1925.8,1926.74,1924.68,1925.4,133.529134
2026-07-23 07:00:00+00:00,1925.39,1925.39,1913.76,1917.8,1943.901275
2026-07-23 07:15:00+00:00,1917.72,1917.81,1914.31,1916.06,1001.747603
2026-07-23 07:30:00+00:00,1916.07,1916.93,1913.63,1913.64,563.512669
2026-07-23 07:45:00+00:00,1913.64,1916.15,1912.8,1915.79,569.618074
2026-07-23 08:00:00+00:00,1915.8,1920.7,1914.47,1919.66,669.495477
2026-07-23 08:15:00+00:00,1919.62,1922.83,1918.21,1922.24,536.929433
2026-07-23 08:30:00+00:00,1922.24,1926.81,1922.24,1925.77,749.596836
2026-07-23 08:45:00+00:00,1925.77,1927.31,1924.22,1926.5,687.405948
2026-07-23 09:00:00+00:00,1926.46,1930.43,1924.55,1929.15,1273.410522
2026-07-23 09:15:00+00:00,1929.15,1931.5,1927.73,1929.45,656.355428
2026-07-23 09:30:00+00:00,1929.46,1929.76,1927.6,1929.01,394.797025
2026-07-23 09:45:00+00:00,1929.01,1929.5,1923.27,1924.15,877.95434
2026-07-23 10:00:00+00:00,1924.2,1926.43,1922.0,1926.41,315.39196
2026-07-23 10:15:00+00:00,1926.41,1928.62,1924.97,1928.05,373.572692
2026-07-23 10:30:00+00:00,1928.05,1929.99,1927.82,1929.75,476.919171
2026-07-23 10:45:00+00:00,1929.74,1930.39,1927.72,1928.02,264.019324
2026-07-23 11:00:00+00:00,1928.02,1928.46,1925.39,1928.29,295.515659
2026-07-23 11:15:00+00:00,1928.28,1929.15,1925.23,1926.26,449.001185
2026-07-23 11:30:00+00:00,1926.26,1926.86,1924.65,1925.9,469.027071
2026-07-23 11:45:00+00:00,1925.9,1928.55,1925.11,1925.76,622.941699
2026-07-23 12:00:00+00:00,1925.77,1927.74,1922.02,1923.47,651.914554
2026-07-23 12:15:00+00:00,1923.47,1924.27,1918.35,1919.23,1280.937334
2026-07-23 12:30:00+00:00,1919.22,1919.22,1903.11,1904.48,4952.325334
2026-07-23 12:45:00+00:00,1904.66,1905.62,1894.34,1904.52,4911.75851
2026-07-23 13:00:00+00:00,1904.54,1907.43,1897.51,1898.46,2627.464235
2026-07-23 13:15:00+00:00,1898.3,1901.51,1895.79,1898.19,1918.336886
2026-07-23 13:30:00+00:00,1898.12,1908.5,1897.71,1907.74,2367.623961
2026-07-23 13:45:00+00:00,1907.72,1908.98,1898.58,1898.64,1977.352723
2026-07-23 14:00:00+00:00,1898.65,1904.67,1896.16,1902.34,1743.701193
2026-07-23 14:15:00+00:00,1902.32,1907.3,1900.1,1903.99,1703.24779
2026-07-23 14:30:00+00:00,1903.94,1907.23,1899.17,1899.78,635.085495
2026-07-23 14:45:00+00:00,1899.72,1901.78,1892.65,1896.53,2370.30097
2026-07-23 15:00:00+00:00,1896.54,1896.66,1883.08,1884.4,3457.369424
2026-07-23 15:15:00+00:00,1884.39,1897.1,1883.75,1892.89,3458.538028
2026-07-23 15:30:00+00:00,1892.88,1894.1,1889.0,1890.8,1245.803332
2026-07-23 15:45:00+00:00,1890.77,1897.99,1890.08,1895.38,994.242082
2026-07-23 16:00:00+00:00,1895.46,1895.59,1885.46,1890.26,2453.555642
2026-07-23 16:15:00+00:00,1890.27,1890.84,1884.81,1890.06,960.476327
2026-07-23 16:30:00+00:00,1890.07,1890.14,1886.34,1888.22,479.103402
2026-07-23 16:45:00+00:00,1888.29,1891.6,1887.51,1888.06,394.181578
2026-07-23 17:00:00+00:00,1888.09,1889.96,1886.12,1888.22,337.39498
2026-07-23 17:15:00+00:00,1888.09,1892.3,1887.75,1891.5,486.512369
2026-07-23 17:30:00+00:00,1891.48,1892.3,1888.04,1888.83,114.53715
2026-07-23 17:45:00+00:00,1888.83,1890.43,1871.77,1878.42,3467.858509
2026-07-23 18:00:00+00:00,1878.42,1881.0,1876.0,1879.28,1132.351732
2026-07-23 18:15:00+00:00,1879.27,1881.06,1876.25,1880.62,397.150612
2026-07-23 18:30:00+00:00,1880.6,1884.52,1877.1,1879.14,617.182128
2026-07-23 18:45:00+00:00,1879.15,1883.58,1879.15,1881.18,218.688232
2026-07-23 19:00:00+00:00,1881.2,1883.5,1874.95,1876.4,351.620615
2026-07-23 19:15:00+00:00,1876.51,1881.63,1876.51,1881.5,196.015603
2026-07-23 19:30:00+00:00,1881.5,1882.8,1875.11,1875.94,330.165358
2026-07-23 19:45:00+00:00,1875.94,1876.36,1867.04,1875.4,2036.827665
2026-07-23 20:00:00+00:00,1875.64,1884.98,1874.64,1884.15,969.694882
2026-07-23 20:15:00+00:00,1884.11,1889.16,1883.52,1887.74,854.472783
2026-07-23 20:30:00+00:00,1887.73,1887.74,1884.43,1884.84,314.155061
2026-07-23 20:45:00+00:00,1884.84,1886.9,1884.3,1885.99,249.73334
2026-07-23 21:00:00+00:00,1886.0,1889.16,1881.88,1882.71,650.797497
2026-07-23 21:15:00+00:00,1882.72,1884.28,1880.76,1882.84,504.085002
2026-07-23 21:30:00+00:00,1882.84,1884.12,1880.9,1882.18,210.539432
2026-07-23 21:45:00+00:00,1882.18,1883.75,1880.84,1882.59,245.538433
2026-07-23 22:00:00+00:00,1882.59,1883.95,1877.31,1878.46,551.393474
2026-07-23 22:15:00+00:00,1878.5,1882.4,1874.26,1880.07,953.580397
2026-07-23 22:30:00+00:00,1880.08,1883.69,1880.07,1883.45,393.693243
2026-07-23 22:45:00+00:00,1883.45,1883.45,1881.3,1883.37,192.69288
2026-07-23 23:00:00+00:00,1883.45,1884.59,1882.22,1883.12,312.387892
2026-07-23 23:15:00+00:00,1883.12,1884.52,1882.26,1883.04,191.455494
2026-07-23 23:30:00+00:00,1883.05,1884.12,1881.14,1881.99,188.246549
2026-07-23 23:45:00+00:00,1881.98,1882.72,1875.5,1878.27,504.454448
2026-07-24 00:00:00+00:00,1878.35,1878.99,1872.0,1874.7,761.684863
2026-07-24 00:15:00+00:00,1874.76,1877.6,1871.15,1871.43,570.277748
2026-07-24 00:30:00+00:00,1871.43,1872.31,1859.51,1866.01,3564.552017
2026-07-24 00:45:00+00:00,1866.0,1871.53,1866.0,1871.43,741.479948
2026-07-24 01:00:00+00:00,1871.44,1876.84,1870.35,1873.89,1013.103254
2026-07-24 01:15:00+00:00,1873.82,1877.64,1871.79,1873.4,504.283143
2026-07-24 01:30:00+00:00,1873.37,1877.5,1872.33,1876.12,296.610977
2026-07-24 01:45:00+00:00,1876.13,1876.8,1872.77,1872.78,170.505443
2026-07-24 02:00:00+00:00,1872.78,1878.34,1872.07,1877.16,238.61316
2026-07-24 02:15:00+00:00,1877.16,1877.19,1872.26,1875.8,512.434391
2026-07-24 02:30:00+00:00,1875.81,1875.81,1867.24,1870.39,753.325127
2026-07-24 02:45:00+00:00,1870.37,1871.05,1864.79,1869.61,720.498166
2026-07-24 03:00:00+00:00,1869.61,1877.29,1868.34,1876.15,612.171966
2026-07-24 03:15:00+00:00,1876.08,1881.45,1875.81,1879.03,874.012897
2026-07-24 03:30:00+00:00,1879.02,1880.99,1877.75,1880.91,497.733122
2026-07-24 03:45:00+00:00,1880.86,1881.35,1879.41,1880.74,424.421799
2026-07-24 04:00:00+00:00,1880.74,1881.2,1879.0,1879.01,488.647566
2026-07-24 04:15:00+00:00,1879.0,1882.0,1877.51,1880.03,316.692571
2026-07-24 04:30:00+00:00,1880.0,1881.17,1875.11,1876.6,347.960197
2026-07-24 04:45:00+00:00,1876.52,1877.35,1874.89,1876.35,292.734872
2026-07-24 05:00:00+00:00,1876.13,1881.17,1873.4,1880.04,1346.747459
2026-07-24 05:15:00+00:00,1880.03,1881.42,1879.52,1879.93,290.322728
2026-07-24 05:30:00+00:00,1879.92,1881.09,1877.38,1880.72,310.409593
2026-07-24 05:45:00+00:00,1880.71,1882.14,1878.72,1880.96,854.777104
2026-07-24 06:00:00+00:00,1880.96,1882.51,1878.74,1881.79,650.638412
2026-07-24 06:15:00+00:00,1881.8,1886.63,1881.08,1884.23,860.544655
2026-07-24 06:30:00+00:00,1884.22,1887.8,1882.29,1886.29,603.691011
2026-07-24 06:45:00+00:00,1886.29,1888.39,1885.23,1887.94,494.469968
2026-07-24 07:00:00+00:00,1887.96,1909.68,1887.96,1908.22,4562.845369
2026-07-24 07:15:00+00:00,1908.46,1908.46,1896.28,1897.85,3058.760455
2026-07-24 07:30:00+00:00,1897.84,1901.81,1888.44,1890.87,3750.567474
2026-07-24 07:45:00+00:00,1890.87,1896.8,1890.87,1896.06,1125.619411
2026-07-24 08:00:00+00:00,1896.09,1896.3,1892.48,1893.64,767.840593
2026-07-24 08:15:00+00:00,1893.58,1894.49,1886.55,1890.24,1135.075765
2026-07-24 08:30:00+00:00,1890.13,1892.97,1890.05,1892.78,430.542209
2026-07-24 08:45:00+00:00,1892.76,1892.96,1888.11,1888.25,321.715768
2026-07-24 09:00:00+00:00,1888.23,1889.57,1882.41,1882.67,1526.841863
2026-07-24 09:15:00+00:00,1882.62,1884.17,1878.35,1882.72,1118.519398
2026-07-24 09:30:00+00:00,1882.77,1886.96,1881.82,1885.79,705.767462
2026-07-24 09:45:00+00:00,1885.79,1888.52,1885.25,1888.12,361.608257
2026-07-24 10:00:00+00:00,1888.13,1888.74,1882.57,1883.34,250.175172
2026-07-24 10:15:00+00:00,1883.26,1886.07,1882.08,1885.27,475.402693
2026-07-24 10:30:00+00:00,1885.27,1886.68,1884.06,1884.07,198.207175
2026-07-24 10:45:00+00:00,1884.06,1885.14,1880.38,1883.64,392.9032
2026-07-24 11:00:00+00:00,1883.71,1884.49,1880.0,1881.21,442.705938
2026-07-24 11:15:00+00:00,1881.2,1884.0,1881.01,1881.46,367.660852
2026-07-24 11:30:00+00:00,1881.48,1882.3,1878.57,1878.89,1153.811857
2026-07-24 11:45:00+00:00,1878.96,1884.5,1876.48,1883.85,1318.325694
2026-07-24 12:00:00+00:00,1883.84,1885.0,1881.62,1883.73,387.554565
2026-07-24 12:15:00+00:00,1883.71,1886.0,1882.36,1882.87,835.04386
2026-07-24 12:30:00+00:00,1882.92,1884.39,1877.73,1877.98,587.856223
2026-07-24 12:45:00+00:00,1877.97,1879.25,1872.0,1872.63,2050.104183
2026-07-24 13:00:00+00:00,1872.64,1875.34,1856.5,1862.48,4845.134921
2026-07-24 13:15:00+00:00,1862.47,1870.49,1862.1,1866.92,1842.870575
2026-07-24 13:30:00+00:00,1866.84,1868.39,1858.14,1865.64,2598.618677
2026-07-24 13:45:00+00:00,1865.43,1867.33,1848.28,1858.06,5656.593056
2026-07-24 14:00:00+00:00,1857.96,1863.11,1854.84,1857.01,2311.274709
2026-07-24 14:15:00+00:00,1857.19,1858.61,1850.4,1857.93,2449.767423
2026-07-24 14:30:00+00:00,1857.93,1858.4,1852.08,1852.2,2111.554231
2026-07-24 14:45:00+00:00,1852.18,1863.5,1847.77,1862.81,2072.868142
2026-07-24 15:00:00+00:00,1862.62,1865.44,1854.18,1865.1,1769.997805
2026-07-24 15:15:00+00:00,1865.0,1867.99,1860.03,1865.24,2106.908887
2026-07-24 15:30:00+00:00,1865.22,1869.32,1863.73,1864.46,2141.781315
2026-07-24 15:45:00+00:00,1864.46,1866.36,1859.71,1861.94,1663.986805
2026-07-24 16:00:00+00:00,1861.95,1866.17,1859.01,1862.3,1550.666605
2026-07-24 16:15:00+00:00,1862.34,1864.1,1860.43,1860.97,448.964716
2026-07-24 16:30:00+00:00,1860.85,1860.85,1856.37,1857.06,746.178482
2026-07-24 16:45:00+00:00,1857.01,1859.48,1853.61,1857.51,570.74807
2026-07-24 17:00:00+00:00,1857.52,1858.78,1855.11,1857.67,745.000527
2026-07-24 17:15:00+00:00,1857.74,1864.4,1857.2,1863.09,731.163312
2026-07-24 17:30:00+00:00,1863.02,1866.07,1862.42,1863.41,451.215372
2026-07-24 17:45:00+00:00,1863.42,1866.56,1862.46,1866.56,315.767553
2026-07-24 18:00:00+00:00,1866.56,1866.79,1864.19,1865.33,313.308766
2026-07-24 18:15:00+00:00,1865.32,1865.32,1860.83,1861.49,275.604192
2026-07-24 18:30:00+00:00,1861.63,1862.59,1858.65,1859.9,401.773443
2026-07-24 18:45:00+00:00,1859.87,1864.26,1859.44,1862.71,209.64572
2026-07-24 19:00:00+00:00,1862.72,1864.01,1857.85,1858.18,172.263376
2026-07-24 19:15:00+00:00,1858.17,1861.68,1857.87,1861.2,283.400713
2026-07-24 19:30:00+00:00,1861.17,1864.82,1860.99,1863.56,248.137338
2026-07-24 19:45:00+00:00,1863.56,1864.39,1862.09,1863.91,463.217765
2026-07-24 20:00:00+00:00,1863.92,1865.44,1862.15,1863.19,217.465296
2026-07-24 20:15:00+00:00,1863.2,1865.32,1862.9,1863.21,355.555015
2026-07-24 20:30:00+00:00,1863.2,1863.59,1860.14,1861.9,407.966209
2026-07-24 20:45:00+00:00,1861.93,1862.3,1858.39,1860.95,327.900055
2026-07-24 21:00:00+00:00,1860.95,1861.9,1859.04,1859.58,521.712559
2026-07-24 21:15:00+00:00,1859.58,1861.1,1858.65,1860.0,132.215044
2026-07-24 21:30:00+00:00,1860.0,1861.11,1858.86,1859.96,317.913607
2026-07-24 21:45:00+00:00,1859.99,1860.19,1857.27,1857.67,500.3758
2026-07-24 22:00:00+00:00,1857.69,1859.98,1856.79,1859.34,369.990703
2026-07-24 22:15:00+00:00,1859.37,1860.06,1858.63,1859.52,159.574952
2026-07-24 22:30:00+00:00,1859.53,1861.62,1859.53,1860.98,228.580684
2026-07-24 22:45:00+00:00,1860.97,1861.18,1859.11,1859.57,233.343279
2026-07-24 23:00:00+00:00,1859.57,1861.0,1859.0,1859.99,90.649654
2026-07-24 23:15:00+00:00,1860.0,1861.54,1859.42,1861.1,95.211157
2026-07-24 23:30:00+00:00,1861.11,1861.68,1859.42,1861.28,263.07681
2026-07-24 23:45:00+00:00,1861.27,1862.05,1860.45,1861.67,187.42195
2026-07-25 00:00:00+00:00,1861.64,1863.57,1860.87,1862.97,189.262763
2026-07-25 00:15:00+00:00,1862.87,1864.4,1862.22,1864.05,110.024821
2026-07-25 00:30:00+00:00,1864.06,1864.85,1859.78,1860.34,900.177431
2026-07-25 00:45:00+00:00,1860.34,1861.0,1856.98,1860.29,788.633884
2026-07-25 01:00:00+00:00,1860.3,1863.65,1858.09,1859.4,647.031623
2026-07-25 01:15:00+00:00,1859.4,1860.44,1858.19,1859.77,411.00507
2026-07-25 01:30:00+00:00,1859.78,1862.28,1859.29,1861.82,383.592001
2026-07-25 01:45:00+00:00,1861.87,1862.45,1859.69,1860.09,148.598811
2026-07-25 02:00:00+00:00,1860.1,1861.71,1859.67,1860.16,175.443843
2026-07-25 02:15:00+00:00,1860.1,1860.74,1858.37,1860.74,197.382025
2026-07-25 02:30:00+00:00,1860.74,1861.09,1859.0,1860.58,175.814876
2026-07-25 02:45:00+00:00,1860.58,1860.88,1858.34,1859.52,173.52688
2026-07-25 03:00:00+00:00,1859.52,1860.3,1857.32,1859.53,426.032282
2026-07-25 03:15:00+00:00,1859.59,1860.6,1858.86,1859.34,183.127053
2026-07-25 03:30:00+00:00,1859.34,1860.32,1858.48,1859.57,93.388209
2026-07-25 03:45:00+00:00,1859.58,1859.58,1855.88,1858.65,460.263719
2026-07-25 04:00:00+00:00,1858.73,1860.86,1858.62,1860.86,184.700785
2026-07-25 04:15:00+00:00,1860.85,1861.42,1859.57,1859.89,128.636967
2026-07-25 04:30:00+00:00,1859.93,1861.91,1858.52,1861.4,147.059674
2026-07-25 04:45:00+00:00,1861.4,1862.5,1860.82,1861.29,149.800151
2026-07-25 05:00:00+00:00,1861.38,1862.95,1860.72,1860.85,416.634642
2026-07-25 05:15:00+00:00,1860.84,1861.6,1860.41,1860.9,116.690247
2026-07-25 05:30:00+00:00,1860.9,1860.9,1857.33,1858.28,360.031454
2026-07-25 05:45:00+00:00,1858.27,1858.9,1856.93,1858.57,255.907785
2026-07-25 06:00:00+00:00,1858.56,1859.56,1858.17,1859.55,127.983209
2026-07-25 06:15:00+00:00,1859.56,1860.3,1856.16,1856.87,490.096211
2026-07-25 06:30:00+00:00,1856.86,1857.19,1855.07,1855.57,230.538902
2026-07-25 06:45:00+00:00,1855.68,1858.8,1854.6,1858.63,181.963674
2026-07-25 07:00:00+00:00,1858.63,1858.74,1857.51,1857.72,121.739909
2026-07-25 07:15:00+00:00,1857.72,1858.39,1857.0,1857.33,222.846064
2026-07-25 07:30:00+00:00,1857.33,1858.32,1856.44,1857.38,1191.693139
2026-07-25 07:45:00+00:00,1857.38,1858.26,1856.38,1856.4,1232.915088
2026-07-25 08:00:00+00:00,1856.41,1856.41,1853.29,1854.39,619.027825
2026-07-25 08:15:00+00:00,1854.39,1856.24,1854.39,1855.86,215.268504
2026-07-25 08:30:00+00:00,1855.86,1856.25,1854.37,1855.19,126.757077
2026-07-25 08:45:00+00:00,1855.18,1855.47,1851.46,1853.69,381.454185
2026-07-25 09:00:00+00:00,1853.69,1854.96,1851.93,1854.27,222.910436
2026-07-25 09:15:00+00:00,1854.26,1855.94,1853.38,1855.92,114.619351
2026-07-25 09:30:00+00:00,1855.92,1856.66,1855.28,1856.52,122.582984
2026-07-25 09:45:00+00:00,1856.52,1858.99,1856.52,1858.44,196.358151
2026-07-25 10:00:00+00:00,1858.44,1859.36,1857.95,1858.85,186.496546
2026-07-25 10:15:00+00:00,1858.85,1859.38,1857.47,1858.14,330.318534
2026-07-25 10:30:00+00:00,1858.14,1858.72,1856.86,1857.2,266.548096
2026-07-25 10:45:00+00:00,1857.19,1858.83,1857.01,1858.83,138.060525
2026-07-25 11:00:00+00:00,1858.83,1860.13,1858.01,1859.39,217.165999
2026-07-25 11:15:00+00:00,1859.39,1859.77,1858.52,1858.52,70.21872
2026-07-25 11:30:00+00:00,1858.48,1859.87,1857.64,1858.38,81.548561
2026-07-25 11:45:00+00:00,1858.38,1859.25,1857.78,1857.84,144.660751
2026-07-25 12:00:00+00:00,1857.84,1858.54,1857.05,1858.53,317.365704
2026-07-25 12:15:00+00:00,1858.53,1858.99,1857.19,1858.07,123.961411
2026-07-25 12:30:00+00:00,1858.08,1858.77,1857.33,1858.45,188.112826
2026-07-25 12:45:00+00:00,1858.46,1860.55,1857.8,1860.47,235.695871
2026-07-25 13:00:00+00:00,1860.47,1863.6,1859.97,1863.1,371.049136
2026-07-25 13:15:00+00:00,1863.1,1865.56,1862.56,1864.19,457.204891
2026-07-25 13:30:00+00:00,1864.19,1868.65,1863.1,1868.39,388.164315
2026-07-25 13:45:00+00:00,1868.4,1872.4,1865.47,1867.34,1218.341993
2026-07-25 14:00:00+00:00,1867.42,1867.5,1865.49,1867.3,204.317782
2026-07-25 14:15:00+00:00,1867.3,1868.22,1865.17,1866.7,305.912553
2026-07-25 14:30:00+00:00,1866.7,1869.22,1866.69,1868.43,239.932379
2026-07-25 14:45:00+00:00,1868.46,1869.3,1867.24,1868.84,110.657346
2026-07-25 15:00:00+00:00,1868.84,1870.33,1867.1,1869.11,311.372865
2026-07-25 15:15:00+00:00,1869.2,1871.56,1868.39,1868.58,311.902625
2026-07-25 15:30:00+00:00,1868.57,1871.26,1867.41,1870.25,264.711341
2026-07-25 15:45:00+00:00,1870.24,1870.91,1867.5,1868.0,162.269192
2026-07-25 16:00:00+00:00,1868.01,1869.4,1865.52,1868.69,567.448906
2026-07-25 16:15:00+00:00,1868.68,1868.71,1864.65,1866.0,274.499801
2026-07-25 16:30:00+00:00,1866.0,1869.17,1865.62,1869.16,171.196743
2026-07-25 16:45:00+00:00,1869.16,1871.13,1866.81,1868.21,343.518688
2026-07-25 17:00:00+00:00,1868.21,1869.81,1868.19,1869.45,121.347703
2026-07-25 17:15:00+00:00,1869.45,1872.63,1869.02,1871.73,189.066851
2026-07-25 17:30:00+00:00,1871.76,1875.27,1870.84,1873.8,900.874014
2026-07-25 17:45:00+00:00,1873.8,1875.28,1872.52,1873.35,449.114223
2026-07-25 18:00:00+00:00,1873.35,1877.34,1872.56,1873.94,659.210339
2026-07-25 18:15:00+00:00,1873.93,1875.53,1872.84,1875.53,304.340265
2026-07-25 18:30:00+00:00,1875.55,1876.51,1873.69,1874.07,403.751038
2026-07-25 18:45:00+00:00,1874.1,1876.2,1873.8,1875.6,278.200415
2026-07-25 19:00:00+00:00,1875.61,1876.55,1874.74,1876.16,57.866886
2026-07-25 19:15:00+00:00,1876.1,1876.1,1874.35,1875.34,178.249005
2026-07-25 19:30:00+00:00,1875.34,1876.29,1875.09,1875.93,180.859529
2026-07-25 19:45:00+00:00,1875.93,1876.82,1874.52,1874.82,683.089299
2026-07-25 20:00:00+00:00,1874.83,1875.05,1873.1,1873.97,135.671135
2026-07-25 20:15:00+00:00,1873.97,1874.1,1870.89,1872.4,287.67643
2026-07-25 20:30:00+00:00,1872.5,1872.5,1870.76,1871.29,58.810317
2026-07-25 20:45:00+00:00,1871.32,1872.27,1871.13,1872.26,32.53631
2026-07-25 21:00:00+00:00,1872.26,1872.41,1867.96,1870.27,521.675722
2026-07-25 21:15:00+00:00,1870.27,1870.87,1869.32,1870.66,134.248972
2026-07-25 21:30:00+00:00,1870.71,1873.37,1870.54,1872.28,186.939614
2026-07-25 21:45:00+00:00,1872.33,1875.63,1871.6,1872.63,273.976433
2026-07-25 22:00:00+00:00,1872.66,1874.88,1872.37,1874.13,145.236488
2026-07-25 22:15:00+00:00,1874.17,1875.66,1873.87,1875.14,104.483056
2026-07-25 22:30:00+00:00,1875.19,1876.0,1874.0,1875.75,181.269621
2026-07-25 22:45:00+00:00,1875.75,1876.95,1874.46,1875.95,128.651896
2026-07-25 23:00:00+00:00,1875.98,1876.28,1874.69,1874.76,121.660298
2026-07-25 23:15:00+00:00,1874.95,1875.32,1873.41,1874.36,67.518123
2026-07-25 23:30:00+00:00,1874.36,1875.56,1874.34,1874.42,80.475096
2026-07-25 23:45:00+00:00,1874.42,1875.6,1874.04,1874.79,94.890566
2026-07-26 00:00:00+00:00,1874.8,1878.32,1873.9,1877.5,259.747206
2026-07-26 00:15:00+00:00,1877.51,1880.8,1876.91,1879.29,335.06892
2026-07-26 00:30:00+00:00,1879.2,1879.51,1876.5,1877.19,192.824363
2026-07-26 00:45:00+00:00,1877.2,1881.72,1876.69,1881.13,237.735369
2026-07-26 01:00:00+00:00,1881.13,1882.31,1878.68,1880.42,332.367656
2026-07-26 01:15:00+00:00,1880.42,1880.84,1878.84,1879.63,119.845741
2026-07-26 01:30:00+00:00,1879.63,1880.39,1878.82,1879.55,183.390673
2026-07-26 01:45:00+00:00,1879.54,1880.24,1878.14,1878.84,141.971228
2026-07-26 02:00:00+00:00,1878.85,1879.6,1876.97,1879.6,257.494353
2026-07-26 02:15:00+00:00,1879.59,1880.39,1877.94,1879.27,121.357903
2026-07-26 02:30:00+00:00,1879.3,1879.72,1877.23,1878.06,93.286447
2026-07-26 02:45:00+00:00,1878.06,1881.69,1878.06,1880.82,130.099362
2026-07-26 03:00:00+00:00,1880.82,1884.34,1879.17,1883.39,315.700212
2026-07-26 03:15:00+00:00,1883.39,1883.4,1881.0,1881.49,110.206658
2026-07-26 03:30:00+00:00,1881.49,1884.18,1881.0,1882.5,191.283254
2026-07-26 03:45:00+00:00,1882.51,1883.1,1881.72,1882.42,258.993576
2026-07-26 04:00:00+00:00,1882.42,1883.19,1880.4,1881.28,254.3438
2026-07-26 04:15:00+00:00,1881.28,1885.1,1880.5,1884.46,326.942005
2026-07-26 04:30:00+00:00,1884.45,1887.59,1883.51,1887.59,350.148709
2026-07-26 04:45:00+00:00,1887.58,1889.41,1885.5,1886.33,756.588722
2026-07-26 05:00:00+00:00,1886.34,1887.5,1884.81,1887.49,238.062692
2026-07-26 05:15:00+00:00,1887.48,1887.49,1884.82,1884.82,192.070594
2026-07-26 05:30:00+00:00,1884.83,1886.34,1883.11,1886.16,226.079153
2026-07-26 05:45:00+00:00,1886.19,1886.29,1882.42,1883.18,517.282412
2026-07-26 06:00:00+00:00,1883.28,1885.0,1880.95,1881.1,394.39257
2026-07-26 06:15:00+00:00,1881.1,1882.0,1878.44,1878.58,333.237619
2026-07-26 06:30:00+00:00,1878.58,1882.98,1878.57,1882.41,325.626876
2026-07-26 06:45:00+00:00,1882.41,1885.4,1882.41,1884.78,135.284535
2026-07-26 07:00:00+00:00,1884.9,1886.35,1883.64,1884.84,182.216635
2026-07-26 07:15:00+00:00,1884.84,1885.0,1883.0,1883.12,96.222146
2026-07-26 07:30:00+00:00,1883.12,1883.12,1880.36,1880.41,579.613795
2026-07-26 07:45:00+00:00,1880.41,1881.65,1880.37,1881.44,689.504219
2026-07-26 08:00:00+00:00,1881.61,1881.61,1879.76,1880.37,218.966556
2026-07-26 08:15:00+00:00,1880.34,1881.28,1878.83,1880.72,198.99033
2026-07-26 08:30:00+00:00,1880.63,1881.88,1879.89,1881.88,214.400214
2026-07-26 08:45:00+00:00,1881.87,1882.54,1881.29,1881.48,70.85439
2026-07-26 09:00:00+00:00,1881.48,1884.0,1881.44,1882.07,102.91451
2026-07-26 09:15:00+00:00,1882.07,1884.78,1882.07,1884.23,144.510015
2026-07-26 09:30:00+00:00,1884.25,1885.79,1883.26,1884.71,219.088958
2026-07-26 09:45:00+00:00,1884.7,1885.21,1883.41,1883.86,137.051172
2026-07-26 10:00:00+00:00,1883.88,1885.21,1882.34,1884.88,235.365435
2026-07-26 10:15:00+00:00,1884.87,1886.46,1883.85,1885.41,89.889162
2026-07-26 10:30:00+00:00,1885.41,1887.53,1885.19,1886.82,148.616088
2026-07-26 10:45:00+00:00,1886.82,1887.7,1885.04,1886.13,187.68979
2026-07-26 11:00:00+00:00,1886.02,1887.71,1885.28,1886.77,160.836061
2026-07-26 11:15:00+00:00,1886.77,1887.71,1886.41,1886.91,89.85686
2026-07-26 11:30:00+00:00,1886.92,1887.64,1886.27,1886.28,478.939994
2026-07-26 11:45:00+00:00,1886.28,1886.98,1884.43,1885.72,180.82083
2026-07-26 12:00:00+00:00,1885.72,1893.85,1885.42,1890.7,1046.96175
2026-07-26 12:15:00+00:00,1890.7,1891.85,1887.2,1890.04,332.035997
2026-07-26 12:30:00+00:00,1890.03,1890.64,1887.42,1887.68,213.674845
2026-07-26 12:45:00+00:00,1887.68,1887.73,1885.76,1886.35,162.567019
2026-07-26 13:00:00+00:00,1886.35,1887.0,1881.99,1882.99,336.71197
2026-07-26 13:15:00+00:00,1882.98,1888.3,1882.98,1885.98,865.018494
2026-07-26 13:30:00+00:00,1885.99,1888.16,1885.12,1888.15,216.080044
2026-07-26 13:45:00+00:00,1888.2,1888.87,1885.98,1886.78,171.535188
2026-07-26 14:00:00+00:00,1886.78,1897.76,1886.64,1895.08,1826.838155
2026-07-26 14:15:00+00:00,1895.02,1895.35,1892.0,1892.82,330.835064
2026-07-26 14:30:00+00:00,1892.82,1897.93,1891.31,1895.95,734.536139
2026-07-26 14:45:00+00:00,1895.95,1900.0,1895.95,1898.79,658.648204
2026-07-26 15:00:00+00:00,1898.79,1903.99,1898.01,1899.39,890.627816
2026-07-26 15:15:00+00:00,1899.39,1909.31,1899.39,1907.19,1667.078464
2026-07-26 15:30:00+00:00,1907.2,1917.35,1906.53,1914.65,2144.603816
2026-07-26 15:45:00+00:00,1914.65,1916.14,1911.43,1914.49,2199.175841
2026-07-26 16:00:00+00:00,1914.59,1916.71,1908.74,1910.0,1222.68388
2026-07-26 16:15:00+00:00,1909.95,1922.34,1909.95,1919.74,1870.963906
2026-07-26 16:30:00+00:00,1919.74,1928.0,1917.83,1919.45,3282.341152
2026-07-26 16:45:00+00:00,1919.52,1921.68,1915.83,1916.28,1021.487537
2026-07-26 17:00:00+00:00,1916.17,1917.79,1912.06,1917.04,1146.250644
2026-07-26 17:15:00+00:00,1917.03,1917.5,1913.64,1914.29,189.289277
2026-07-26 17:30:00+00:00,1914.26,1915.85,1911.24,1912.39,348.026955
2026-07-26 17:45:00+00:00,1912.43,1913.48,1911.1,1911.18,207.602584
2026-07-26 18:00:00+00:00,1911.23,1913.13,1911.12,1912.4,233.438559
2026-07-26 18:15:00+00:00,1912.39,1915.74,1912.03,1913.28,439.221561
2026-07-26 18:30:00+00:00,1913.3,1914.36,1911.8,1913.97,141.295691
2026-07-26 18:45:00+00:00,1913.97,1916.59,1913.1,1914.65,188.595044
2026-07-26 19:00:00+00:00,1914.66,1916.15,1912.1,1912.26,90.458706
2026-07-26 19:15:00+00:00,1912.31,1914.83,1912.3,1914.24,178.450555
2026-07-26 19:30:00+00:00,1914.25,1915.96,1913.62,1914.85,151.002238
2026-07-26 19:45:00+00:00,1914.82,1914.83,1913.53,1914.34,128.323574
2026-07-26 20:00:00+00:00,1914.37,1914.83,1912.49,1913.07,110.305238
2026-07-26 20:15:00+00:00,1913.08,1913.67,1911.72,1913.31,80.753497
2026-07-26 20:30:00+00:00,1913.3,1914.08,1912.58,1912.99,150.491358
2026-07-26 20:45:00+00:00,1913.0,1913.96,1911.5,1913.69,323.228456
2026-07-26 21:00:00+00:00,1913.69,1916.71,1913.68,1915.12,263.850678
2026-07-26 21:15:00+00:00,1915.12,1924.69,1914.73,1921.76,993.980119
2026-07-26 21:30:00+00:00,1921.77,1923.73,1920.38,1921.7,463.151327
2026-07-26 21:45:00+00:00,1921.77,1930.62,1921.61,1926.13,1185.096497
2026-07-26 22:00:00+00:00,1926.15,1940.85,1926.15,1938.42,4557.828048
2026-07-26 22:15:00+00:00,1938.2,1939.49,1935.22,1938.59,842.973351
2026-07-26 22:30:00+00:00,1938.63,1947.53,1938.1,1947.42,2394.358775
2026-07-26 22:45:00+00:00,1947.53,1952.58,1944.72,1949.85,2915.713463
2026-07-26 23:00:00+00:00,1949.84,1967.38,1949.63,1957.16,5699.764005
2026-07-26 23:15:00+00:00,1957.16,1961.8,1952.91,1953.84,2185.881064
2026-07-26 23:30:00+00:00,1953.83,1954.26,1945.31,1953.59,1641.492092
2026-07-26 23:45:00+00:00,1953.6,1957.0,1952.34,1954.92,1394.373896
2026-07-27 00:00:00+00:00,1954.93,1955.58,1948.29,1949.34,1599.621694
2026-07-27 00:15:00+00:00,1949.33,1949.34,1942.36,1945.05,1650.33143
2026-07-27 00:30:00+00:00,1945.04,1945.13,1940.61,1941.63,744.497765
2026-07-27 00:45:00+00:00,1941.63,1945.38,1939.54,1942.46,736.736961
2026-07-27 01:00:00+00:00,1942.47,1948.0,1942.25,1942.94,688.175638
2026-07-27 01:15:00+00:00,1942.93,1944.73,1940.95,1941.43,656.207615
2026-07-27 01:30:00+00:00,1941.37,1945.0,1936.41,1942.25,1251.470665
2026-07-27 01:45:00+00:00,1942.24,1948.44,1941.94,1948.25,937.692337
2026-07-27 02:00:00+00:00,1948.3,1949.24,1946.15,1946.65,615.571772
2026-07-27 02:15:00+00:00,1946.65,1948.74,1944.45,1945.74,1268.890264
2026-07-27 02:30:00+00:00,1945.74,1948.84,1944.14,1946.57,514.944202
2026-07-27 02:45:00+00:00,1946.6,1947.79,1941.84,1943.35,345.170536
2026-07-27 03:00:00+00:00,1943.36,1946.63,1942.74,1945.33,502.096638
2026-07-27 03:15:00+00:00,1945.34,1946.79,1944.69,1946.08,324.804518
2026-07-27 03:30:00+00:00,1946.09,1947.23,1944.34,1947.16,289.751272
2026-07-27 03:45:00+00:00,1947.17,1950.94,1946.21,1949.64,903.274375
2026-07-27 04:00:00+00:00,1949.64,1956.94,1948.64,1953.08,1926.884426
2026-07-27 04:15:00+00:00,1953.09,1962.6,1951.95,1954.15,1953.23225
2026-07-27 04:30:00+00:00,1954.15,1959.14,1950.45,1957.89,1245.269156
2026-07-27 04:45:00+00:00,1957.89,1957.9,1953.24,1953.39,291.00139
2026-07-27 05:00:00+00:00,1953.51,1957.54,1952.64,1956.65,589.738353
2026-07-27 05:15:00+00:00,1956.64,1960.53,1953.64,1959.43,1028.221376
2026-07-27 05:30:00+00:00,1959.44,1961.93,1958.14,1960.25,783.469059
2026-07-27 05:45:00+00:00,1960.24,1970.0,1958.64,1965.59,2390.683279
2026-07-27 06:00:00+00:00,1965.59,1981.26,1963.67,1970.45,7446.584704
2026-07-27 06:15:00+00:00,1970.44,1971.85,1964.55,1966.36,2646.38988
2026-07-27 06:30:00+00:00,1966.35,1972.65,1965.06,1972.65,2727.230245
2026-07-27 06:45:00+00:00,1972.64,1973.43,1968.12,1968.46,889.319928
2026-07-27 07:00:00+00:00,1968.45,1971.55,1965.58,1971.54,1006.69578
2026-07-27 07:15:00+00:00,1971.55,1971.59,1969.29,1969.65,551.170847
2026-07-27 07:30:00+00:00,1969.55,1969.56,1960.99,1966.42,2515.823289
2026-07-27 07:45:00+00:00,1966.42,1969.86,1964.19,1964.4,2148.897607
2026-07-27 08:00:00+00:00,1964.45,1967.15,1961.85,1964.68,1619.04702
2026-07-27 08:15:00+00:00,1964.66,1967.94,1962.54,1967.94,834.328128
2026-07-27 08:30:00+00:00,1967.95,1968.0,1965.0,1965.3,307.368771
2026-07-27 08:45:00+00:00,1965.32,1968.87,1964.28,1964.28,835.207781
2026-07-27 09:00:00+00:00,1964.18,1964.18,1956.78,1957.48,1580.349201
2026-07-27 09:15:00+00:00,1957.49,1960.96,1956.7,1960.37,920.834335
2026-07-27 09:30:00+00:00,1960.36,1967.51,1959.46,1966.55,835.719858
2026-07-27 09:45:00+00:00,1966.56,1968.18,1964.97,1965.31,541.952353
2026-07-27 10:00:00+00:00,1965.2,1966.55,1963.96,1964.63,245.632252
2026-07-27 10:15:00+00:00,1964.61,1969.35,1963.76,1966.52,576.501672
2026-07-27 10:30:00+00:00,1966.52,1972.0,1966.52,1970.56,699.126075
2026-07-27 10:45:00+00:00,1970.46,1971.87,1966.93,1967.55,2835.827188
2026-07-27 11:00:00+00:00,1967.55,1967.65,1963.72,1965.09,740.738684
2026-07-27 11:15:00+00:00,1965.1,1965.89,1959.54,1959.54,700.972187
2026-07-27 11:30:00+00:00,1959.53,1961.6,1958.93,1960.03,853.919252
2026-07-27 11:45:00+00:00,1960.0,1961.04,1958.3,1959.8,452.831124
2026-07-27 12:00:00+00:00,1959.81,1964.55,1955.27,1955.27,992.258308
2026-07-27 12:15:00+00:00,1955.28,1957.2,1947.39,1948.21,1873.673392
2026-07-27 12:30:00+00:00,1948.28,1954.63,1943.0,1953.19,2444.45745
2026-07-27 12:45:00+00:00,1953.3,1958.4,1952.96,1957.7,613.888334
2026-07-27 13:00:00+00:00,1957.65,1960.34,1954.06,1954.06,554.729596
2026-07-27 13:15:00+00:00,1954.05,1956.98,1951.58,1952.14,347.392995
2026-07-27 13:30:00+00:00,1952.13,1977.9,1950.7,1975.73,4335.451573
2026-07-27 13:45:00+00:00,1975.65,1976.92,1957.61,1961.14,3723.091617
2026-07-27 14:00:00+00:00,1961.15,1966.65,1956.0,1963.93,1855.84129
2026-07-27 14:15:00+00:00,1963.86,1965.51,1937.0,1937.85,4161.418596
2026-07-27 14:30:00+00:00,1937.97,1938.8,1918.8,1921.05,8092.316346
2026-07-27 14:45:00+00:00,1921.1,1934.33,1920.66,1932.55,2585.832013
2026-07-27 15:00:00+00:00,1932.58,1936.0,1925.69,1933.97,1599.080019
2026-07-27 15:15:00+00:00,1934.01,1937.87,1928.12,1931.16,1183.957101
2026-07-27 15:30:00+00:00,1931.1,1934.13,1924.78,1931.25,636.759571
2026-07-27 15:45:00+00:00,1931.32,1931.67,1927.61,1927.68,431.833826
2026-07-27 16:00:00+00:00,1927.88,1932.06,1926.04,1928.0,727.566184
2026-07-27 16:15:00+00:00,1928.04,1939.24,1922.8,1937.11,1992.431375
2026-07-27 16:30:00+00:00,1937.19,1946.95,1937.01,1942.86,1149.640754
2026-07-27 16:45:00+00:00,1942.86,1944.34,1937.01,1940.81,530.822351
2026-07-27 17:00:00+00:00,1940.69,1941.4,1935.32,1939.6,666.449994
2026-07-27 17:15:00+00:00,1939.57,1946.39,1938.6,1942.3,1116.122317
2026-07-27 17:30:00+00:00,1942.4,1946.3,1942.1,1942.56,413.606316
2026-07-27 17:45:00+00:00,1942.73,1944.46,1940.16,1943.77,2405.55362
2026-07-27 18:00:00+00:00,1943.72,1944.64,1941.24,1941.48,561.010223
2026-07-27 18:15:00+00:00,1941.43,1941.43,1935.95,1938.9,570.970643
2026-07-27 18:30:00+00:00,1938.96,1939.6,1929.29,1935.38,2611.745215
2026-07-27 18:45:00+00:00,1935.38,1939.5,1931.53,1939.12,422.098871
2026-07-27 19:00:00+00:00,1939.3,1951.17,1937.6,1948.52,1193.130332
2026-07-27 19:15:00+00:00,1948.53,1952.11,1947.48,1950.71,592.035779
2026-07-27 19:30:00+00:00,1950.77,1955.45,1947.3,1950.6,525.070181
2026-07-27 19:45:00+00:00,1950.56,1950.83,1947.46,1948.31,586.295367
2026-07-27 20:00:00+00:00,1948.46,1950.74,1945.46,1945.82,332.693044
2026-07-27 20:15:00+00:00,1945.82,1947.79,1943.47,1947.62,202.542301
2026-07-27 20:30:00+00:00,1947.68,1948.93,1944.56,1945.37,379.319546
2026-07-27 20:45:00+00:00,1945.36,1947.26,1944.85,1946.92,156.429744
2026-07-27 21:00:00+00:00,1946.91,1950.29,1945.97,1948.5,544.34237
2026-07-27 21:15:00+00:00,1948.5,1948.5,1944.05,1944.37,220.835204
2026-07-27 21:30:00+00:00,1944.37,1945.7,1941.9,1942.41,282.720208
2026-07-27 21:45:00+00:00,1942.44,1943.97,1940.35,1942.02,268.327521
2026-07-27 22:00:00+00:00,1942.04,1942.04,1935.0,1938.39,781.923114
2026-07-27 22:15:00+00:00,1938.3,1939.77,1928.42,1929.6,842.367545
2026-07-27 22:30:00+00:00,1929.61,1931.25,1912.19,1914.69,3172.627385
2026-07-27 22:45:00+00:00,1914.75,1914.8,1892.12,1893.66,5590.981584
2026-07-27 23:00:00+00:00,1893.67,1894.9,1882.27,1890.86,4556.898037
2026-07-27 23:15:00+00:00,1890.85,1895.88,1886.49,1893.12,1148.830378
2026-07-27 23:30:00+00:00,1893.11,1896.14,1886.51,1887.46,1249.871694
2026-07-27 23:45:00+00:00,1887.49,1893.0,1885.55,1892.6,913.517808
2026-07-28 00:00:00+00:00,1892.57,1894.4,1880.0,1886.86,2103.261508
2026-07-28 00:15:00+00:00,1886.87,1891.16,1878.59,1883.33,1348.660693
2026-07-28 00:30:00+00:00,1883.33,1887.0,1879.09,1884.22,827.56457
2026-07-28 00:45:00+00:00,1884.28,1884.65,1876.9,1878.75,1265.12022
2026-07-28 01:00:00+00:00,1878.68,1880.82,1866.59,1875.8,3951.704367
2026-07-28 01:15:00+00:00,1875.9,1879.15,1870.32,1878.29,1862.494558
2026-07-28 01:30:00+00:00,1878.3,1882.66,1874.61,1876.02,864.592043
2026-07-28 01:45:00+00:00,1876.01,1879.53,1874.08,1875.89,1379.141845
2026-07-28 02:00:00+00:00,1875.91,1878.46,1872.39,1877.55,879.404549
2026-07-28 02:15:00+00:00,1877.51,1880.35,1876.44,1877.91,1260.370126
2026-07-28 02:30:00+00:00,1877.85,1879.07,1874.65,1875.27,628.537403
2026-07-28 02:45:00+00:00,1875.29,1877.1,1872.63,1875.7,2077.415104
2026-07-28 03:00:00+00:00,1875.67,1877.59,1872.81,1877.33,638.858125
2026-07-28 03:15:00+00:00,1877.33,1881.3,1875.82,1878.19,909.282468
2026-07-28 03:30:00+00:00,1878.19,1882.62,1875.08,1882.45,825.199607
2026-07-28 03:45:00+00:00,1882.46,1883.28,1879.25,1881.35,664.54102
2026-07-28 04:00:00+00:00,1881.33,1882.73,1879.79,1880.3,599.375542
2026-07-28 04:15:00+00:00,1880.3,1881.55,1878.67,1879.46,827.072898
2026-07-28 04:30:00+00:00,1879.45,1879.56,1876.45,1879.09,402.823601
2026-07-28 04:45:00+00:00,1879.09,1881.19,1877.55,1879.19,408.378091
2026-07-28 05:00:00+00:00,1879.2,1884.99,1878.36,1882.65,439.944478
2026-07-28 05:15:00+00:00,1882.66,1889.57,1882.53,1886.26,1136.939054
2026-07-28 05:30:00+00:00,1886.26,1888.1,1882.48,1888.1,490.866303
2026-07-28 05:45:00+00:00,1888.11,1888.85,1883.26,1883.26,1018.834988
2026-07-28 06:00:00+00:00,1883.26,1883.33,1878.57,1879.77,820.618519
2026-07-28 06:15:00+00:00,1879.77,1883.42,1879.25,1883.31,322.503349
2026-07-28 06:30:00+00:00,1883.35,1886.55,1882.64,1886.0,249.92494
2026-07-28 06:45:00+00:00,1886.01,1888.51,1885.19,1888.51,597.102105
2026-07-28 07:00:00+00:00,1888.51,1888.94,1886.0,1887.23,563.134255
2026-07-28 07:15:00+00:00,1887.24,1889.02,1885.0,1885.18,548.88574
2026-07-28 07:30:00+00:00,1885.14,1886.28,1883.0,1883.82,1298.950135
2026-07-28 07:45:00+00:00,1883.83,1885.21,1880.66,1883.97,1308.447379
2026-07-28 08:00:00+00:00,1883.97,1884.83,1880.61,1880.61,484.6568
2026-07-28 08:15:00+00:00,1880.62,1885.4,1880.3,1884.63,330.649194
2026-07-28 08:30:00+00:00,1884.66,1885.7,1881.0,1885.05,562.894378
2026-07-28 08:45:00+00:00,1885.05,1885.68,1882.48,1884.59,934.080397
2026-07-28 09:00:00+00:00,1884.58,1885.0,1880.3,1882.67,1283.295197
2026-07-28 09:15:00+00:00,1882.6,1884.75,1882.14,1884.06,170.679499
2026-07-28 09:30:00+00:00,1884.03,1884.99,1881.32,1882.57,827.452615
2026-07-28 09:45:00+00:00,1882.44,1883.77,1874.66,1876.41,1504.907267
2026-07-28 10:00:00+00:00,1876.41,1878.66,1873.74,1876.02,702.566022
2026-07-28 10:15:00+00:00,1876.05,1880.68,1873.81,1877.48,807.312263
2026-07-28 10:30:00+00:00,1877.52,1880.33,1876.13,1880.32,496.102007
2026-07-28 10:45:00+00:00,1880.32,1881.02,1878.41,1878.66,612.087093
2026-07-28 11:00:00+00:00,1878.67,1879.69,1872.41,1872.91,877.712494
2026-07-28 11:15:00+00:00,1872.85,1881.97,1872.0,1874.48,1633.571069
2026-07-28 11:30:00+00:00,1874.48,1879.78,1872.01,1873.85,745.307217
2026-07-28 11:45:00+00:00,1873.8,1878.84,1873.8,1876.67,528.526971
2026-07-28 12:00:00+00:00,1876.68,1879.0,1874.48,1877.5,814.651583
2026-07-28 12:15:00+00:00,1877.55,1880.18,1876.75,1879.13,712.838986
2026-07-28 12:30:00+00:00,1879.2,1883.32,1877.4,1883.31,762.925598
2026-07-28 12:45:00+00:00,1883.32,1893.33,1881.62,1892.3,2605.332639
2026-07-28 13:00:00+00:00,1892.3,1896.07,1889.87,1891.4,1277.862649
2026-07-28 13:15:00+00:00,1891.48,1892.59,1883.67,1883.68,873.585514
2026-07-28 13:30:00+00:00,1883.79,1887.06,1860.37,1869.2,6459.12487
2026-07-28 13:45:00+00:00,1869.3,1876.19,1856.94,1874.08,4091.266847
2026-07-28 14:00:00+00:00,1873.94,1881.76,1873.64,1875.15,2191.320106
2026-07-28 14:15:00+00:00,1875.18,1879.55,1867.44,1876.97,2155.147676
2026-07-28 14:30:00+00:00,1876.95,1889.98,1876.91,1886.28,2356.278513
2026-07-28 14:45:00+00:00,1886.2,1893.33,1884.51,1888.79,2068.249486
2026-07-28 15:00:00+00:00,1888.8,1892.8,1884.41,1891.27,1877.155147
2026-07-28 15:15:00+00:00,1891.26,1924.42,1887.54,1912.23,7403.623564
2026-07-28 15:30:00+00:00,1912.23,1918.41,1908.93,1916.04,1691.915797
2026-07-28 15:45:00+00:00,1915.99,1922.31,1912.59,1919.99,3043.836234
2026-07-28 16:00:00+00:00,1920.0,1920.0,1914.69,1915.59,1231.657993
2026-07-28 16:15:00+00:00,1915.63,1924.0,1914.83,1917.8,1828.702599
2026-07-28 16:30:00+00:00,1917.81,1924.12,1914.5,1922.39,1393.520208
2026-07-28 16:45:00+00:00,1922.28,1929.0,1919.57,1925.54,1334.562517
2026-07-28 17:00:00+00:00,1925.62,1925.62,1912.0,1912.01,1621.420313
2026-07-28 17:15:00+00:00,1912.01,1913.85,1906.13,1908.37,1975.470804
2026-07-28 17:30:00+00:00,1908.31,1908.79,1892.98,1896.22,4028.5349
2026-07-28 17:45:00+00:00,1896.21,1902.98,1896.17,1901.64,1100.159704
2026-07-28 18:00:00+00:00,1901.67,1913.26,1901.27,1908.31,1373.622065
2026-07-28 18:15:00+00:00,1908.3,1910.97,1907.88,1909.17,242.17922
2026-07-28 18:30:00+00:00,1909.2,1913.77,1908.27,1912.8,406.228338
2026-07-28 18:45:00+00:00,1912.89,1914.98,1909.67,1911.19,400.056801
2026-07-28 19:00:00+00:00,1911.23,1915.71,1911.11,1914.13,350.282401
2026-07-28 19:15:00+00:00,1914.13,1916.69,1912.45,1915.69,578.802665
2026-07-28 19:30:00+00:00,1915.69,1921.51,1915.41,1916.14,913.756222
2026-07-28 19:45:00+00:00,1916.14,1922.32,1915.73,1922.2,465.879538
2026-07-28 20:00:00+00:00,1922.2,1923.8,1918.65,1921.65,907.340164
2026-07-28 20:15:00+00:00,1921.69,1923.13,1917.28,1918.47,368.739486
2026-07-28 20:30:00+00:00,1918.47,1920.45,1916.31,1918.83,340.945935
2026-07-28 20:45:00+00:00,1918.86,1918.9,1916.97,1918.4,94.453588
2026-07-28 21:00:00+00:00,1918.39,1923.52,1918.28,1920.35,377.731818
2026-07-28 21:15:00+00:00,1920.43,1921.14,1919.9,1920.37,66.966141
2026-07-28 21:30:00+00:00,1920.36,1923.67,1919.2,1923.67,270.895466
2026-07-28 21:45:00+00:00,1923.69,1930.0,1923.69,1924.0,893.141011
2026-07-28 22:00:00+00:00,1924.02,1927.39,1922.08,1923.18,377.124085
2026-07-28 22:15:00+00:00,1923.2,1924.3,1920.0,1920.0,182.809549
2026-07-28 22:30:00+00:00,1920.0,1920.0,1916.51,1916.88,682.013438
2026-07-28 22:45:00+00:00,1916.81,1916.81,1910.06,1911.83,923.260105
2026-07-28 23:00:00+00:00,1911.8,1912.36,1904.56,1908.32,911.109888
2026-07-28 23:15:00+00:00,1908.39,1908.93,1904.11,1908.66,268.794304
2026-07-28 23:30:00+00:00,1908.66,1918.86,1908.47,1918.11,871.54295
2026-07-28 23:45:00+00:00,1918.01,1923.32,1916.73,1922.14,798.335892
2026-07-29 00:00:00+00:00,1922.01,1929.0,1921.74,1922.48,1611.463246
2026-07-29 00:15:00+00:00,1922.48,1925.96,1918.78,1920.51,1581.693302
2026-07-29 00:30:00+00:00,1920.5,1923.33,1916.92,1921.36,538.101079
2026-07-29 00:45:00+00:00,1921.33,1925.45,1916.87,1917.23,607.333485
2026-07-29 01:00:00+00:00,1917.21,1918.09,1909.75,1910.54,863.08826
2026-07-29 01:15:00+00:00,1910.47,1916.89,1908.58,1914.84,552.480711
2026-07-29 01:30:00+00:00,1914.8,1915.97,1909.42,1910.31,763.681803
2026-07-29 01:45:00+00:00,1910.3,1910.93,1904.9,1905.66,595.69506
2026-07-29 02:00:00+00:00,1905.48,1910.39,1901.08,1908.61,1222.619859
2026-07-29 02:15:00+00:00,1908.62,1916.02,1903.29,1915.8,1133.089594
2026-07-29 02:30:00+00:00,1915.66,1919.48,1913.54,1914.21,2553.893105
2026-07-29 02:45:00+00:00,1914.17,1914.47,1908.92,1911.03,734.305013
2026-07-29 03:00:00+00:00,1911.02,1913.07,1906.62,1909.49,518.329918
2026-07-29 03:15:00+00:00,1909.49,1910.28,1901.69,1902.1,617.03479
2026-07-29 03:30:00+00:00,1902.1,1902.64,1895.31,1897.93,1100.09567
2026-07-29 03:45:00+00:00,1897.77,1898.84,1891.16,1892.79,1167.009058
2026-07-29 04:00:00+00:00,1892.86,1895.98,1884.11,1892.16,1824.786885
2026-07-29 04:15:00+00:00,1892.04,1896.6,1886.28,1895.78,1084.830395
2026-07-29 04:30:00+00:00,1895.43,1906.44,1894.33,1900.71,1726.237666
2026-07-29 04:45:00+00:00,1900.64,1905.77,1900.03,1905.36,573.198204
2026-07-29 05:00:00+00:00,1905.5,1909.28,1904.61,1909.1,801.168092
2026-07-29 05:15:00+00:00,1909.14,1910.52,1903.61,1908.47,676.791919
2026-07-29 05:30:00+00:00,1908.57,1915.23,1907.07,1912.49,723.94961
2026-07-29 05:45:00+00:00,1912.5,1914.8,1911.83,1912.5,251.678901
2026-07-29 06:00:00+00:00,1912.5,1913.81,1908.93,1912.7,440.148767
2026-07-29 06:15:00+00:00,1912.7,1919.6,1910.93,1918.74,981.753881
2026-07-29 06:30:00+00:00,1918.62,1921.2,1917.6,1919.71,816.787301
2026-07-29 06:45:00+00:00,1919.71,1921.77,1917.59,1920.11,1032.65851
2026-07-29 07:00:00+00:00,1920.13,1922.22,1918.58,1919.21,742.126881
2026-07-29 07:15:00+00:00,1919.21,1919.6,1916.08,1918.54,628.636019
2026-07-29 07:30:00+00:00,1918.54,1918.59,1914.47,1915.8,704.979745
2026-07-29 07:45:00+00:00,1915.81,1925.2,1913.98,1924.4,2566.192436
2026-07-29 08:00:00+00:00,1924.49,1925.06,1914.17,1914.69,708.666545
2026-07-29 08:15:00+00:00,1914.69,1916.81,1912.06,1913.14,493.381522
2026-07-29 08:30:00+00:00,1913.03,1916.79,1911.92,1916.5,510.413911
2026-07-29 08:45:00+00:00,1916.51,1919.46,1914.86,1915.23,422.670648
2026-07-29 09:00:00+00:00,1915.14,1919.8,1914.91,1919.0,235.0427
2026-07-29 09:15:00+00:00,1918.92,1920.94,1917.93,1919.93,336.52097
2026-07-29 09:30:00+00:00,1919.93,1924.53,1919.93,1922.02,731.609816
2026-07-29 09:45:00+00:00,1922.01,1924.0,1918.52,1922.36,706.011992
2026-07-29 10:00:00+00:00,1922.21,1922.59,1919.16,1920.4,432.003875
2026-07-29 10:15:00+00:00,1920.44,1920.58,1918.51,1919.21,343.820295
2026-07-29 10:30:00+00:00,1919.24,1921.13,1916.81,1920.27,376.452988
2026-07-29 10:45:00+00:00,1920.27,1920.37,1910.25,1912.05,1399.824116
2026-07-29 11:00:00+00:00,1912.02,1916.93,1911.01,1916.26,308.729372
2026-07-29 11:15:00+00:00,1916.25,1916.94,1911.69,1913.8,622.981578
2026-07-29 11:30:00+00:00,1913.78,1914.2,1910.2,1911.81,280.613745
2026-07-29 11:45:00+00:00,1911.81,1915.94,1911.41,1915.21,107.105731
2026-07-29 12:00:00+00:00,1915.2,1915.2,1911.81,1911.85,441.828802
2026-07-29 12:15:00+00:00,1911.83,1911.83,1903.0,1906.4,1189.971735
2026-07-29 12:30:00+00:00,1906.29,1908.64,1903.85,1906.63,309.855469
2026-07-29 12:45:00+00:00,1906.63,1908.17,1904.0,1905.37,385.249069
2026-07-29 13:00:00+00:00,1905.35,1906.96,1904.01,1905.99,339.076352
2026-07-29 13:15:00+00:00,1905.99,1905.99,1900.73,1904.49,521.003904
2026-07-29 13:30:00+00:00,1904.42,1911.3,1901.3,1909.38,1326.058339
2026-07-29 13:45:00+00:00,1909.37,1911.51,1895.29,1909.22,2453.326451
2026-07-29 14:00:00+00:00,1909.23,1911.47,1897.14,1898.12,2128.403499
2026-07-29 14:15:00+00:00,1898.13,1903.06,1892.65,1897.7,1657.786493
2026-07-29 14:30:00+00:00,1897.69,1903.51,1891.33,1893.66,1216.59342
2026-07-29 14:45:00+00:00,1893.51,1900.35,1892.73,1895.15,853.047193
2026-07-29 15:00:00+00:00,1895.31,1899.04,1893.62,1896.5,977.601332
2026-07-29 15:15:00+00:00,1896.52,1898.12,1888.88,1895.0,2156.517627
2026-07-29 15:30:00+00:00,1895.0,1898.61,1891.26,1891.63,520.739455
2026-07-29 15:45:00+00:00,1891.54,1894.15,1887.45,1892.1,987.87447
2026-07-29 16:00:00+00:00,1892.1,1893.97,1889.41,1892.42,698.263289
2026-07-29 16:15:00+00:00,1892.41,1900.01,1890.65,1896.02,641.738911
2026-07-29 16:30:00+00:00,1895.99,1898.15,1887.8,1889.65,989.667353
2026-07-29 16:45:00+00:00,1889.92,1895.99,1889.32,1895.45,481.407011
2026-07-29 17:00:00+00:00,1895.5,1901.7,1895.25,1901.56,1152.02662
2026-07-29 17:15:00+00:00,1901.47,1901.56,1895.49,1895.83,763.364767
2026-07-29 17:30:00+00:00,1895.84,1903.97,1894.66,1902.13,852.629443
2026-07-29 17:45:00+00:00,1902.13,1917.05,1900.8,1916.25,3315.58045
2026-07-29 18:00:00+00:00,1916.25,1935.96,1915.03,1917.37,8106.95304
2026-07-29 18:15:00+00:00,1917.2,1919.74,1903.08,1908.33,2774.238109
2026-07-29 18:30:00+00:00,1908.39,1922.57,1894.43,1920.8,4644.270542
2026-07-29 18:45:00+00:00,1920.54,1928.5,1917.9,1920.55,2858.886175
2026-07-29 19:00:00+00:00,1920.58,1922.9,1909.09,1913.65,2315.803362
2026-07-29 19:15:00+00:00,1913.58,1914.78,1898.53,1904.3,2911.458741
2026-07-29 19:30:00+00:00,1904.3,1907.38,1897.14,1900.35,987.455045
2026-07-29 19:45:00+00:00,1900.4,1901.56,1884.0,1888.67,3776.943016
2026-07-29 20:00:00+00:00,1888.8,1889.93,1879.94,1888.01,3262.094766
2026-07-29 20:15:00+00:00,1887.91,1891.54,1878.38,1884.2,1329.491612
2026-07-29 20:30:00+00:00,1884.19,1891.91,1882.49,1889.48,1152.005037
2026-07-29 20:45:00+00:00,1889.49,1890.95,1883.01,1884.24,812.430418
2026-07-29 21:00:00+00:00,1884.21,1885.3,1874.0,1885.24,3029.868445
2026-07-29 21:15:00+00:00,1885.11,1890.19,1882.02,1889.96,869.25155
2026-07-29 21:30:00+00:00,1889.68,1892.9,1889.12,1891.62,603.886904
2026-07-29 21:45:00+00:00,1891.79,1898.53,1890.05,1898.53,1138.448511
2026-07-29 22:00:00+00:00,1898.53,1910.41,1898.16,1907.6,1887.036266
2026-07-29 22:15:00+00:00,1907.59,1911.5,1906.17,1908.43,894.00896
2026-07-29 22:30:00+00:00,1908.57,1909.42,1904.2,1908.81,843.684396
2026-07-29 22:45:00+00:00,1908.81,1908.87,1905.21,1907.14,314.26928
2026-07-29 23:00:00+00:00,1907.15,1907.41,1902.53,1903.66,631.152214
2026-07-29 23:15:00+00:00,1903.67,1911.0,1903.21,1908.5,497.170817
2026-07-29 23:30:00+00:00,1908.51,1911.48,1905.79,1911.34,745.376348
2026-07-29 23:45:00+00:00,1911.35,1913.07,1909.47,1910.62,468.586801
2026-07-30 00:00:00+00:00,1910.61,1914.82,1908.65,1912.24,606.422757
2026-07-30 00:15:00+00:00,1912.24,1914.79,1908.76,1911.14,666.245722
2026-07-30 00:30:00+00:00,1911.14,1911.57,1896.61,1896.87,1503.063724
2026-07-30 00:45:00+00:00,1896.92,1899.1,1894.0,1898.34,573.198555
2026-07-30 01:00:00+00:00,1898.36,1911.05,1897.45,1900.64,2718.088974
2026-07-30 01:15:00+00:00,1900.77,1907.51,1900.26,1907.23,420.170173
2026-07-30 01:30:00+00:00,1907.22,1918.97,1906.95,1915.21,2111.61978
2026-07-30 01:45:00+00:00,1915.34,1921.42,1913.47,1916.8,1189.396726
2026-07-30 02:00:00+00:00,1916.85,1919.71,1914.95,1916.95,840.19128
2026-07-30 02:15:00+00:00,1916.96,1920.0,1914.77,1915.39,692.531949
2026-07-30 02:30:00+00:00,1915.5,1915.61,1910.45,1914.81,644.834868
2026-07-30 02:45:00+00:00,1914.77,1915.39,1910.61,1911.25,202.935409
2026-07-30 03:00:00+00:00,1911.27,1913.81,1907.0,1911.66,624.166879
2026-07-30 03:15:00+00:00,1911.69,1915.13,1910.64,1913.96,310.421691
2026-07-30 03:30:00+00:00,1913.96,1913.96,1909.15,1910.88,551.480045
2026-07-30 03:45:00+00:00,1910.93,1912.6,1909.91,1910.2,76.126147
2026-07-30 04:00:00+00:00,1910.27,1911.01,1907.14,1907.5,505.336148
2026-07-30 04:15:00+00:00,1907.5,1908.72,1905.44,1906.28,630.891009
2026-07-30 04:30:00+00:00,1906.25,1908.5,1903.85,1904.73,611.970447
2026-07-30 04:45:00+00:00,1905.18,1906.93,1901.58,1902.31,617.816848
2026-07-30 05:00:00+00:00,1902.31,1904.0,1900.44,1903.17,446.636043
2026-07-30 05:15:00+00:00,1903.31,1904.62,1900.38,1903.21,1167.412163
2026-07-30 05:30:00+00:00,1903.24,1909.5,1903.11,1907.73,1236.453588
2026-07-30 05:45:00+00:00,1907.72,1909.42,1904.31,1906.46,1633.684325
2026-07-30 06:00:00+00:00,1906.41,1906.86,1902.65,1903.62,1621.383053
2026-07-30 06:15:00+00:00,1903.61,1906.35,1901.92,1905.94,1555.981086
2026-07-30 06:30:00+00:00,1906.05,1906.17,1902.74,1903.22,376.238317
2026-07-30 06:45:00+00:00,1903.21,1903.95,1899.76,1901.27,481.3871
2026-07-30 07:00:00+00:00,1901.26,1908.0,1901.01,1905.39,484.078688
2026-07-30 07:15:00+00:00,1905.44,1908.0,1902.8,1905.41,1107.364197
2026-07-30 07:30:00+00:00,1905.4,1906.17,1900.46,1905.11,540.558787
2026-07-30 07:45:00+00:00,1905.11,1906.4,1902.9,1903.3,223.147903
2026-07-30 08:00:00+00:00,1903.48,1907.13,1900.47,1904.85,221.637907
2026-07-30 08:15:00+00:00,1904.85,1917.76,1903.48,1914.25,1597.041198
2026-07-30 08:30:00+00:00,1914.29,1916.85,1913.02,1915.96,383.981296
2026-07-30 08:45:00+00:00,1915.93,1916.67,1913.99,1915.01,334.202383
2026-07-30 09:00:00+00:00,1915.03,1918.52,1914.08,1917.95,337.722785
2026-07-30 09:15:00+00:00,1917.9,1920.61,1916.69,1920.32,769.214287
2026-07-30 09:30:00+00:00,1920.32,1924.53,1917.42,1918.82,1188.202274
2026-07-30 09:45:00+00:00,1918.82,1920.81,1917.42,1918.24,867.951425
2026-07-30 10:00:00+00:00,1918.24,1920.41,1916.77,1918.35,801.803958
2026-07-30 10:15:00+00:00,1918.34,1920.5,1918.34,1920.26,210.754496
2026-07-30 10:30:00+00:00,1920.26,1921.79,1918.87,1921.29,282.454287
2026-07-30 10:45:00+00:00,1921.3,1921.86,1916.46,1918.21,400.967235
2026-07-30 11:00:00+00:00,1918.2,1920.12,1916.42,1919.36,1150.354897
2026-07-30 11:15:00+00:00,1919.38,1921.39,1918.73,1920.71,444.11183
2026-07-30 11:30:00+00:00,1920.71,1924.18,1919.15,1921.42,513.531855
2026-07-30 11:45:00+00:00,1921.23,1926.62,1920.9,1923.27,900.732639
2026-07-30 12:00:00+00:00,1923.15,1927.58,1922.6,1926.61,567.420974
2026-07-30 12:15:00+00:00,1926.62,1927.01,1920.0,1922.55,765.669273
2026-07-30 12:30:00+00:00,1922.72,1925.94,1920.01,1920.47,1275.282038
2026-07-30 12:45:00+00:00,1920.5,1926.48,1920.5,1925.21,481.229837
2026-07-30 13:00:00+00:00,1925.21,1928.57,1924.06,1925.75,861.516288
2026-07-30 13:15:00+00:00,1925.74,1927.69,1923.04,1925.22,478.212006
2026-07-30 13:30:00+00:00,1925.39,1931.36,1917.23,1930.43,2504.309932
2026-07-30 13:45:00+00:00,1930.42,1937.05,1929.44,1929.73,3341.386259
2026-07-30 14:00:00+00:00,1929.71,1930.39,1918.32,1918.78,1986.155341
2026-07-30 14:15:00+00:00,1918.85,1925.31,1913.68,1921.11,2685.878363
2026-07-30 14:30:00+00:00,1921.1,1924.98,1918.49,1920.63,668.686207
2026-07-30 14:45:00+00:00,1920.63,1921.75,1914.76,1917.65,767.717972
2026-07-30 15:00:00+00:00,1917.7,1921.3,1914.9,1916.93,585.562641
2026-07-30 15:15:00+00:00,1916.94,1924.35,1915.83,1917.18,543.274004
2026-07-30 15:30:00+00:00,1916.99,1919.71,1914.9,1918.89,545.98142
2026-07-30 15:45:00+00:00,1918.96,1920.69,1916.71,1919.15,353.859456
2026-07-30 16:00:00+00:00,1919.03,1926.15,1919.02,1923.63,745.358541
2026-07-30 16:15:00+00:00,1923.64,1925.32,1920.64,1923.0,411.230815
2026-07-30 16:30:00+00:00,1922.96,1923.39,1916.3,1916.3,645.03403
2026-07-30 16:45:00+00:00,1916.3,1919.94,1916.3,1919.39,262.1696
2026-07-30 17:00:00+00:00,1919.43,1920.8,1916.32,1917.5,389.176201
2026-07-30 17:15:00+00:00,1917.47,1922.88,1916.7,1922.1,331.638152
2026-07-30 17:30:00+00:00,1922.15,1925.31,1918.86,1923.41,376.429152
2026-07-30 17:45:00+00:00,1923.41,1924.5,1920.41,1920.84,199.975884
2026-07-30 18:00:00+00:00,1920.84,1922.92,1919.77,1920.32,553.023805
2026-07-30 18:15:00+00:00,1920.31,1921.02,1918.49,1920.41,1175.683108
2026-07-30 18:30:00+00:00,1920.32,1920.98,1917.44,1918.69,350.681453
2026-07-30 18:45:00+00:00,1918.69,1919.18,1914.98,1916.24,395.633009
2026-07-30 19:00:00+00:00,1916.25,1922.93,1916.05,1922.0,313.974834
2026-07-30 19:15:00+00:00,1922.01,1929.97,1921.13,1926.59,1051.437559
2026-07-30 19:30:00+00:00,1926.58,1927.79,1924.34,1925.75,280.899415
2026-07-30 19:45:00+00:00,1925.71,1926.3,1923.04,1923.9,283.104971
2026-07-30 20:00:00+00:00,1923.91,1927.49,1921.15,1922.03,786.71484
2026-07-30 20:15:00+00:00,1922.02,1924.93,1920.6,1922.62,281.753047
2026-07-30 20:30:00+00:00,1922.63,1925.58,1920.12,1923.89,332.453181
2026-07-30 20:45:00+00:00,1923.9,1925.29,1921.4,1921.72,216.047597
2026-07-30 21:00:00+00:00,1921.73,1923.46,1921.4,1922.94,165.871282
2026-07-30 21:15:00+00:00,1922.95,1924.52,1921.79,1922.04,141.115388
2026-07-30 21:30:00+00:00,1922.09,1923.3,1920.6,1922.06,233.041978
2026-07-30 21:45:00+00:00,1922.06,1922.06,1917.49,1918.65,557.003453
2026-07-30 22:00:00+00:00,1918.65,1928.4,1916.33,1925.7,795.503142
2026-07-30 22:15:00+00:00,1925.62,1932.92,1924.81,1931.84,867.786019
2026-07-30 22:30:00+00:00,1931.81,1933.33,1927.96,1930.07,979.265401
2026-07-30 22:45:00+00:00,1930.13,1930.81,1924.88,1925.61,310.988985
2026-07-30 23:00:00+00:00,1925.61,1928.95,1924.8,1928.72,85.76059
2026-07-30 23:15:00+00:00,1928.72,1929.0,1926.25,1927.66,206.665308
2026-07-30 23:30:00+00:00,1927.62,1936.7,1922.08,1924.74,2845.341966
2026-07-30 23:45:00+00:00,1924.75,1926.59,1918.1,1918.65,1757.192971
2026-07-31 00:00:00+00:00,1918.66,1922.37,1917.31,1919.65,913.426664
2026-07-31 00:15:00+00:00,1919.65,1920.15,1916.42,1918.05,759.402077
2026-07-31 00:30:00+00:00,1918.04,1919.93,1915.6,1918.08,556.224387
2026-07-31 00:45:00+00:00,1918.09,1918.9,1915.2,1917.35,688.515105
2026-07-31 01:00:00+00:00,1917.03,1936.24,1917.03,1931.04,3067.740126
2026-07-31 01:15:00+00:00,1931.14,1933.1,1925.36,1929.82,1035.98574
2026-07-31 01:30:00+00:00,1929.8,1930.26,1919.25,1919.75,946.247212
2026-07-31 01:45:00+00:00,1919.73,1920.82,1907.0,1910.32,2786.453416
2026-07-31 02:00:00+00:00,1910.36,1912.31,1906.77,1908.81,562.199141
2026-07-31 02:15:00+00:00,1908.8,1908.91,1904.24,1904.57,1079.123165
2026-07-31 02:30:00+00:00,1904.65,1907.16,1901.92,1902.45,804.534205
2026-07-31 02:45:00+00:00,1902.48,1906.45,1902.39,1904.26,875.107857
2026-07-31 03:00:00+00:00,1904.26,1904.37,1899.22,1901.82,1111.445843
2026-07-31 03:15:00+00:00,1901.83,1909.8,1901.01,1908.06,558.549733
2026-07-31 03:30:00+00:00,1908.09,1909.51,1905.69,1908.0,473.681638
2026-07-31 03:45:00+00:00,1908.0,1911.66,1906.8,1908.8,1098.978799
2026-07-31 04:00:00+00:00,1908.8,1909.53,1905.06,1905.39,376.931046
2026-07-31 04:15:00+00:00,1905.41,1906.61,1903.37,1906.13,472.723158
2026-07-31 04:30:00+00:00,1906.31,1907.1,1904.45,1905.91,239.698477
2026-07-31 04:45:00+00:00,1905.92,1907.02,1905.46,1905.91,171.99466
2026-07-31 05:00:00+00:00,1905.92,1909.04,1905.92,1908.63,380.081109
2026-07-31 05:15:00+00:00,1908.63,1909.24,1904.69,1905.17,312.106193
2026-07-31 05:30:00+00:00,1904.96,1906.27,1901.63,1901.71,374.34013
2026-07-31 05:45:00+00:00,1901.71,1906.58,1901.62,1906.45,331.026415
2026-07-31 06:00:00+00:00,1906.45,1908.08,1905.0,1907.37,323.496947
2026-07-31 06:15:00+00:00,1907.35,1911.28,1905.7,1910.92,438.546672
2026-07-31 06:30:00+00:00,1910.99,1911.29,1901.45,1902.26,499.78362
2026-07-31 06:45:00+00:00,1902.31,1904.91,1900.35,1902.61,390.763149
2026-07-31 07:00:00+00:00,1902.6,1902.79,1890.54,1891.98,2301.351887
2026-07-31 07:15:00+00:00,1891.98,1892.02,1884.61,1885.22,1437.197414
2026-07-31 07:30:00+00:00,1885.12,1889.21,1884.41,1887.56,1229.621673
2026-07-31 07:45:00+00:00,1887.57,1892.51,1887.57,1890.35,965.88428
2026-07-31 08:00:00+00:00,1890.34,1893.27,1888.47,1891.91,1441.861179
2026-07-31 08:15:00+00:00,1891.92,1893.26,1888.69,1892.16,1248.444279
2026-07-31 08:30:00+00:00,1892.15,1892.8,1889.05,1889.73,258.230954
2026-07-31 08:45:00+00:00,1889.73,1892.11,1889.23,1890.56,363.99512
2026-07-31 09:00:00+00:00,1890.57,1891.33,1889.01,1890.18,478.95789
2026-07-31 09:15:00+00:00,1890.19,1890.19,1883.34,1884.45,885.345701
2026-07-31 09:30:00+00:00,1884.45,1885.69,1881.48,1883.44,738.021359
2026-07-31 09:45:00+00:00,1883.44,1885.58,1881.99,1883.81,549.712269
2026-07-31 10:00:00+00:00,1883.86,1885.01,1877.9,1883.66,1740.754909
2026-07-31 10:15:00+00:00,1883.63,1887.52,1882.69,1887.07,572.490766
2026-07-31 10:30:00+00:00,1886.91,1889.54,1886.53,1889.53,465.27208
2026-07-31 10:45:00+00:00,1889.53,1890.3,1886.06,1887.14,457.542114
2026-07-31 11:00:00+00:00,1887.14,1890.02,1884.77,1885.59,336.841128
2026-07-31 11:15:00+00:00,1885.59,1887.66,1882.52,1884.6,454.788935
2026-07-31 11:30:00+00:00,1884.6,1885.14,1883.02,1883.6,234.908002
2026-07-31 11:45:00+00:00,1883.6,1885.44,1883.15,1884.71,209.201027
2026-07-31 12:00:00+00:00,1884.67,1884.98,1875.5,1877.02,1707.101886
2026-07-31 12:15:00+00:00,1877.0,1879.85,1875.68,1879.04,687.66385
2026-07-31 12:30:00+00:00,1879.06,1879.06,1873.49,1877.56,1072.65196
2026-07-31 12:45:00+00:00,1877.56,1883.64,1877.18,1882.96,583.849667
2026-07-31 13:00:00+00:00,1882.96,1886.34,1882.49,1886.11,528.501035
2026-07-31 13:15:00+00:00,1886.29,1890.49,1886.29,1889.43,811.510765
2026-07-31 13:30:00+00:00,1889.32,1889.32,1875.98,1876.57,2429.049119
2026-07-31 13:45:00+00:00,1876.6,1878.68,1865.0,1867.3,4095.796769
2026-07-31 14:00:00+00:00,1867.21,1868.94,1848.73,1864.54,9712.907182
2026-07-31 14:15:00+00:00,1864.53,1870.73,1858.1,1862.05,3925.938248
2026-07-31 14:30:00+00:00,1862.18,1868.24,1858.74,1860.58,1950.073559
2026-07-31 14:45:00+00:00,1860.4,1865.59,1856.06,1860.24,2179.39711
2026-07-31 15:00:00+00:00,1860.24,1861.39,1856.24,1859.28,937.995583
2026-07-31 15:15:00+00:00,1859.27,1863.22,1854.86,1857.91,1053.435418
2026-07-31 15:30:00+00:00,1857.92,1866.5,1856.81,1865.13,1289.025701
2026-07-31 15:45:00+00:00,1865.18,1865.19,1859.28,1863.16,454.832888
2026-07-31 16:00:00+00:00,1863.16,1866.66,1862.1,1864.58,520.99932
2026-07-31 16:15:00+00:00,1864.59,1867.33,1861.04,1866.68,683.21496
2026-07-31 16:30:00+00:00,1866.7,1867.06,1861.69,1863.35,495.290893
2026-07-31 16:45:00+00:00,1863.31,1865.59,1862.43,1864.73,315.468619
2026-07-31 17:00:00+00:00,1864.72,1869.16,1863.54,1867.58,450.696382
2026-07-31 17:15:00+00:00,1867.52,1871.78,1865.92,1871.78,765.144674
2026-07-31 17:30:00+00:00,1871.64,1876.0,1870.6,1873.74,980.541562
2026-07-31 17:45:00+00:00,1873.75,1878.31,1873.75,1875.05,382.931931
2026-07-31 18:00:00+00:00,1875.04,1876.85,1871.0,1871.68,524.327269
2026-07-31 18:15:00+00:00,1871.67,1873.39,1869.31,1869.37,402.956683
2026-07-31 18:30:00+00:00,1869.42,1870.5,1865.01,1869.23,362.47816
2026-07-31 18:45:00+00:00,1869.22,1873.85,1869.2,1871.83,326.424978
2026-07-31 19:00:00+00:00,1871.82,1873.97,1869.23,1870.35,197.114694
2026-07-31 19:15:00+00:00,1870.27,1870.65,1867.69,1868.65,458.872323
2026-07-31 19:30:00+00:00,1868.71,1869.29,1865.53,1868.31,454.280677
2026-07-31 19:45:00+00:00,1868.41,1870.7,1867.41,1868.17,430.318887
2026-07-31 20:00:00+00:00,1868.41,1869.72,1867.2,1869.02,229.575954
2026-07-31 20:15:00+00:00,1869.02,1870.8,1867.94,1868.85,157.11916
2026-07-31 20:30:00+00:00,1868.85,1868.85,1864.51,1866.8,206.179939
2026-07-31 20:45:00+00:00,1866.74,1867.44,1861.63,1862.42,936.960872
2026-07-31 21:00:00+00:00,1862.42,1864.11,1859.54,1862.91,569.826511
2026-07-31 21:15:00+00:00,1862.9,1863.49,1862.41,1862.85,184.162144
2026-07-31 21:30:00+00:00,1862.85,1863.19,1861.6,1862.76,206.505637
2026-07-31 21:45:00+00:00,1862.73,1864.99,1859.74,1861.9,340.355321
2026-07-31 22:00:00+00:00,1861.91,1863.16,1858.7,1862.52,806.605156
2026-07-31 22:15:00+00:00,1862.52,1864.27,1862.52,1863.51,125.196798
2026-07-31 22:30:00+00:00,1863.5,1865.52,1862.54,1863.3,185.63056
2026-07-31 22:45:00+00:00,1863.22,1863.85,1861.17,1861.41,170.813305
2026-07-31 23:00:00+00:00,1861.41,1863.8,1861.41,1862.66,169.632333
2026-07-31 23:15:00+00:00,1862.67,1864.75,1862.06,1864.1,139.394023
2026-07-31 23:30:00+00:00,1864.09,1864.9,1863.35,1863.6,94.104401
2026-07-31 23:45:00+00:00,1863.6,1863.96,1861.17,1862.59,208.174093
2026-08-01 00:00:00+00:00,1862.74,1865.5,1862.56,1865.06,181.535391
2026-08-01 00:15:00+00:00,1865.01,1867.35,1864.09,1866.0,320.293339
2026-08-01 00:30:00+00:00,1866.0,1867.11,1864.9,1867.06,146.088943
2026-08-01 00:45:00+00:00,1867.06,1867.68,1864.19,1864.85,225.527496
2026-08-01 01:00:00+00:00,1864.86,1867.35,1864.85,1866.71,266.840468
2026-08-01 01:15:00+00:00,1866.72,1867.62,1865.15,1866.42,271.663714
2026-08-01 01:30:00+00:00,1866.48,1867.19,1865.8,1866.63,194.413202
2026-08-01 01:45:00+00:00,1866.63,1867.36,1865.49,1866.99,210.024922
2026-08-01 02:00:00+00:00,1867.0,1868.25,1866.4,1867.98,205.255446
2026-08-01 02:15:00+00:00,1868.0,1869.94,1867.78,1868.88,471.479067
2026-08-01 02:30:00+00:00,1868.88,1869.31,1867.42,1868.22,249.087046
2026-08-01 02:45:00+00:00,1868.21,1869.31,1868.04,1868.32,347.270339
2026-08-01 03:00:00+00:00,1868.33,1868.51,1866.48,1867.41,101.728822
2026-08-01 03:15:00+00:00,1867.4,1869.0,1866.83,1868.02,40.389354
2026-08-01 03:30:00+00:00,1868.02,1869.26,1867.35,1868.71,157.027623
2026-08-01 03:45:00+00:00,1868.8,1869.98,1868.24,1869.97,342.88347
2026-08-01 04:00:00+00:00,1869.98,1870.21,1868.02,1870.03,334.631832
2026-08-01 04:15:00+00:00,1870.03,1870.49,1869.38,1869.51,671.585493
2026-08-01 04:30:00+00:00,1869.51,1870.26,1869.41,1870.24,181.841416
2026-08-01 04:45:00+00:00,1870.24,1870.51,1869.24,1869.68,236.772252
2026-08-01 05:00:00+00:00,1869.69,1871.15,1869.24,1870.83,440.881242
2026-08-01 05:15:00+00:00,1870.84,1870.84,1868.5,1868.85,759.194741
2026-08-01 05:30:00+00:00,1868.74,1869.18,1865.39,1866.07,436.597411
2026-08-01 05:45:00+00:00,1866.07,1867.75,1865.39,1867.7,167.426985
2026-08-01 06:00:00+00:00,1867.71,1867.81,1866.41,1867.73,68.094618
2026-08-01 06:15:00+00:00,1867.73,1870.36,1866.92,1870.09,421.025835
2026-08-01 06:30:00+00:00,1870.09,1870.51,1869.38,1870.22,91.732837
2026-08-01 06:45:00+00:00,1870.21,1870.97,1869.43,1870.47,251.949544
2026-08-01 07:00:00+00:00,1870.47,1871.9,1870.19,1871.48,297.231432
2026-08-01 07:15:00+00:00,1871.49,1871.56,1869.1,1869.61,177.481526
2026-08-01 07:30:00+00:00,1869.58,1870.11,1868.3,1870.11,968.317771
2026-08-01 07:45:00+00:00,1870.11,1870.32,1869.27,1870.08,866.363396
2026-08-01 08:00:00+00:00,1870.09,1870.09,1868.31,1869.22,464.40943
2026-08-01 08:15:00+00:00,1869.23,1870.3,1868.62,1868.94,521.066424
2026-08-01 08:30:00+00:00,1868.93,1869.0,1867.46,1868.12,206.558198
2026-08-01 08:45:00+00:00,1868.14,1869.7,1867.81,1869.21,328.229088
2026-08-01 09:00:00+00:00,1869.21,1870.0,1868.23,1869.98,119.920484
2026-08-01 09:15:00+00:00,1870.0,1870.79,1869.76,1869.77,85.665564
2026-08-01 09:30:00+00:00,1869.76,1870.73,1869.76,1870.02,242.670108
2026-08-01 09:45:00+00:00,1870.02,1870.02,1867.57,1867.92,178.575499
2026-08-01 10:00:00+00:00,1867.96,1869.14,1863.15,1864.44,475.904828
2026-08-01 10:15:00+00:00,1864.44,1865.96,1863.7,1865.21,119.318935
2026-08-01 10:30:00+00:00,1865.22,1868.24,1864.01,1868.03,234.265721
2026-08-01 10:45:00+00:00,1868.08,1868.69,1866.45,1867.36,405.746987
2026-08-01 11:00:00+00:00,1867.4,1867.86,1866.08,1866.94,193.548953
2026-08-01 11:15:00+00:00,1866.94,1867.76,1866.0,1867.1,184.573222
2026-08-01 11:30:00+00:00,1867.1,1867.34,1866.58,1866.79,64.955053
2026-08-01 11:45:00+00:00,1866.79,1866.99,1866.32,1866.98,32.692297
2026-08-01 12:00:00+00:00,1866.99,1868.66,1866.99,1867.77,159.392984
2026-08-01 12:15:00+00:00,1867.77,1868.16,1867.41,1867.7,45.666013
2026-08-01 12:30:00+00:00,1867.69,1869.34,1867.0,1867.66,352.783194
2026-08-01 12:45:00+00:00,1867.67,1870.0,1867.67,1869.01,196.979703
2026-08-01 13:00:00+00:00,1869.01,1869.66,1868.61,1869.38,49.237238
2026-08-01 13:15:00+00:00,1869.39,1869.39,1868.31,1868.35,95.672108
2026-08-01 13:30:00+00:00,1868.35,1869.41,1868.2,1868.93,77.818238
2026-08-01 13:45:00+00:00,1868.93,1869.44,1867.42,1869.26,89.962837
2026-08-01 14:00:00+00:00,1869.3,1873.61,1869.3,1869.82,774.607056
2026-08-01 14:15:00+00:00,1869.89,1873.3,1869.88,1873.15,523.594347
2026-08-01 14:30:00+00:00,1873.15,1874.26,1871.78,1872.87,221.313689
2026-08-01 14:45:00+00:00,1872.89,1875.3,1872.16,1874.98,200.542725
2026-08-01 15:00:00+00:00,1874.99,1875.16,1873.4,1874.8,264.46826
2026-08-01 15:15:00+00:00,1874.73,1875.7,1871.12,1871.81,201.269467
2026-08-01 15:30:00+00:00,1871.79,1872.55,1870.67,1871.04,108.428828
2026-08-01 15:45:00+00:00,1871.04,1871.28,1870.21,1870.21,72.546632
2026-08-01 16:00:00+00:00,1870.21,1871.35,1868.58,1868.75,221.282568
2026-08-01 16:15:00+00:00,1868.76,1870.9,1868.35,1870.57,193.912389
2026-08-01 16:30:00+00:00,1870.57,1873.74,1870.27,1870.38,102.21254
2026-08-01 16:45:00+00:00,1870.38,1870.38,1866.54,1868.82,214.30813
2026-08-01 17:00:00+00:00,1868.82,1870.26,1865.4,1866.8,276.370604
2026-08-01 17:15:00+00:00,1866.75,1866.75,1861.58,1863.75,559.577769
2026-08-01 17:30:00+00:00,1863.82,1863.99,1857.55,1863.27,908.514631
2026-08-01 17:45:00+00:00,1863.27,1863.27,1858.76,1862.08,263.554958
2026-08-01 18:00:00+00:00,1862.08,1862.88,1859.61,1861.09,231.770827
2026-08-01 18:15:00+00:00,1861.08,1861.08,1851.33,1853.54,1738.373788
2026-08-01 18:30:00+00:00,1853.66,1853.66,1831.79,1833.07,9230.188276
2026-08-01 18:45:00+00:00,1833.09,1837.13,1821.91,1836.7,4539.455946
2026-08-01 19:00:00+00:00,1836.65,1840.11,1834.15,1837.55,1279.673341
2026-08-01 19:15:00+00:00,1837.49,1840.54,1835.3,1837.99,355.174698
2026-08-01 19:30:00+00:00,1838.0,1839.77,1835.25,1835.59,212.302776
2026-08-01 19:45:00+00:00,1835.6,1839.34,1835.5,1837.05,290.291783
2026-08-01 20:00:00+00:00,1837.05,1838.85,1835.52,1837.73,358.25046
2026-08-01 20:15:00+00:00,1837.65,1840.47,1836.9,1837.85,233.816414
2026-08-01 20:30:00+00:00,1837.84,1837.84,1833.09,1834.49,590.262025
2026-08-01 20:45:00+00:00,1834.49,1838.45,1833.97,1838.3,724.961699
2026-08-01 21:00:00+00:00,1838.3,1842.72,1836.37,1838.11,898.375183
2026-08-01 21:15:00+00:00,1838.11,1843.19,1837.89,1842.99,682.658039
2026-08-01 21:30:00+00:00,1842.99,1845.17,1842.24,1844.83,527.215362
2026-08-01 21:45:00+00:00,1844.77,1845.87,1843.81,1845.81,247.641182
2026-08-01 22:00:00+00:00,1845.87,1848.73,1844.77,1847.93,500.730824
2026-08-01 22:15:00+00:00,1847.94,1849.19,1845.95,1849.19,262.228335
2026-08-01 22:30:00+00:00,1849.19,1849.19,1846.2,1847.9,74.844258
2026-08-01 22:45:00+00:00,1847.9,1848.37,1847.09,1847.41,65.511378
2026-08-01 23:00:00+00:00,1847.42,1849.02,1846.15,1846.48,87.569271
2026-08-01 23:15:00+00:00,1846.42,1846.55,1843.0,1843.73,270.181002
2026-08-01 23:30:00+00:00,1843.74,1846.66,1843.73,1845.59,345.935451
2026-08-01 23:45:00+00:00,1845.59,1846.23,1844.39,1845.01,219.670908
2026-08-02 00:00:00+00:00,1845.01,1849.73,1845.01,1847.67,465.902834
2026-08-02 00:15:00+00:00,1847.67,1848.27,1844.87,1845.3,357.642172
2026-08-02 00:30:00+00:00,1845.29,1846.75,1844.38,1845.66,271.142061
2026-08-02 00:45:00+00:00,1845.67,1846.92,1843.9,1846.73,392.24208
2026-08-02 01:00:00+00:00,1846.81,1856.54,1846.81,1856.21,1827.520785
2026-08-02 01:15:00+00:00,1856.21,1859.5,1854.01,1854.83,1069.815182
2026-08-02 01:30:00+00:00,1854.79,1857.97,1853.74,1857.34,302.601417
2026-08-02 01:45:00+00:00,1857.34,1858.0,1856.19,1856.98,229.384432
2026-08-02 02:00:00+00:00,1856.98,1882.9,1856.28,1874.93,4160.939734
2026-08-02 02:15:00+00:00,1875.15,1884.56,1873.07,1875.74,2671.053299
2026-08-02 02:30:00+00:00,1875.78,1876.74,1871.99,1874.23,942.484733
2026-08-02 02:45:00+00:00,1874.11,1878.0,1872.83,1876.97,214.778896
2026-08-02 03:00:00+00:00,1876.98,1878.0,1874.76,1875.59,473.791238
2026-08-02 03:15:00+00:00,1875.73,1879.08,1874.79,1875.67,456.955052
2026-08-02 03:30:00+00:00,1875.68,1880.22,1875.41,1878.52,513.657429
2026-08-02 03:45:00+00:00,1878.52,1879.74,1875.91,1877.63,786.083814
2026-08-02 04:00:00+00:00,1877.48,1881.0,1877.48,1880.18,534.518879
2026-08-02 04:15:00+00:00,1880.17,1881.42,1878.39,1879.14,518.079565
2026-08-02 04:30:00+00:00,1879.14,1880.49,1877.6,1877.86,269.752877
2026-08-02 04:45:00+00:00,1877.87,1882.48,1877.79,1881.05,364.697428
2026-08-02 05:00:00+00:00,1880.86,1882.5,1877.35,1878.12,802.892607
2026-08-02 05:15:00+00:00,1878.08,1878.42,1876.57,1877.81,125.881563
2026-08-02 05:30:00+00:00,1877.83,1878.02,1875.17,1875.32,469.959913
2026-08-02 05:45:00+00:00,1875.32,1876.74,1875.24,1876.39,205.018143
2026-08-02 06:00:00+00:00,1876.39,1877.99,1875.11,1875.91,241.429692
2026-08-02 06:15:00+00:00,1875.91,1878.21,1875.11,1877.88,386.063342
2026-08-02 06:30:00+00:00,1877.87,1879.4,1876.4,1878.02,421.428943
2026-08-02 06:45:00+00:00,1878.01,1878.19,1876.63,1877.59,120.877152
2026-08-02 07:00:00+00:00,1877.6,1878.44,1876.97,1878.04,151.446634
2026-08-02 07:15:00+00:00,1878.05,1878.79,1877.37,1877.59,144.134818
2026-08-02 07:30:00+00:00,1877.6,1878.13,1876.63,1877.56,277.106131
2026-08-02 07:45:00+00:00,1877.56,1877.57,1875.49,1875.99,259.146609
2026-08-02 08:00:00+00:00,1875.99,1879.0,1875.6,1876.86,280.107664
2026-08-02 08:15:00+00:00,1876.81,1877.26,1873.4,1873.4,252.564007
2026-08-02 08:30:00+00:00,1873.4,1873.4,1867.09,1869.43,838.50576
2026-08-02 08:45:00+00:00,1869.38,1870.37,1867.44,1868.14,181.541607
2026-08-02 09:00:00+00:00,1868.14,1870.59,1862.61,1870.36,694.195428
2026-08-02 09:15:00+00:00,1870.35,1873.04,1869.86,1870.43,162.721765
2026-08-02 09:30:00+00:00,1870.42,1872.98,1870.28,1870.5,138.737626
2026-08-02 09:45:00+00:00,1870.51,1871.61,1870.5,1870.99,73.52773
2026-08-02 10:00:00+00:00,1870.99,1871.18,1868.6,1869.26,125.790409
2026-08-02 10:15:00+00:00,1869.26,1871.0,1865.5,1865.99,511.128889
2026-08-02 10:30:00+00:00,1866.0,1869.54,1866.0,1869.05,241.383487
2026-08-02 10:45:00+00:00,1869.06,1869.43,1868.59,1868.59,56.98205
2026-08-02 11:00:00+00:00,1868.6,1869.76,1866.67,1867.86,201.118953
2026-08-02 11:15:00+00:00,1867.86,1869.58,1864.55,1864.55,566.736609
2026-08-02 11:30:00+00:00,1864.55,1865.68,1854.46,1856.39,1862.418878
2026-08-02 11:45:00+00:00,1856.38,1859.53,1849.79,1852.73,1455.302166
2026-08-02 12:00:00+00:00,1852.77,1857.4,1852.38,1857.18,667.796102
2026-08-02 12:15:00+00:00,1857.18,1860.76,1856.08,1858.41,539.955373
2026-08-02 12:30:00+00:00,1858.4,1859.76,1856.38,1858.03,262.020583
2026-08-02 12:45:00+00:00,1858.04,1858.53,1856.41,1856.96,133.002102
2026-08-02 13:00:00+00:00,1856.97,1858.28,1855.66,1856.42,262.103529
2026-08-02 13:15:00+00:00,1856.43,1857.32,1853.71,1856.03,279.042798
2026-08-02 13:30:00+00:00,1856.03,1857.5,1852.42,1855.34,209.197261
2026-08-02 13:45:00+00:00,1855.34,1856.74,1854.75,1855.05,306.275714
2026-08-02 14:00:00+00:00,1855.05,1855.57,1852.42,1855.57,329.736217
2026-08-02 14:15:00+00:00,1855.58,1858.45,1855.52,1857.33,311.104299
2026-08-02 14:30:00+00:00,1857.34,1858.99,1856.03,1858.77,171.981306
2026-08-02 14:45:00+00:00,1858.79,1859.86,1854.49,1855.0,360.119412
2026-08-02 15:00:00+00:00,1855.0,1859.35,1853.9,1859.18,198.986918
2026-08-02 15:15:00+00:00,1859.18,1859.48,1857.86,1858.86,126.707268
2026-08-02 15:30:00+00:00,1858.87,1863.59,1858.44,1860.31,629.308621
2026-08-02 15:45:00+00:00,1860.32,1861.17,1858.1,1858.72,128.343469
2026-08-02 16:00:00+00:00,1858.73,1859.31,1856.13,1857.99,140.641401
2026-08-02 16:15:00+00:00,1857.99,1859.96,1857.8,1859.12,203.193363
2026-08-02 16:30:00+00:00,1859.11,1866.1,1858.67,1865.01,741.995177
2026-08-02 16:45:00+00:00,1865.0,1865.41,1863.23,1863.28,232.868644
2026-08-02 17:00:00+00:00,1863.28,1866.35,1862.31,1865.83,564.189369
2026-08-02 17:15:00+00:00,1865.83,1870.49,1864.64,1866.58,478.680781
2026-08-02 17:30:00+00:00,1866.58,1868.63,1866.58,1868.42,255.025226
2026-08-02 17:45:00+00:00,1868.42,1870.1,1868.42,1868.84,202.704657
2026-08-02 18:00:00+00:00,1868.86,1871.33,1868.79,1870.33,245.292247
2026-08-02 18:15:00+00:00,1870.33,1870.33,1868.58,1869.29,76.886397
2026-08-02 18:30:00+00:00,1869.3,1887.58,1868.68,1881.49,3675.117123
2026-08-02 18:45:00+00:00,1881.49,1882.5,1874.7,1876.02,1254.886298
2026-08-02 19:00:00+00:00,1876.02,1878.75,1874.87,1876.8,654.62163
2026-08-02 19:15:00+00:00,1876.79,1878.78,1876.07,1876.13,299.927732
2026-08-02 19:30:00+00:00,1876.13,1878.84,1875.6,1878.72,440.760966
2026-08-02 19:45:00+00:00,1878.72,1884.0,1878.72,1882.34,492.292284
2026-08-02 20:00:00+00:00,1882.35,1883.28,1880.12,1883.02,424.144378
2026-08-02 20:15:00+00:00,1883.02,1884.17,1879.84,1880.3,142.848713
2026-08-02 20:30:00+00:00,1880.31,1882.6,1879.95,1881.26,119.056476
2026-08-02 20:45:00+00:00,1881.25,1885.68,1880.84,1883.73,280.734294
2026-08-02 21:00:00+00:00,1883.73,1886.95,1882.09,1885.66,1154.515666
2026-08-02 21:15:00+00:00,1885.66,1887.2,1884.62,1886.93,197.184059
2026-08-02 21:30:00+00:00,1886.92,1898.0,1885.88,1894.16,2153.689554
2026-08-02 21:45:00+00:00,1894.26,1898.84,1888.81,1890.52,758.770157
2026-08-02 22:00:00+00:00,1890.52,1897.84,1890.52,1893.7,1265.950506
2026-08-02 22:15:00+00:00,1893.69,1897.56,1888.55,1889.87,533.872385
2026-08-02 22:30:00+00:00,1889.87,1890.58,1880.13,1885.22,1836.773215
2026-08-02 22:45:00+00:00,1885.22,1886.16,1881.21,1882.12,211.669795
2026-08-02 23:00:00+00:00,1882.11,1882.74,1876.61,1877.95,631.637599
2026-08-02 23:15:00+00:00,1877.96,1884.51,1877.15,1883.84,300.608214
2026-08-02 23:30:00+00:00,1883.84,1885.13,1882.36,1884.29,433.833035
2026-08-02 23:45:00+00:00,1884.3,1885.67,1882.75,1885.24,324.140157
2026-08-03 00:00:00+00:00,1885.25,1885.9,1878.08,1879.12,633.921937
2026-08-03 00:15:00+00:00,1879.11,1880.71,1873.33,1874.34,632.857129
2026-08-03 00:30:00+00:00,1874.33,1878.95,1871.8,1874.84,521.1129
2026-08-03 00:45:00+00:00,1874.84,1875.49,1871.35,1873.83,410.912573
2026-08-03 01:00:00+00:00,1873.92,1875.43,1869.35,1871.56,764.828913
2026-08-03 01:15:00+00:00,1871.57,1872.99,1868.48,1870.58,444.456428
2026-08-03 01:30:00+00:00,1870.58,1872.79,1868.43,1869.35,336.842358
2026-08-03 01:45:00+00:00,1869.35,1869.86,1866.0,1867.15,347.450082
2026-08-03 02:00:00+00:00,1867.15,1868.13,1864.53,1866.56,465.482574
2026-08-03 02:15:00+00:00,1866.57,1872.06,1864.53,1865.7,706.548649
2026-08-03 02:30:00+00:00,1865.83,1869.13,1865.0,1867.14,436.877722
2026-08-03 02:45:00+00:00,1867.13,1867.67,1862.91,1864.2,638.726077
2026-08-03 03:00:00+00:00,1864.19,1865.87,1862.36,1863.84,237.796673
2026-08-03 03:15:00+00:00,1863.84,1865.24,1861.57,1862.45,169.331137
2026-08-03 03:30:00+00:00,1862.45,1863.12,1861.22,1861.65,197.053246
2026-08-03 03:45:00+00:00,1861.61,1861.81,1851.4,1857.04,2471.633116
2026-08-03 04:00:00+00:00,1857.04,1860.66,1856.01,1857.71,1117.857277
2026-08-03 04:15:00+00:00,1857.71,1861.91,1857.71,1861.58,255.922765
2026-08-03 04:30:00+00:00,1861.58,1863.28,1860.57,1862.06,408.773268
2026-08-03 04:45:00+00:00,1862.06,1862.06,1854.78,1855.0,589.377964
2026-08-03 05:00:00+00:00,1855.01,1858.93,1853.74,1858.4,340.886834
2026-08-03 05:15:00+00:00,1858.4,1858.66,1856.35,1856.99,402.068863
2026-08-03 05:30:00+00:00,1856.99,1859.49,1855.4,1857.77,300.358647
2026-08-03 05:45:00+00:00,1857.76,1860.74,1857.65,1859.98,218.502301
2026-08-03 06:00:00+00:00,1859.93,1861.24,1858.78,1859.42,184.735573
2026-08-03 06:15:00+00:00,1859.41,1860.19,1857.04,1857.33,231.800864
2026-08-03 06:30:00+00:00,1857.32,1858.37,1848.15,1848.32,1631.039329
2026-08-03 06:45:00+00:00,1848.32,1852.39,1846.66,1849.26,898.742118
2026-08-03 07:00:00+00:00,1849.26,1849.98,1844.56,1844.91,1925.825692
2026-08-03 07:15:00+00:00,1844.9,1845.78,1840.21,1845.36,1369.193235
2026-08-03 07:30:00+00:00,1845.36,1847.68,1843.13,1843.84,746.734538
2026-08-03 07:45:00+00:00,1843.84,1846.15,1843.08,1844.23,797.928245
2026-08-03 08:00:00+00:00,1844.22,1845.86,1841.39,1843.66,295.768416
2026-08-03 08:15:00+00:00,1843.66,1843.66,1831.0,1832.57,2425.876904
2026-08-03 08:30:00+00:00,1832.56,1836.9,1828.81,1836.7,1807.935264
2026-08-03 08:45:00+00:00,1836.7,1840.96,1836.05,1840.5,862.034898
2026-08-03 09:00:00+00:00,1840.5,1841.11,1839.31,1840.01,572.875442
2026-08-03 09:15:00+00:00,1840.01,1843.66,1840.0,1842.91,658.234984
2026-08-03 09:30:00+00:00,1842.9,1845.63,1842.4,1845.6,563.563806
2026-08-03 09:45:00+00:00,1845.6,1854.04,1845.59,1852.57,852.817531
2026-08-03 10:00:00+00:00,1852.57,1854.45,1850.32,1850.85,507.715829
2026-08-03 10:15:00+00:00,1850.85,1852.2,1848.35,1848.74,458.966035
2026-08-03 10:30:00+00:00,1848.74,1848.74,1846.2,1847.08,808.146483
2026-08-03 10:45:00+00:00,1847.09,1847.49,1841.12,1846.39,622.97675
2026-08-03 11:00:00+00:00,1846.4,1846.93,1840.18,1842.35,764.760241
2026-08-03 11:15:00+00:00,1842.35,1848.08,1841.71,1844.02,602.636387
2026-08-03 11:30:00+00:00,1844.0,1847.53,1843.39,1844.37,278.491863
2026-08-03 11:45:00+00:00,1844.37,1844.54,1838.61,1839.77,815.8583
2026-08-03 12:00:00+00:00,1839.78,1841.18,1836.71,1841.02,687.858119
2026-08-03 12:15:00+00:00,1841.03,1844.1,1840.57,1842.54,263.600776
2026-08-03 12:30:00+00:00,1842.54,1844.84,1841.66,1844.84,329.229017
2026-08-03 12:45:00+00:00,1844.85,1845.66,1842.53,1844.0,718.602322
2026-08-03 13:00:00+00:00,1844.0,1845.66,1843.35,1844.68,475.495753
2026-08-03 13:15:00+00:00,1844.68,1853.41,1842.66,1844.36,1403.865938
2026-08-03 13:30:00+00:00,1844.36,1851.59,1838.58,1849.67,1539.328648
2026-08-03 13:45:00+00:00,1849.66,1860.51,1844.68,1859.1,1938.162917
2026-08-03 14:00:00+00:00,1859.2,1860.38,1852.39,1855.33,1411.005841
2026-08-03 14:15:00+00:00,1855.32,1869.55,1851.52,1867.14,2113.830567
2026-08-03 14:30:00+00:00,1867.13,1870.5,1862.35,1866.02,1447.934674
2026-08-03 14:45:00+00:00,1866.03,1874.47,1862.17,1873.56,1710.259681
2026-08-03 15:00:00+00:00,1873.56,1874.15,1863.39,1865.33,1306.073732
2026-08-03 15:15:00+00:00,1865.33,1868.49,1862.14,1863.37,1296.574159
2026-08-03 15:30:00+00:00,1863.37,1866.92,1861.57,1863.73,777.587288
2026-08-03 15:45:00+00:00,1863.73,1866.39,1860.44,1863.46,573.004331
2026-08-03 16:00:00+00:00,1863.47,1869.23,1861.68,1865.35,529.598262
2026-08-03 16:15:00+00:00,1865.36,1872.32,1865.35,1870.06,588.314204
2026-08-03 16:30:00+00:00,1870.06,1870.18,1863.25,1865.67,423.046615
2026-08-03 16:45:00+00:00,1865.68,1869.54,1865.39,1866.35,305.8258
2026-08-03 17:00:00+00:00,1866.36,1869.97,1863.48,1869.57,262.460614
2026-08-03 17:15:00+00:00,1869.56,1874.86,1867.41,1868.04,754.173821
2026-08-03 17:30:00+00:00,1868.04,1871.71,1866.76,1870.14,568.963635
2026-08-03 17:45:00+00:00,1870.13,1871.3,1867.4,1868.89,525.531094
2026-08-03 18:00:00+00:00,1868.77,1873.45,1868.44,1872.65,203.101099
2026-08-03 18:15:00+00:00,1872.65,1873.99,1867.72,1868.81,606.159937
2026-08-03 18:30:00+00:00,1868.82,1871.07,1867.55,1869.1,190.508581
2026-08-03 18:45:00+00:00,1869.1,1870.69,1866.71,1869.01,359.561791
2026-08-03 19:00:00+00:00,1869.01,1871.47,1868.25,1870.92,243.586298
2026-08-03 19:15:00+00:00,1870.92,1873.99,1870.01,1872.53,205.829958
2026-08-03 19:30:00+00:00,1872.54,1876.65,1869.52,1871.77,559.784383
2026-08-03 19:45:00+00:00,1871.77,1873.14,1869.8,1870.08,160.939639
2026-08-03 20:00:00+00:00,1870.08,1872.9,1868.58,1871.52,212.317346
2026-08-03 20:15:00+00:00,1871.52,1875.96,1871.51,1872.33,310.417127
2026-08-03 20:30:00+00:00,1872.33,1872.99,1871.36,1872.57,198.772799
2026-08-03 20:45:00+00:00,1872.58,1872.66,1866.72,1868.92,958.952217
2026-08-03 21:00:00+00:00,1868.92,1869.12,1865.59,1866.48,608.865237
2026-08-03 21:15:00+00:00,1866.47,1867.24,1864.52,1866.71,223.38662
2026-08-03 21:30:00+00:00,1866.72,1869.23,1866.72,1868.7,179.865311
2026-08-03 21:45:00+00:00,1868.7,1868.7,1863.51,1863.54,294.652537
2026-08-03 22:00:00+00:00,1863.54,1864.97,1852.0,1859.6,1497.987087
2026-08-03 22:15:00+00:00,1859.64,1866.12,1858.92,1859.56,479.557781
2026-08-03 22:30:00+00:00,1859.56,1859.56,1856.17,1857.13,326.342392
2026-08-03 22:45:00+00:00,1857.14,1861.06,1857.0,1860.44,119.888497
2026-08-03 23:00:00+00:00,1860.44,1860.44,1856.3,1856.89,325.908362
2026-08-03 23:15:00+00:00,1856.9,1859.73,1856.89,1859.59,88.426995
2026-08-03 23:30:00+00:00,1859.6,1860.0,1857.31,1858.81,108.976723
2026-08-03 23:45:00+00:00,1858.81,1860.68,1857.77,1860.64,89.036887
2026-08-04 00:00:00+00:00,1860.65,1863.23,1858.23,1859.79,340.651872
2026-08-04 00:15:00+00:00,1859.8,1860.0,1855.57,1857.02,253.551559
2026-08-04 00:30:00+00:00,1857.02,1857.02,1848.63,1852.34,1320.177558
2026-08-04 00:45:00+00:00,1852.34,1856.28,1849.37,1851.46,389.944334
2026-08-04 01:00:00+00:00,1851.24,1854.43,1849.35,1852.83,336.2195
2026-08-04 01:15:00+00:00,1852.83,1857.67,1851.41,1855.79,359.813207
2026-08-04 01:30:00+00:00,1855.79,1869.62,1855.49,1865.89,1268.761775
2026-08-04 01:45:00+00:00,1866.03,1869.22,1863.51,1867.62,419.879667
2026-08-04 02:00:00+00:00,1867.62,1868.99,1864.44,1865.21,226.422746
2026-08-04 02:15:00+00:00,1865.21,1866.31,1862.51,1862.61,366.495314
2026-08-04 02:30:00+00:00,1862.61,1872.2,1862.01,1868.56,662.575307
2026-08-04 02:45:00+00:00,1868.57,1869.73,1865.24,1866.08,149.315831
2026-08-04 03:00:00+00:00,1866.08,1867.13,1860.0,1860.0,388.123032
2026-08-04 03:15:00+00:00,1860.01,1862.6,1858.53,1862.39,364.959073
2026-08-04 03:30:00+00:00,1862.38,1867.11,1862.38,1865.31,252.661571
2026-08-04 03:45:00+00:00,1865.32,1866.93,1864.32,1864.32,112.869219
2026-08-04 04:00:00+00:00,1864.33,1865.14,1862.17,1863.38,148.880947
2026-08-04 04:15:00+00:00,1863.38,1867.53,1863.2,1866.2,215.878974
2026-08-04 04:30:00+00:00,1866.27,1871.24,1866.27,1871.23,497.244004
2026-08-04 04:45:00+00:00,1871.22,1874.85,1868.11,1868.11,815.957318
2026-08-04 05:00:00+00:00,1868.12,1870.93,1864.74,1864.83,427.715993
2026-08-04 05:15:00+00:00,1864.83,1866.96,1864.73,1865.05,101.345659
2026-08-04 05:30:00+00:00,1865.07,1866.23,1864.67,1866.0,129.137888
2026-08-04 05:45:00+00:00,1865.99,1866.0,1864.5,1864.68,162.228838
2026-08-04 06:00:00+00:00,1864.69,1865.46,1863.16,1864.08,283.979639
2026-08-04 06:15:00+00:00,1863.87,1869.72,1862.39,1862.85,1278.311724
2026-08-04 06:30:00+00:00,1862.74,1863.8,1855.82,1856.79,1088.961493
2026-08-04 06:45:00+00:00,1856.8,1857.27,1854.89,1857.27,228.288618
2026-08-04 07:00:00+00:00,1857.28,1859.3,1855.04,1855.69,323.075961
2026-08-04 07:15:00+00:00,1855.68,1858.39,1853.67,1858.37,320.43321
2026-08-04 07:30:00+00:00,1858.38,1864.51,1858.28,1860.17,754.315091
2026-08-04 07:45:00+00:00,1860.16,1864.99,1860.16,1864.01,1713.693907
2026-08-04 08:00:00+00:00,1864.01,1865.9,1861.9,1862.68,269.177933
2026-08-04 08:15:00+00:00,1862.69,1862.69,1859.98,1860.53,205.996119
2026-08-04 08:30:00+00:00,1860.54,1860.71,1856.79,1860.57,1021.804882
2026-08-04 08:45:00+00:00,1860.53,1860.53,1857.73,1857.91,79.779568
2026-08-04 09:00:00+00:00,1857.91,1858.94,1855.43,1857.0,156.837378
2026-08-04 09:15:00+00:00,1856.7,1857.0,1854.16,1856.9,268.397081
2026-08-04 09:30:00+00:00,1857.0,1857.61,1854.09,1856.47,117.868321
2026-08-04 09:45:00+00:00,1856.47,1859.13,1855.41,1858.93,165.525531
2026-08-04 10:00:00+00:00,1858.93,1859.64,1854.93,1854.93,209.018757
2026-08-04 10:15:00+00:00,1854.92,1860.39,1854.08,1855.94,231.293927
2026-08-04 10:30:00+00:00,1855.99,1863.85,1855.46,1863.6,203.420412
2026-08-04 10:45:00+00:00,1863.52,1872.84,1862.9,1866.89,1105.109039
2026-08-04 11:00:00+00:00,1867.03,1869.8,1866.31,1866.98,362.83929
2026-08-04 11:15:00+00:00,1866.98,1871.57,1866.12,1868.96,309.19716
2026-08-04 11:30:00+00:00,1868.96,1873.24,1866.71,1872.42,221.949132
2026-08-04 11:45:00+00:00,1872.26,1874.73,1870.41,1872.68,512.367648
2026-08-04 12:00:00+00:00,1872.67,1873.03,1869.21,1869.21,377.965421
2026-08-04 12:15:00+00:00,1869.21,1872.18,1867.77,1872.1,382.512642
2026-08-04 12:30:00+00:00,1872.15,1882.0,1871.34,1878.27,1861.910786
2026-08-04 12:45:00+00:00,1878.27,1879.39,1874.71,1875.17,287.885506
2026-08-04 13:00:00+00:00,1875.09,1877.6,1873.88,1875.38,689.055325
2026-08-04 13:15:00+00:00,1875.37,1876.36,1870.16,1870.41,928.589033
2026-08-04 13:30:00+00:00,1870.4,1876.08,1868.0,1873.53,936.609545
2026-08-04 13:45:00+00:00,1873.53,1873.88,1860.15,1861.98,1526.386557
2026-08-04 14:00:00+00:00,1861.99,1868.99,1858.74,1864.73,1089.320973
2026-08-04 14:15:00+00:00,1864.81,1867.52,1858.86,1867.38,991.396132
2026-08-04 14:30:00+00:00,1867.4,1875.56,1866.17,1874.1,1244.388559
2026-08-04 14:45:00+00:00,1874.17,1875.29,1871.26,1873.14,501.596021
2026-08-04 15:00:00+00:00,1873.14,1875.51,1866.87,1870.25,833.31328
2026-08-04 15:15:00+00:00,1870.31,1870.31,1865.85,1866.74,885.565971
2026-08-04 15:30:00+00:00,1866.65,1872.45,1862.1,1871.72,1037.961087
2026-08-04 15:45:00+00:00,1872.08,1877.96,1870.42,1873.08,950.461749
2026-08-04 16:00:00+00:00,1873.08,1874.21,1869.6,1870.5,513.317112
2026-08-04 16:15:00+00:00,1870.64,1873.4,1869.57,1869.62,305.639429
2026-08-04 16:30:00+00:00,1869.57,1871.56,1865.81,1867.39,314.505621
2026-08-04 16:45:00+00:00,1867.29,1869.99,1867.0,1869.93,187.9261
2026-08-04 17:00:00+00:00,1869.93,1877.68,1869.93,1874.25,471.556733
2026-08-04 17:15:00+00:00,1874.31,1875.73,1871.25,1875.4,530.3381
2026-08-04 17:30:00+00:00,1875.43,1877.58,1873.69,1875.74,282.410085
2026-08-04 17:45:00+00:00,1875.75,1876.74,1867.07,1869.65,418.51031
2026-08-04 18:00:00+00:00,1869.56,1877.25,1869.29,1877.08,399.655344
2026-08-04 18:15:00+00:00,1876.98,1880.8,1874.85,1879.14,1512.686232
2026-08-04 18:30:00+00:00,1879.23,1879.47,1873.53,1875.38,252.759943
2026-08-04 18:45:00+00:00,1875.4,1876.34,1874.5,1875.24,159.668763
2026-08-04 19:00:00+00:00,1875.23,1878.08,1874.01,1878.06,246.672866
2026-08-04 19:15:00+00:00,1878.07,1878.49,1874.01,1875.08,312.37361
2026-08-04 19:30:00+00:00,1875.16,1882.24,1874.28,1880.58,793.771627
2026-08-04 19:45:00+00:00,1880.55,1880.55,1874.8,1875.08,389.559768
2026-08-04 20:00:00+00:00,1875.12,1875.58,1872.46,1873.96,464.540349
2026-08-04 20:15:00+00:00,1874.02,1874.02,1866.17,1871.55,668.435894
2026-08-04 20:30:00+00:00,1871.55,1879.7,1871.55,1879.1,447.676513
2026-08-04 20:45:00+00:00,1879.09,1879.09,1874.71,1876.52,363.514125
2026-08-04 21:00:00+00:00,1876.52,1876.61,1872.7,1872.89,1875.859463
2026-08-04 21:15:00+00:00,1872.9,1876.13,1872.11,1873.98,180.845621
2026-08-04 21:30:00+00:00,1873.91,1874.23,1872.46,1873.32,216.992974
2026-08-04 21:45:00+00:00,1873.5,1873.82,1872.0,1872.22,113.868948
2026-08-04 22:00:00+00:00,1872.19,1873.4,1868.4,1873.4,545.904964
2026-08-04 22:15:00+00:00,1873.42,1876.88,1872.87,1876.09,454.55491
2026-08-04 22:30:00+00:00,1876.16,1876.92,1874.68,1874.87,129.3536
2026-08-04 22:45:00+00:00,1874.92,1875.79,1873.0,1875.79,90.702814
2026-08-04 23:00:00+00:00,1875.8,1878.69,1873.2,1878.11,382.399354
2026-08-04 23:15:00+00:00,1878.1,1881.5,1870.23,1870.23,663.503331
2026-08-04 23:30:00+00:00,1870.23,1873.39,1869.12,1871.6,436.35441
2026-08-04 23:45:00+00:00,1871.62,1872.31,1869.49,1869.83,157.882219
2026-08-05 00:00:00+00:00,1869.83,1870.47,1867.41,1867.41,302.511099
2026-08-05 00:15:00+00:00,1867.41,1868.24,1866.1,1868.04,309.627986
2026-08-05 00:30:00+00:00,1868.05,1873.76,1865.02,1867.66,455.354866
2026-08-05 00:45:00+00:00,1867.65,1867.89,1863.34,1864.06,412.75495
2026-08-05 01:00:00+00:00,1864.07,1865.97,1861.49,1865.39,275.075098
2026-08-05 01:15:00+00:00,1865.32,1867.92,1863.57,1867.48,162.822887
2026-08-05 01:30:00+00:00,1867.48,1874.37,1867.48,1870.51,293.943686
2026-08-05 01:45:00+00:00,1870.51,1874.46,1870.3,1873.43,206.744517
2026-08-05 02:00:00+00:00,1873.41,1878.03,1873.4,1876.59,559.156853
2026-08-05 02:15:00+00:00,1876.59,1876.95,1872.27,1874.03,390.363407
2026-08-05 02:30:00+00:00,1874.03,1876.69,1873.47,1875.7,208.177269
2026-08-05 02:45:00+00:00,1875.8,1876.17,1874.21,1874.51,215.40206
2026-08-05 03:00:00+00:00,1874.51,1876.29,1870.76,1871.05,745.91137
2026-08-05 03:15:00+00:00,1871.11,1871.29,1864.16,1865.42,1017.69068
2026-08-05 03:30:00+00:00,1865.29,1868.0,1864.65,1866.81,389.045821
2026-08-05 03:45:00+00:00,1866.81,1868.6,1866.8,1868.0,170.701757
2026-08-05 04:00:00+00:00,1868.03,1868.1,1866.01,1866.17,188.040094
2026-08-05 04:15:00+00:00,1866.16,1868.84,1865.05,1867.99,177.729158
2026-08-05 04:30:00+00:00,1868.0,1869.79,1867.61,1867.61,147.466509
2026-08-05 04:45:00+00:00,1867.55,1868.15,1866.0,1867.6,118.145841
2026-08-05 05:00:00+00:00,1867.6,1873.33,1867.5,1872.12,641.001625
2026-08-05 05:15:00+00:00,1872.11,1877.93,1871.59,1874.69,790.212049
2026-08-05 05:30:00+00:00,1874.6,1874.61,1872.06,1873.23,227.508759
2026-08-05 05:45:00+00:00,1873.31,1874.02,1872.44,1873.36,149.798146
2026-08-05 06:00:00+00:00,1873.35,1873.76,1871.61,1872.17,118.462797
2026-08-05 06:15:00+00:00,1872.17,1872.17,1869.63,1869.86,167.923973
2026-08-05 06:30:00+00:00,1869.84,1872.95,1869.84,1870.51,209.932389
2026-08-05 06:45:00+00:00,1870.5,1871.12,1868.33,1869.93,277.362771
2026-08-05 07:00:00+00:00,1870.0,1870.47,1866.67,1868.0,319.311292
2026-08-05 07:15:00+00:00,1868.0,1868.0,1863.83,1864.12,819.358572
2026-08-05 07:30:00+00:00,1864.12,1865.27,1863.32,1864.32,871.362809
2026-08-05 07:45:00+00:00,1864.32,1872.71,1864.32,1872.71,517.882288
2026-08-05 08:00:00+00:00,1872.7,1874.82,1869.55,1869.55,684.894593
2026-08-05 08:15:00+00:00,1869.55,1872.42,1869.05,1872.13,163.592477
2026-08-05 08:30:00+00:00,1872.14,1872.38,1868.93,1869.44,315.409949
2026-08-05 08:45:00+00:00,1869.44,1871.29,1867.91,1869.93,173.10334
2026-08-05 09:00:00+00:00,1869.94,1872.01,1868.86,1871.62,322.375812
2026-08-05 09:15:00+00:00,1871.63,1874.86,1871.57,1872.57,682.147475
2026-08-05 09:30:00+00:00,1872.63,1874.55,1872.63,1873.31,167.280786
2026-08-05 09:45:00+00:00,1873.31,1873.85,1871.58,1871.92,157.834653
2026-08-05 10:00:00+00:00,1871.93,1873.14,1870.74,1871.53,162.495803
2026-08-05 10:15:00+00:00,1871.39,1874.73,1869.08,1873.49,213.637568
2026-08-05 10:30:00+00:00,1873.49,1876.17,1872.41,1873.64,373.981167
2026-08-05 10:45:00+00:00,1873.67,1874.41,1865.81,1868.41,835.008641
2026-08-05 11:00:00+00:00,1868.44,1871.17,1868.09,1869.95,261.018056
2026-08-05 11:15:00+00:00,1869.94,1870.16,1868.44,1868.59,169.13603
2026-08-05 11:30:00+00:00,1868.55,1871.01,1867.89,1868.52,167.482275
2026-08-05 11:45:00+00:00,1868.57,1869.64,1867.28,1868.86,171.039752
2026-08-05 12:00:00+00:00,1868.95,1873.47,1867.71,1872.0,342.923673
2026-08-05 12:15:00+00:00,1872.0,1884.86,1871.69,1882.9,2492.255231
2026-08-05 12:30:00+00:00,1882.92,1885.29,1878.26,1879.96,695.207489
2026-08-05 12:45:00+00:00,1879.95,1879.95,1875.0,1876.1,430.645032
2026-08-05 13:00:00+00:00,1876.1,1877.59,1867.01,1868.7,1122.615279
2026-08-05 13:15:00+00:00,1868.71,1872.0,1867.64,1869.62,581.939248
2026-08-05 13:30:00+00:00,1869.72,1872.63,1855.4,1870.28,4058.437053
2026-08-05 13:45:00+00:00,1870.28,1879.59,1866.26,1878.66,1768.59107
2026-08-05 14:00:00+00:00,1878.65,1883.0,1873.41,1879.11,1168.084908
2026-08-05 14:15:00+00:00,1879.12,1881.0,1871.2,1871.98,834.13329
2026-08-05 14:30:00+00:00,1871.76,1875.45,1869.33,1874.9,686.077835
2026-08-05 14:45:00+00:00,1874.82,1878.75,1871.01,1875.84,867.142151
2026-08-05 15:00:00+00:00,1875.89,1882.6,1874.86,1877.27,922.037599
2026-08-05 15:15:00+00:00,1877.28,1878.8,1872.9,1876.97,849.898917
2026-08-05 15:30:00+00:00,1876.99,1882.52,1876.95,1878.06,478.69853
2026-08-05 15:45:00+00:00,1877.99,1879.16,1873.05,1873.71,281.744894
2026-08-05 16:00:00+00:00,1873.71,1882.6,1873.5,1882.6,533.184906
2026-08-05 16:15:00+00:00,1882.59,1897.08,1880.77,1895.98,3936.518803
2026-08-05 16:30:00+00:00,1895.86,1897.31,1890.51,1892.57,896.352803
2026-08-05 16:45:00+00:00,1892.49,1895.99,1888.58,1895.81,954.916888
2026-08-05 17:00:00+00:00,1895.84,1898.61,1893.46,1894.1,938.725932
2026-08-05 17:15:00+00:00,1894.09,1894.14,1890.9,1892.76,443.388247
2026-08-05 17:30:00+00:00,1892.72,1911.96,1892.37,1908.81,4231.533725
2026-08-05 17:45:00+00:00,1908.81,1917.99,1907.21,1917.03,3526.32668
2026-08-05 18:00:00+00:00,1916.73,1921.6,1914.01,1920.33,4966.407701
2026-08-05 18:15:00+00:00,1920.4,1928.1,1918.67,1919.81,4100.351087
2026-08-05 18:30:00+00:00,1919.81,1921.4,1915.15,1921.4,873.423104
2026-08-05 18:45:00+00:00,1921.4,1921.56,1916.05,1918.11,504.548792
2026-08-05 19:00:00+00:00,1918.02,1919.99,1915.8,1918.64,521.405686
2026-08-05 19:15:00+00:00,1918.72,1921.23,1917.4,1919.43,460.395898
2026-08-05 19:30:00+00:00,1919.3,1920.2,1916.19,1920.19,396.736316
2026-08-05 19:45:00+00:00,1920.19,1921.09,1916.76,1917.02,625.658145
2026-08-05 20:00:00+00:00,1917.03,1921.57,1916.76,1921.07,750.056377
2026-08-05 20:15:00+00:00,1921.06,1922.59,1918.65,1920.38,467.306708
2026-08-05 20:30:00+00:00,1920.38,1924.19,1918.68,1924.19,479.945809
2026-08-05 20:45:00+00:00,1924.2,1924.76,1916.72,1917.1,776.984097
2026-08-05 21:00:00+00:00,1917.11,1917.54,1908.0,1913.96,1294.300147
2026-08-05 21:15:00+00:00,1914.05,1914.4,1910.16,1910.61,372.172437
2026-08-05 21:30:00+00:00,1910.66,1912.21,1907.14,1908.99,490.332141
2026-08-05 21:45:00+00:00,1908.9,1910.85,1907.6,1908.78,452.489842
2026-08-05 22:00:00+00:00,1908.79,1913.3,1906.75,1911.7,400.449949
2026-08-05 22:15:00+00:00,1911.7,1913.51,1909.49,1912.38,356.940974
2026-08-05 22:30:00+00:00,1912.38,1912.96,1909.25,1909.36,176.922839
2026-08-05 22:45:00+00:00,1909.36,1911.97,1906.81,1907.03,328.162667
2026-08-05 23:00:00+00:00,1907.02,1910.8,1904.66,1909.6,440.652483
2026-08-05 23:15:00+00:00,1909.59,1912.45,1908.54,1910.25,241.704778
2026-08-05 23:30:00+00:00,1910.24,1911.49,1909.19,1910.5,323.949013
2026-08-05 23:45:00+00:00,1910.55,1911.06,1908.19,1909.18,361.202042
2026-08-06 00:00:00+00:00,1909.23,1911.99,1907.31,1910.45,839.758837
2026-08-06 00:15:00+00:00,1910.46,1913.99,1909.4,1911.77,538.883024
2026-08-06 00:30:00+00:00,1911.76,1912.68,1909.39,1909.39,235.948212
2026-08-06 00:45:00+00:00,1909.4,1912.38,1908.59,1910.45,295.169338
2026-08-06 01:00:00+00:00,1910.45,1911.32,1908.2,1909.51,367.201866
2026-08-06 01:15:00+00:00,1909.51,1910.58,1905.2,1905.21,422.682664
2026-08-06 01:30:00+00:00,1905.2,1908.89,1903.58,1906.3,615.904368
2026-08-06 01:45:00+00:00,1906.29,1909.99,1906.28,1906.94,369.605612
2026-08-06 02:00:00+00:00,1906.95,1910.99,1903.67,1904.0,844.503321
2026-08-06 02:15:00+00:00,1903.94,1905.8,1896.25,1898.76,2122.273069
2026-08-06 02:30:00+00:00,1898.66,1900.59,1895.23,1900.52,914.172461
2026-08-06 02:45:00+00:00,1900.51,1902.0,1898.24,1899.35,285.516431
2026-08-06 03:00:00+00:00,1899.4,1899.43,1896.68,1898.19,183.830007
2026-08-06 03:15:00+00:00,1898.08,1898.52,1895.52,1896.86,254.350177
2026-08-06 03:30:00+00:00,1897.01,1898.95,1895.61,1897.51,240.034634
2026-08-06 03:45:00+00:00,1897.55,1899.68,1896.21,1898.91,396.317722
2026-08-06 04:00:00+00:00,1898.91,1900.19,1895.63,1899.76,1101.937466
2026-08-06 04:15:00+00:00,1899.77,1906.63,1899.76,1906.48,790.557577
2026-08-06 04:30:00+00:00,1906.46,1908.31,1904.71,1905.6,431.97222
2026-08-06 04:45:00+00:00,1905.62,1908.3,1904.75,1907.82,202.969051
2026-08-06 05:00:00+00:00,1907.87,1917.58,1907.39,1914.94,1632.375428
2026-08-06 05:15:00+00:00,1915.03,1918.61,1911.35,1911.99,823.45106
2026-08-06 05:30:00+00:00,1911.9,1913.13,1910.55,1913.13,311.838091
2026-08-06 05:45:00+00:00,1913.13,1914.29,1911.25,1914.29,467.832966
2026-08-06 06:00:00+00:00,1914.29,1914.79,1909.99,1910.21,322.745077
2026-08-06 06:15:00+00:00,1910.22,1914.18,1909.55,1913.16,572.25646
2026-08-06 06:30:00+00:00,1913.2,1914.47,1911.84,1913.87,183.006948
2026-08-06 06:45:00+00:00,1913.86,1914.37,1912.6,1913.69,128.233061
2026-08-06 07:00:00+00:00,1913.7,1914.77,1912.04,1914.7,176.728224
2026-08-06 07:15:00+00:00,1914.7,1915.35,1912.5,1912.51,371.992275
2026-08-06 07:30:00+00:00,1912.51,1912.51,1907.57,1908.63,1113.015499
2026-08-06 07:45:00+00:00,1908.63,1911.39,1907.92,1909.27,1114.254473
2026-08-06 08:00:00+00:00,1909.27,1911.25,1908.5,1909.57,324.877412
2026-08-06 08:15:00+00:00,1909.7,1913.6,1909.18,1913.48,379.76717
2026-08-06 08:30:00+00:00,1913.49,1915.0,1912.0,1913.52,274.044095
2026-08-06 08:45:00+00:00,1913.52,1920.0,1913.31,1916.39,1450.046558
2026-08-06 09:00:00+00:00,1916.39,1916.93,1905.99,1907.71,1066.733268
2026-08-06 09:15:00+00:00,1907.7,1911.7,1906.87,1908.82,934.413489
2026-08-06 09:30:00+00:00,1908.82,1909.16,1906.41,1906.61,259.789026
2026-08-06 09:45:00+00:00,1906.68,1908.45,1905.0,1907.97,453.453995
2026-08-06 10:00:00+00:00,1907.98,1907.98,1903.18,1903.18,522.951976
2026-08-06 10:15:00+00:00,1903.17,1906.42,1901.72,1905.53,660.150132
2026-08-06 10:30:00+00:00,1905.53,1905.89,1903.83,1904.26,124.747835
2026-08-06 10:45:00+00:00,1904.27,1905.0,1901.63,1902.79,271.176156
2026-08-06 11:00:00+00:00,1902.8,1903.0,1897.0,1902.5,3482.012474
2026-08-06 11:15:00+00:00,1902.51,1907.3,1902.51,1905.66,372.430687
2026-08-06 11:30:00+00:00,1905.66,1909.28,1905.66,1908.96,510.377611
2026-08-06 11:45:00+00:00,1909.06,1909.07,1905.81,1907.79,300.309014
2026-08-06 12:00:00+00:00,1907.8,1908.19,1901.46,1901.65,1004.539839
2026-08-06 12:15:00+00:00,1901.65,1906.37,1901.47,1904.99,235.490965
2026-08-06 12:30:00+00:00,1904.98,1906.38,1903.14,1904.09,395.262142
2026-08-06 12:45:00+00:00,1904.19,1904.6,1899.07,1899.14,664.231829
2026-08-06 13:00:00+00:00,1899.16,1900.63,1892.42,1896.3,1622.580539
2026-08-06 13:15:00+00:00,1896.22,1898.05,1894.63,1897.76,528.440786
2026-08-06 13:30:00+00:00,1897.76,1908.1,1893.37,1906.77,1691.82257
2026-08-06 13:45:00+00:00,1906.68,1911.41,1905.18,1907.43,985.401508
2026-08-06 14:00:00+00:00,1907.68,1911.77,1905.19,1908.26,557.539522
2026-08-06 14:15:00+00:00,1908.2,1912.71,1906.38,1906.99,831.731356
2026-08-06 14:30:00+00:00,1906.99,1918.7,1903.49,1915.41,2118.741637
2026-08-06 14:45:00+00:00,1915.56,1916.23,1910.66,1914.97,576.390809
2026-08-06 15:00:00+00:00,1914.98,1919.8,1912.8,1915.16,1087.161538
2026-08-06 15:15:00+00:00,1915.16,1917.69,1912.42,1917.16,1047.665285
2026-08-06 15:30:00+00:00,1917.16,1919.53,1912.75,1913.56,572.974383
2026-08-06 15:45:00+00:00,1913.5,1918.93,1910.39,1910.86,656.819075
2026-08-06 16:00:00+00:00,1910.87,1911.89,1908.59,1909.92,503.57813
2026-08-06 16:15:00+00:00,1909.89,1913.63,1909.26,1911.8,446.540217
2026-08-06 16:30:00+00:00,1911.91,1916.77,1910.5,1914.85,367.483234
2026-08-06 16:45:00+00:00,1914.81,1916.59,1912.69,1915.64,166.651173
2026-08-06 17:00:00+00:00,1915.75,1918.51,1914.55,1914.55,346.249109
2026-08-06 17:15:00+00:00,1914.54,1916.53,1913.65,1914.2,207.958175
2026-08-06 17:30:00+00:00,1914.21,1917.41,1910.55,1912.72,367.028787
2026-08-06 17:45:00+00:00,1912.77,1915.38,1911.19,1914.06,223.030854
2026-08-06 18:00:00+00:00,1914.15,1914.4,1909.05,1911.65,259.944668
2026-08-06 18:15:00+00:00,1911.67,1914.17,1910.03,1911.65,100.150325
2026-08-06 18:30:00+00:00,1911.65,1911.66,1905.57,1905.85,489.221675
2026-08-06 18:45:00+00:00,1905.9,1907.76,1904.17,1906.17,732.343234
2026-08-06 19:00:00+00:00,1906.43,1909.3,1906.0,1908.43,119.763127
2026-08-06 19:15:00+00:00,1908.44,1909.85,1906.42,1906.92,150.603507
2026-08-06 19:30:00+00:00,1907.02,1908.99,1906.35,1908.46,130.609745
2026-08-06 19:45:00+00:00,1908.46,1911.21,1907.3,1909.94,302.180259
2026-08-06 20:00:00+00:00,1909.84,1910.98,1909.01,1909.85,183.08302
2026-08-06 20:15:00+00:00,1909.75,1910.14,1906.21,1907.0,147.646744
2026-08-06 20:30:00+00:00,1906.91,1909.14,1906.03,1907.95,50.02338
2026-08-06 20:45:00+00:00,1907.94,1907.94,1906.71,1907.09,202.037373
2026-08-06 21:00:00+00:00,1907.11,1909.5,1906.71,1908.33,216.033814
2026-08-06 21:15:00+00:00,1908.4,1909.75,1907.03,1907.62,347.848709
2026-08-06 21:30:00+00:00,1907.62,1909.0,1905.99,1907.53,233.192427
2026-08-06 21:45:00+00:00,1907.52,1907.59,1906.03,1906.26,109.559696
2026-08-06 22:00:00+00:00,1906.27,1907.6,1903.69,1907.23,207.692852
2026-08-06 22:15:00+00:00,1907.35,1907.6,1902.85,1904.33,189.328454
2026-08-06 22:30:00+00:00,1904.33,1904.99,1902.56,1903.49,204.425139
2026-08-06 22:45:00+00:00,1903.5,1905.75,1903.37,1905.19,127.401131
2026-08-06 23:00:00+00:00,1905.16,1905.94,1904.02,1905.09,78.813605
2026-08-06 23:15:00+00:00,1905.09,1905.44,1900.35,1901.86,459.379287
2026-08-06 23:30:00+00:00,1901.86,1902.43,1898.86,1900.32,265.380574
2026-08-06 23:45:00+00:00,1900.31,1904.44,1899.58,1904.13,211.695048
2026-08-07 00:00:00+00:00,1904.13,1905.57,1900.43,1901.3,272.39972
2026-08-07 00:15:00+00:00,1901.35,1903.07,1900.0,1901.86,193.72474
2026-08-07 00:30:00+00:00,1901.86,1904.43,1900.19,1903.56,280.867162
2026-08-07 00:45:00+00:00,1903.56,1904.59,1901.82,1903.95,155.032148
2026-08-07 01:00:00+00:00,1903.98,1907.76,1903.18,1903.68,299.055599
2026-08-07 01:15:00+00:00,1903.66,1905.88,1902.5,1905.52,116.152066
2026-08-07 01:30:00+00:00,1905.49,1906.46,1899.14,1902.2,632.729003
2026-08-07 01:45:00+00:00,1902.2,1905.0,1901.8,1903.63,177.031549
2026-08-07 02:00:00+00:00,1903.6,1904.0,1897.78,1903.0,408.076721
2026-08-07 02:15:00+00:00,1903.23,1908.65,1900.63,1900.65,862.783898
2026-08-07 02:30:00+00:00,1900.72,1903.17,1899.6,1902.74,323.371407
2026-08-07 02:45:00+00:00,1902.73,1905.11,1902.45,1902.73,169.392506
2026-08-07 03:00:00+00:00,1902.83,1903.95,1900.65,1901.22,132.674586
2026-08-07 03:15:00+00:00,1901.22,1901.85,1899.15,1900.2,330.938155
2026-08-07 03:30:00+00:00,1900.19,1902.53,1899.29,1900.09,388.273369
2026-08-07 03:45:00+00:00,1900.09,1900.81,1896.3,1897.53,509.147389
2026-08-07 04:00:00+00:00,1897.54,1900.08,1896.15,1898.89,253.378777
2026-08-07 04:15:00+00:00,1898.89,1900.79,1897.64,1899.17,435.285423
2026-08-07 04:30:00+00:00,1899.09,1900.8,1897.79,1898.47,187.655784
2026-08-07 04:45:00+00:00,1898.46,1898.6,1894.54,1897.48,575.298014
2026-08-07 05:00:00+00:00,1897.49,1898.92,1896.24,1897.88,524.399869
2026-08-07 05:15:00+00:00,1897.89,1898.08,1896.11,1896.64,505.739448
2026-08-07 05:30:00+00:00,1896.63,1898.8,1895.57,1898.08,3351.114956
2026-08-07 05:45:00+00:00,1898.08,1902.49,1897.77,1901.59,295.95763
2026-08-07 06:00:00+00:00,1901.6,1904.06,1900.2,1904.05,297.220231
2026-08-07 06:15:00+00:00,1903.98,1907.5,1903.48,1905.65,702.231778
2026-08-07 06:30:00+00:00,1905.71,1906.82,1904.0,1904.82,440.812313
2026-08-07 06:45:00+00:00,1904.82,1905.81,1902.98,1904.58,319.686697
2026-08-07 07:00:00+00:00,1904.57,1907.36,1902.49,1906.35,347.701897
2026-08-07 07:15:00+00:00,1906.34,1907.24,1905.13,1905.77,542.875491
2026-08-07 07:30:00+00:00,1905.77,1905.77,1903.04,1903.31,104.999311
2026-08-07 07:45:00+00:00,1903.3,1903.84,1902.44,1902.44,216.559431
2026-08-07 08:00:00+00:00,1902.44,1906.47,1901.9,1906.41,562.405518
2026-08-07 08:15:00+00:00,1906.35,1907.14,1904.76,1906.17,320.739002
2026-08-07 08:30:00+00:00,1906.18,1914.44,1906.07,1913.05,1422.982162
2026-08-07 08:45:00+00:00,1913.06,1913.11,1909.41,1910.73,230.89839
2026-08-07 09:00:00+00:00,1910.74,1914.78,1910.73,1912.36,576.902881
2026-08-07 09:15:00+00:00,1912.29,1914.0,1910.45,1911.14,885.772025
2026-08-07 09:30:00+00:00,1911.14,1917.5,1910.53,1916.15,1414.623054
2026-08-07 09:45:00+00:00,1916.15,1916.58,1913.04,1913.25,258.324563
2026-08-07 10:00:00+00:00,1913.21,1916.0,1912.74,1915.13,409.098851
2026-08-07 10:15:00+00:00,1915.13,1915.25,1913.04,1914.84,370.294963
2026-08-07 10:30:00+00:00,1914.85,1914.99,1912.53,1913.72,399.773425
2026-08-07 10:45:00+00:00,1913.74,1914.68,1912.64,1912.87,193.633008
2026-08-07 11:00:00+00:00,1912.89,1916.89,1912.64,1916.0,521.731968
2026-08-07 11:15:00+00:00,1916.01,1921.2,1914.23,1916.83,1148.15223
2026-08-07 11:30:00+00:00,1916.83,1917.8,1915.34,1916.26,358.970792
2026-08-07 11:45:00+00:00,1916.26,1916.6,1914.7,1916.34,164.959515
2026-08-07 12:00:00+00:00,1916.35,1937.61,1916.35,1933.91,6051.470556
2026-08-07 12:15:00+00:00,1933.91,1934.59,1928.15,1933.39,1923.720913
2026-08-07 12:30:00+00:00,1933.38,1943.6,1922.43,1929.1,5100.509419
2026-08-07 12:45:00+00:00,1929.15,1935.85,1929.15,1932.25,1268.566495
2026-08-07 13:00:00+00:00,1932.25,1933.98,1928.05,1929.08,611.434704
2026-08-07 13:15:00+00:00,1929.12,1931.38,1925.81,1928.08,690.011541
2026-08-07 13:30:00+00:00,1928.16,1935.12,1926.45,1932.55,1077.634843
2026-08-07 13:45:00+00:00,1932.5,1932.87,1921.76,1923.38,1614.09432
2026-08-07 14:00:00+00:00,1923.38,1923.57,1910.9,1912.46,2396.232641
2026-08-07 14:15:00+00:00,1912.44,1925.28,1910.71,1923.72,1166.009414
2026-08-07 14:30:00+00:00,1923.73,1926.49,1917.59,1918.27,3128.987538
2026-08-07 14:45:00+00:00,1918.27,1921.12,1912.0,1913.81,1107.459061
2026-08-07 15:00:00+00:00,1914.0,1919.81,1913.11,1915.68,603.658919
2026-08-07 15:15:00+00:00,1915.68,1918.85,1914.08,1916.88,296.511007
2026-08-07 15:30:00+00:00,1917.03,1921.0,1916.5,1920.37,649.689375
2026-08-07 15:45:00+00:00,1920.5,1920.78,1917.31,1917.8,196.852225
2026-08-07 16:00:00+00:00,1918.0,1925.0,1918.0,1923.17,735.903489
2026-08-07 16:15:00+00:00,1923.12,1924.15,1913.66,1915.0,771.454027
2026-08-07 16:30:00+00:00,1915.1,1916.33,1912.07,1915.48,556.293279
2026-08-07 16:45:00+00:00,1915.41,1916.71,1909.69,1909.69,797.250277
2026-08-07 17:00:00+00:00,1909.69,1911.64,1905.3,1907.39,1203.17274
2026-08-07 17:15:00+00:00,1907.45,1910.83,1906.51,1908.19,738.098215
2026-08-07 17:30:00+00:00,1908.12,1912.49,1905.5,1912.02,698.966727
2026-08-07 17:45:00+00:00,1912.01,1913.21,1907.28,1912.63,783.712485
2026-08-07 18:00:00+00:00,1912.54,1915.49,1912.19,1913.97,280.610543
2026-08-07 18:15:00+00:00,1913.97,1915.1,1912.38,1912.67,215.449079
2026-08-07 18:30:00+00:00,1912.66,1914.02,1908.03,1908.03,181.438476
2026-08-07 18:45:00+00:00,1908.03,1910.38,1906.38,1909.94,337.35618
2026-08-07 19:00:00+00:00,1909.95,1914.77,1909.95,1913.63,213.608967
2026-08-07 19:15:00+00:00,1913.64,1918.38,1913.64,1917.11,402.831171
2026-08-07 19:30:00+00:00,1917.11,1919.49,1916.85,1918.29,1684.317153
2026-08-07 19:45:00+00:00,1918.32,1920.35,1917.43,1918.9,311.052074
2026-08-07 20:00:00+00:00,1918.84,1920.42,1917.32,1918.69,216.826006
2026-08-07 20:15:00+00:00,1918.61,1918.61,1916.44,1917.04,31.844413
2026-08-07 20:30:00+00:00,1917.03,1917.03,1915.33,1915.54,123.41096
2026-08-07 20:45:00+00:00,1915.54,1915.97,1914.37,1915.0,113.913532
2026-08-07 21:00:00+00:00,1915.0,1915.99,1914.1,1914.89,250.347386
2026-08-07 21:15:00+00:00,1915.02,1916.4,1912.94,1914.1,144.921685
2026-08-07 21:30:00+00:00,1914.07,1929.41,1913.76,1918.49,5418.506005
2026-08-07 21:45:00+00:00,1918.48,1918.48,1916.37,1916.74,215.825961
2026-08-07 22:00:00+00:00,1916.74,1916.78,1914.99,1915.8,164.246742
2026-08-07 22:15:00+00:00,1915.8,1916.77,1915.27,1915.27,78.53922
2026-08-07 22:30:00+00:00,1915.25,1915.84,1913.85,1914.7,178.87849
2026-08-07 22:45:00+00:00,1914.76,1915.16,1914.42,1915.1,187.146202
2026-08-07 23:00:00+00:00,1915.1,1916.39,1914.96,1916.1,55.424791
2026-08-07 23:15:00+00:00,1916.1,1916.1,1914.83,1915.1,32.771477
2026-08-07 23:30:00+00:00,1915.1,1916.04,1914.97,1916.04,148.221518
2026-08-07 23:45:00+00:00,1916.04,1916.59,1914.07,1914.08,190.795347
2026-08-08 00:00:00+00:00,1914.08,1914.98,1912.7,1914.49,219.831077
2026-08-08 00:15:00+00:00,1914.45,1914.47,1912.44,1914.3,89.180415
2026-08-08 00:30:00+00:00,1914.34,1914.99,1914.27,1914.82,127.571712
2026-08-08 00:45:00+00:00,1914.82,1914.83,1914.2,1914.46,181.6997
2026-08-08 01:00:00+00:00,1914.51,1915.41,1914.13,1915.1,340.60947
2026-08-08 01:15:00+00:00,1915.09,1916.55,1914.38,1914.85,338.236656
2026-08-08 01:30:00+00:00,1914.86,1915.71,1914.85,1915.58,142.924387
2026-08-08 01:45:00+00:00,1915.57,1915.57,1914.39,1914.82,181.637931
2026-08-08 02:00:00+00:00,1914.82,1914.82,1913.47,1913.57,152.675943
2026-08-08 02:15:00+00:00,1913.57,1913.64,1912.44,1913.56,306.601271
2026-08-08 02:30:00+00:00,1913.56,1914.59,1913.21,1913.22,170.64673
2026-08-08 02:45:00+00:00,1913.22,1913.42,1912.88,1913.31,138.048292
2026-08-08 03:00:00+00:00,1913.31,1914.57,1913.31,1914.28,185.03875
2026-08-08 03:15:00+00:00,1914.3,1916.68,1914.3,1916.68,149.169818
2026-08-08 03:30:00+00:00,1916.68,1919.4,1916.68,1917.64,206.0467
2026-08-08 03:45:00+00:00,1917.66,1918.64,1916.88,1918.05,197.302466
2026-08-08 04:00:00+00:00,1918.05,1919.58,1916.42,1916.8,207.107424
2026-08-08 04:15:00+00:00,1916.89,1917.56,1916.47,1917.43,83.628142
2026-08-08 04:30:00+00:00,1917.36,1919.02,1917.05,1918.07,136.637388
2026-08-08 04:45:00+00:00,1918.07,1918.3,1916.63,1917.06,226.843766
2026-08-08 05:00:00+00:00,1917.06,1917.35,1916.75,1916.81,105.785851
2026-08-08 05:15:00+00:00,1916.82,1917.5,1916.12,1917.17,78.298428
2026-08-08 05:30:00+00:00,1917.16,1918.98,1916.85,1917.95,94.329389
2026-08-08 05:45:00+00:00,1917.95,1918.14,1915.6,1917.55,319.737638
2026-08-08 06:00:00+00:00,1917.56,1917.97,1917.06,1917.36,58.789994
2026-08-08 06:15:00+00:00,1917.35,1917.36,1916.36,1916.7,92.823484
2026-08-08 06:30:00+00:00,1916.71,1917.32,1916.27,1917.0,168.174573
2026-08-08 06:45:00+00:00,1917.02,1917.98,1916.31,1916.59,72.525749
2026-08-08 07:00:00+00:00,1916.59,1916.95,1916.03,1916.05,78.103715
2026-08-08 07:15:00+00:00,1916.06,1916.27,1915.8,1915.81,97.887774
2026-08-08 07:30:00+00:00,1915.81,1915.81,1914.06,1914.73,159.006104
2026-08-08 07:45:00+00:00,1914.73,1915.33,1914.48,1915.21,130.576545
2026-08-08 08:00:00+00:00,1915.22,1915.68,1914.77,1915.68,115.710055
2026-08-08 08:15:00+00:00,1915.71,1916.06,1915.22,1916.05,83.285618
2026-08-08 08:30:00+00:00,1916.06,1917.83,1916.05,1917.83,142.814264
2026-08-08 08:45:00+00:00,1917.76,1917.9,1916.95,1916.96,145.596067
2026-08-08 09:00:00+00:00,1916.96,1917.54,1916.64,1917.06,153.821981
2026-08-08 09:15:00+00:00,1917.05,1917.25,1916.16,1916.63,112.386811
2026-08-08 09:30:00+00:00,1916.63,1923.3,1916.62,1919.34,1179.764671
2026-08-08 09:45:00+00:00,1919.36,1920.4,1918.57,1918.9,354.575651
2026-08-08 10:00:00+00:00,1918.9,1921.0,1918.89,1920.38,274.168901
2026-08-08 10:15:00+00:00,1920.38,1922.75,1920.27,1922.53,154.317229
2026-08-08 10:30:00+00:00,1922.49,1922.57,1920.95,1921.03,136.371876
2026-08-08 10:45:00+00:00,1920.97,1921.46,1920.48,1921.09,138.042761
2026-08-08 11:00:00+00:00,1921.09,1923.53,1921.09,1921.99,233.414035
2026-08-08 11:15:00+00:00,1921.99,1922.0,1919.58,1919.99,111.552718
2026-08-08 11:30:00+00:00,1919.99,1920.25,1919.17,1919.64,125.875385
2026-08-08 11:45:00+00:00,1919.63,1921.12,1919.08,1920.75,176.153241
2026-08-08 12:00:00+00:00,1920.75,1921.0,1918.48,1920.9,422.807907
2026-08-08 12:15:00+00:00,1920.97,1922.59,1919.87,1920.0,111.409237
2026-08-08 12:30:00+00:00,1920.01,1920.99,1919.68,1919.95,89.493526
2026-08-08 12:45:00+00:00,1919.95,1920.75,1919.08,1919.17,107.720648
2026-08-08 13:00:00+00:00,1919.17,1920.48,1919.17,1919.44,48.912289
2026-08-08 13:15:00+00:00,1919.4,1920.04,1919.1,1919.19,54.281599
2026-08-08 13:30:00+00:00,1919.19,1919.48,1918.51,1919.28,118.812099
2026-08-08 13:45:00+00:00,1919.26,1920.15,1918.56,1920.15,62.862946
2026-08-08 14:00:00+00:00,1920.16,1921.54,1920.15,1921.54,136.47607
2026-08-08 14:15:00+00:00,1921.54,1924.0,1921.1,1923.71,316.73999
2026-08-08 14:30:00+00:00,1923.74,1926.58,1921.74,1922.19,693.584223
2026-08-08 14:45:00+00:00,1922.19,1925.21,1922.19,1923.76,266.030998
2026-08-08 15:00:00+00:00,1923.77,1924.4,1922.2,1923.79,146.359367
2026-08-08 15:15:00+00:00,1923.8,1924.15,1922.22,1922.58,279.660619
2026-08-08 15:30:00+00:00,1922.59,1922.72,1921.3,1921.86,79.035279
2026-08-08 15:45:00+00:00,1921.86,1923.7,1921.39,1922.61,155.634474
2026-08-08 16:00:00+00:00,1922.61,1924.8,1922.61,1922.83,124.175438
2026-08-08 16:15:00+00:00,1922.83,1923.5,1922.15,1922.29,51.755353
2026-08-08 16:30:00+00:00,1922.28,1922.29,1921.48,1921.8,135.118206
2026-08-08 16:45:00+00:00,1921.79,1922.66,1921.78,1922.45,56.065113
2026-08-08 17:00:00+00:00,1922.46,1923.27,1922.08,1923.06,82.604391
2026-08-08 17:15:00+00:00,1923.06,1923.98,1922.62,1923.85,51.893031
2026-08-08 17:30:00+00:00,1923.84,1926.26,1923.6,1925.1,330.092981
2026-08-08 17:45:00+00:00,1925.1,1925.39,1923.81,1923.81,82.034861
2026-08-08 18:00:00+00:00,1923.81,1923.81,1922.61,1922.61,103.504337
2026-08-08 18:15:00+00:00,1922.6,1922.6,1919.71,1920.54,448.177257
2026-08-08 18:30:00+00:00,1920.53,1921.77,1920.34,1921.29,101.595631
2026-08-08 18:45:00+00:00,1921.29,1921.37,1921.01,1921.31,93.142188
2026-08-08 19:00:00+00:00,1921.31,1921.44,1921.02,1921.22,57.708585
2026-08-08 19:15:00+00:00,1921.22,1921.45,1919.77,1919.77,74.598152
2026-08-08 19:30:00+00:00,1919.77,1920.57,1919.52,1920.38,128.934303
2026-08-08 19:45:00+00:00,1920.38,1921.85,1919.51,1920.59,289.330367
2026-08-08 20:00:00+00:00,1920.59,1920.59,1919.86,1920.44,58.080434
2026-08-08 20:15:00+00:00,1920.43,1920.77,1919.87,1919.88,32.523138
2026-08-08 20:30:00+00:00,1919.89,1921.25,1919.89,1920.9,44.020484
2026-08-08 20:45:00+00:00,1920.91,1921.33,1920.24,1920.34,52.48114
2026-08-08 21:00:00+00:00,1920.34,1920.99,1920.22,1920.57,173.294347
2026-08-08 21:15:00+00:00,1920.56,1921.73,1920.55,1921.0,78.516355
2026-08-08 21:30:00+00:00,1920.99,1922.62,1920.62,1922.41,101.10801
2026-08-08 21:45:00+00:00,1922.41,1922.41,1920.43,1920.95,54.495759
2026-08-08 22:00:00+00:00,1920.96,1921.65,1919.48,1919.48,91.341937
2026-08-08 22:15:00+00:00,1919.47,1920.66,1919.39,1920.66,56.439432
2026-08-08 22:30:00+00:00,1920.71,1920.71,1919.16,1919.64,121.842224
2026-08-08 22:45:00+00:00,1919.64,1919.66,1916.33,1916.87,172.920296
2026-08-08 23:00:00+00:00,1916.87,1916.98,1915.12,1915.99,108.376254
2026-08-08 23:15:00+00:00,1916.0,1917.48,1914.87,1916.9,231.539482
2026-08-08 23:30:00+00:00,1916.9,1919.15,1916.78,1918.5,71.646454
2026-08-08 23:45:00+00:00,1918.5,1918.73,1916.91,1917.07,85.896614
2026-08-09 00:00:00+00:00,1917.08,1918.81,1916.37,1918.64,255.408652
2026-08-09 00:15:00+00:00,1918.71,1918.71,1917.57,1917.77,69.569876
2026-08-09 00:30:00+00:00,1917.77,1918.83,1917.58,1918.16,49.688411
2026-08-09 00:45:00+00:00,1918.16,1918.73,1916.62,1918.14,217.146525
2026-08-09 01:00:00+00:00,1918.14,1920.41,1917.48,1919.18,213.702434
2026-08-09 01:15:00+00:00,1919.19,1919.37,1914.47,1914.47,264.614311
2026-08-09 01:30:00+00:00,1914.48,1916.44,1913.53,1916.32,210.315748
2026-08-09 01:45:00+00:00,1916.32,1917.0,1914.18,1916.37,814.475849
2026-08-09 02:00:00+00:00,1916.36,1917.09,1915.07,1916.93,90.637865
2026-08-09 02:15:00+00:00,1916.93,1916.93,1915.4,1916.55,96.202458
2026-08-09 02:30:00+00:00,1916.54,1916.55,1914.8,1914.81,78.347782
2026-08-09 02:45:00+00:00,1914.81,1915.66,1913.77,1915.02,153.862296
2026-08-09 03:00:00+00:00,1915.02,1915.07,1912.41,1912.93,386.420146
2026-08-09 03:15:00+00:00,1912.94,1914.15,1912.71,1914.15,111.718252
2026-08-09 03:30:00+00:00,1914.14,1914.6,1913.87,1914.29,113.306562
2026-08-09 03:45:00+00:00,1914.3,1914.53,1914.07,1914.16,69.149744
2026-08-09 04:00:00+00:00,1914.17,1916.17,1914.0,1915.33,243.569773
2026-08-09 04:15:00+00:00,1915.34,1916.0,1914.0,1914.65,123.814979
2026-08-09 04:30:00+00:00,1914.64,1914.65,1913.7,1913.71,178.52018
2026-08-09 04:45:00+00:00,1913.7,1913.87,1913.26,1913.5,157.187205
2026-08-09 05:00:00+00:00,1913.5,1915.07,1913.2,1914.25,229.016282
2026-08-09 05:15:00+00:00,1914.25,1915.4,1914.25,1914.32,73.329132
2026-08-09 05:30:00+00:00,1914.32,1914.89,1914.09,1914.32,119.015372
2026-08-09 05:45:00+00:00,1914.31,1914.85,1914.02,1914.85,69.626433
2026-08-09 06:00:00+00:00,1914.87,1915.97,1914.09,1915.86,374.464999
2026-08-09 06:15:00+00:00,1915.75,1917.31,1915.72,1917.22,180.102219
2026-08-09 06:30:00+00:00,1917.22,1918.29,1917.22,1918.29,243.633203
2026-08-09 06:45:00+00:00,1918.28,1919.65,1918.28,1919.38,228.442321
2026-08-09 07:00:00+00:00,1919.38,1919.38,1918.4,1918.41,156.897819
2026-08-09 07:15:00+00:00,1918.41,1918.43,1917.23,1918.04,162.578581
2026-08-09 07:30:00+00:00,1918.04,1918.1,1917.35,1917.59,202.831814
2026-08-09 07:45:00+00:00,1917.59,1919.0,1917.42,1919.0,213.650368
2026-08-09 08:00:00+00:00,1919.0,1925.0,1919.0,1922.49,1287.771849
2026-08-09 08:15:00+00:00,1922.5,1922.91,1920.82,1921.56,354.832086
2026-08-09 08:30:00+00:00,1921.57,1921.63,1914.08,1914.76,1053.370245
2026-08-09 08:45:00+00:00,1914.72,1916.12,1914.15,1916.12,473.804863
2026-08-09 09:00:00+00:00,1916.12,1916.74,1915.04,1915.38,115.667264
2026-08-09 09:15:00+00:00,1915.37,1915.83,1913.61,1914.44,366.748112
2026-08-09 09:30:00+00:00,1914.44,1917.35,1914.32,1916.66,114.459133
2026-08-09 09:45:00+00:00,1916.66,1922.0,1916.66,1922.0,644.67731
2026-08-09 10:00:00+00:00,1921.64,1923.0,1921.27,1922.01,377.538713
2026-08-09 10:15:00+00:00,1922.0,1922.26,1920.33,1920.63,136.130458
2026-08-09 10:30:00+00:00,1920.63,1920.63,1919.24,1920.01,80.238148
2026-08-09 10:45:00+00:00,1920.04,1920.9,1919.92,1920.27,141.055073
2026-08-09 11:00:00+00:00,1920.28,1920.89,1920.1,1920.88,85.044767
2026-08-09 11:15:00+00:00,1920.89,1921.61,1920.43,1920.8,58.851553
2026-08-09 11:30:00+00:00,1920.81,1921.53,1919.97,1920.73,157.464318
2026-08-09 11:45:00+00:00,1920.73,1920.81,1918.5,1919.23,211.650552
2026-08-09 12:00:00+00:00,1919.24,1919.39,1916.39,1918.03,469.745381
2026-08-09 12:15:00+00:00,1918.03,1918.55,1917.41,1918.3,129.288113
2026-08-09 12:30:00+00:00,1918.3,1918.45,1917.45,1917.45,112.121047
2026-08-09 12:45:00+00:00,1917.45,1918.19,1917.38,1917.71,160.428192
2026-08-09 13:00:00+00:00,1917.71,1920.08,1917.55,1920.08,152.269222
2026-08-09 13:15:00+00:00,1920.08,1926.0,1920.08,1925.14,1301.689581
2026-08-09 13:30:00+00:00,1925.02,1925.57,1922.02,1922.91,867.60095
2026-08-09 13:45:00+00:00,1922.92,1923.62,1922.59,1923.48,129.658015
2026-08-09 14:00:00+00:00,1923.49,1926.27,1922.54,1925.57,420.245824
2026-08-09 14:15:00+00:00,1925.57,1925.57,1922.98,1923.51,111.048378
2026-08-09 14:30:00+00:00,1923.52,1925.54,1923.37,1923.89,341.05866
2026-08-09 14:45:00+00:00,1923.9,1926.58,1923.76,1925.09,392.049198
2026-08-09 15:00:00+00:00,1925.1,1927.19,1924.03,1926.85,413.161569
2026-08-09 15:15:00+00:00,1926.84,1927.17,1926.23,1926.46,430.236271
2026-08-09 15:30:00+00:00,1926.46,1926.8,1925.88,1926.27,238.196706
2026-08-09 15:45:00+00:00,1926.27,1927.24,1926.27,1926.39,231.994448
2026-08-09 16:00:00+00:00,1926.4,1927.08,1924.49,1925.03,277.927173
2026-08-09 16:15:00+00:00,1925.04,1925.38,1921.4,1922.59,176.089272
2026-08-09 16:30:00+00:00,1922.59,1925.35,1922.58,1925.12,140.716182
2026-08-09 16:45:00+00:00,1925.15,1925.4,1924.06,1924.13,108.902455
2026-08-09 17:00:00+00:00,1924.13,1924.8,1923.34,1924.69,201.906118
2026-08-09 17:15:00+00:00,1924.69,1924.79,1923.76,1924.46,114.404146
2026-08-09 17:30:00+00:00,1924.47,1924.65,1923.98,1924.23,69.925243
2026-08-09 17:45:00+00:00,1924.23,1924.23,1923.07,1923.1,874.823227
2026-08-09 18:00:00+00:00,1923.1,1924.02,1922.71,1922.72,86.70783
2026-08-09 18:15:00+00:00,1922.72,1922.72,1920.33,1922.29,342.236621
2026-08-09 18:30:00+00:00,1922.28,1922.5,1921.2,1921.27,40.123629
2026-08-09 18:45:00+00:00,1921.27,1921.95,1921.27,1921.51,57.231913
2026-08-09 19:00:00+00:00,1921.52,1922.32,1921.31,1921.55,130.001508
2026-08-09 19:15:00+00:00,1921.56,1922.42,1921.55,1922.04,31.420793
2026-08-09 19:30:00+00:00,1922.01,1922.64,1922.01,1922.62,61.857639
2026-08-09 19:45:00+00:00,1922.61,1922.67,1921.38,1922.12,101.912513
2026-08-09 20:00:00+00:00,1922.11,1922.41,1919.29,1919.36,216.928066
2026-08-09 20:15:00+00:00,1919.37,1920.86,1918.08,1920.34,219.169805
2026-08-09 20:30:00+00:00,1920.36,1921.4,1920.28,1920.39,47.354419
2026-08-09 20:45:00+00:00,1920.29,1921.02,1920.25,1921.01,27.903002
2026-08-09 21:00:00+00:00,1921.02,1921.59,1920.0,1921.58,83.050496
2026-08-09 21:15:00+00:00,1921.58,1924.28,1921.3,1924.28,118.690767
2026-08-09 21:30:00+00:00,1924.28,1926.64,1923.8,1925.58,327.9142
2026-08-09 21:45:00+00:00,1925.59,1926.8,1924.38,1924.73,321.664697
2026-08-09 22:00:00+00:00,1924.74,1936.57,1924.74,1933.46,1854.413833
2026-08-09 22:15:00+00:00,1933.47,1938.0,1929.39,1929.67,1348.560432
2026-08-09 22:30:00+00:00,1929.71,1930.59,1916.53,1919.47,1609.093341
2026-08-09 22:45:00+00:00,1919.46,1920.43,1915.12,1919.68,696.263714
2026-08-09 23:00:00+00:00,1919.62,1920.78,1916.73,1917.98,307.685441
2026-08-09 23:15:00+00:00,1917.97,1918.56,1913.43,1914.76,1060.365282
2026-08-09 23:30:00+00:00,1914.76,1914.76,1908.78,1910.55,1560.567108
2026-08-09 23:45:00+00:00,1911.01,1912.61,1907.64,1910.78,449.84185
2026-08-10 00:00:00+00:00,1910.77,1928.47,1908.81,1921.88,2187.862677
2026-08-10 00:15:00+00:00,1922.0,1922.77,1913.7,1914.34,549.9326
2026-08-10 00:30:00+00:00,1914.34,1916.5,1906.24,1907.39,1012.558462
2026-08-10 00:45:00+00:00,1907.39,1917.3,1906.84,1912.87,735.244865
2026-08-10 01:00:00+00:00,1912.87,1915.58,1908.0,1914.4,722.429716
2026-08-10 01:15:00+00:00,1914.41,1918.54,1914.41,1915.11,456.42239
2026-08-10 01:30:00+00:00,1915.03,1917.04,1912.52,1915.44,504.197571
2026-08-10 01:45:00+00:00,1915.43,1931.27,1914.98,1925.35,2056.501673
2026-08-10 02:00:00+00:00,1925.36,1926.03,1920.7,1921.47,551.727817
2026-08-10 02:15:00+00:00,1921.49,1921.87,1913.09,1915.59,791.842963
2026-08-10 02:30:00+00:00,1915.57,1926.5,1915.48,1925.95,818.167404
2026-08-10 02:45:00+00:00,1925.95,1926.1,1922.51,1923.47,275.403609
2026-08-10 03:00:00+00:00,1923.46,1924.7,1915.17,1916.1,625.304439
2026-08-10 03:15:00+00:00,1916.08,1924.52,1913.8,1918.26,998.393697
2026-08-10 03:30:00+00:00,1918.34,1921.1,1917.39,1919.77,319.775465
2026-08-10 03:45:00+00:00,1919.77,1920.8,1916.45,1917.6,241.602887
2026-08-10 04:00:00+00:00,1917.56,1920.28,1916.63,1920.19,200.672052
2026-08-10 04:15:00+00:00,1920.19,1921.15,1918.78,1919.51,151.94953
2026-08-10 04:30:00+00:00,1919.51,1920.5,1912.63,1916.84,623.82609
2026-08-10 04:45:00+00:00,1916.85,1918.94,1914.38,1915.89,340.685347
2026-08-10 05:00:00+00:00,1915.89,1918.89,1915.26,1916.46,336.772898
2026-08-10 05:15:00+00:00,1916.51,1920.74,1916.51,1920.44,353.344489
2026-08-10 05:30:00+00:00,1920.43,1922.26,1919.54,1921.42,294.626213
2026-08-10 05:45:00+00:00,1921.51,1925.0,1920.67,1923.38,611.939757
2026-08-10 06:00:00+00:00,1923.38,1927.48,1923.1,1925.62,677.622415
2026-08-10 06:15:00+00:00,1925.68,1929.5,1924.16,1925.54,1000.821065
2026-08-10 06:30:00+00:00,1925.57,1927.53,1924.92,1927.45,336.389568
2026-08-10 06:45:00+00:00,1927.43,1929.04,1926.39,1928.09,372.311553
2026-08-10 07:00:00+00:00,1928.1,1928.7,1926.28,1926.63,373.134808
2026-08-10 07:15:00+00:00,1926.62,1929.91,1925.92,1929.44,664.606925
2026-08-10 07:30:00+00:00,1929.34,1930.95,1927.59,1927.6,814.016647
2026-08-10 07:45:00+00:00,1927.59,1928.0,1924.78,1925.38,551.831718
2026-08-10 08:00:00+00:00,1925.38,1928.37,1925.38,1927.48,306.672437
2026-08-10 08:15:00+00:00,1927.37,1929.6,1926.19,1928.22,532.029678
2026-08-10 08:30:00+00:00,1928.22,1928.72,1923.3,1925.25,618.910704
2026-08-10 08:45:00+00:00,1925.25,1927.4,1924.3,1926.72,197.589246
2026-08-10 09:00:00+00:00,1926.71,1927.28,1925.0,1926.47,150.792973
2026-08-10 09:15:00+00:00,1926.47,1926.75,1923.01,1923.01,131.584458
2026-08-10 09:30:00+00:00,1923.0,1923.0,1917.73,1918.41,913.14255
2026-08-10 09:45:00+00:00,1918.4,1918.41,1916.05,1916.6,534.450623
2026-08-10 10:00:00+00:00,1916.6,1919.85,1916.29,1919.42,472.367337
2026-08-10 10:15:00+00:00,1919.36,1920.82,1918.75,1919.49,173.424046
2026-08-10 10:30:00+00:00,1919.49,1919.59,1916.76,1917.8,172.267075
2026-08-10 10:45:00+00:00,1917.8,1919.04,1917.2,1917.69,142.05562
2026-08-10 11:00:00+00:00,1917.78,1917.94,1914.82,1916.77,570.052277
2026-08-10 11:15:00+00:00,1916.79,1919.81,1916.76,1919.23,368.993659
2026-08-10 11:30:00+00:00,1919.37,1920.56,1918.43,1918.5,191.345403
2026-08-10 11:45:00+00:00,1918.51,1921.3,1918.07,1920.47,336.837096
2026-08-10 12:00:00+00:00,1920.41,1923.29,1919.69,1920.61,639.579928
2026-08-10 12:15:00+00:00,1920.67,1920.9,1916.51,1916.87,333.885397
2026-08-10 12:30:00+00:00,1916.86,1916.99,1912.0,1915.43,1183.49752
2026-08-10 12:45:00+00:00,1915.54,1915.54,1905.17,1906.12,2624.664604
2026-08-10 13:00:00+00:00,1906.13,1909.85,1905.1,1909.08,1282.57753
2026-08-10 13:15:00+00:00,1909.09,1910.69,1907.0,1908.49,719.816007
2026-08-10 13:30:00+00:00,1908.5,1909.03,1898.76,1901.15,3992.061088
2026-08-10 13:45:00+00:00,1901.14,1903.16,1894.39,1897.73,5946.642256
2026-08-10 14:00:00+00:00,1897.73,1902.84,1897.01,1901.36,1795.87416
2026-08-10 14:15:00+00:00,1901.36,1902.67,1897.11,1899.57,1281.412465
2026-08-10 14:30:00+00:00,1899.51,1902.4,1897.6,1900.11,1334.028433
2026-08-10 14:45:00+00:00,1900.11,1901.26,1891.66,1893.64,2271.980754
2026-08-10 15:00:00+00:00,1893.63,1893.63,1875.31,1876.51,6075.51306
2026-08-10 15:15:00+00:00,1876.68,1881.7,1871.42,1877.18,2919.284896
2026-08-10 15:30:00+00:00,1877.18,1880.54,1874.61,1878.48,2000.578252
2026-08-10 15:45:00+00:00,1878.48,1880.5,1876.58,1877.09,812.523728
2026-08-10 16:00:00+00:00,1877.09,1878.93,1875.05,1876.03,964.210074
2026-08-10 16:15:00+00:00,1876.02,1877.32,1869.0,1875.23,2433.294756
2026-08-10 16:30:00+00:00,1875.27,1877.99,1872.22,1873.05,1109.661274
2026-08-10 16:45:00+00:00,1872.94,1873.46,1869.06,1872.47,788.983487
2026-08-10 17:00:00+00:00,1872.5,1876.0,1868.69,1875.01,943.164423
2026-08-10 17:15:00+00:00,1875.0,1876.95,1873.14,1874.2,394.850401
2026-08-10 17:30:00+00:00,1874.15,1877.37,1874.05,1875.65,506.882286
2026-08-10 17:45:00+00:00,1875.64,1875.8,1872.7,1873.85,539.812522
2026-08-10 18:00:00+00:00,1873.85,1875.41,1871.77,1871.77,423.420611
2026-08-10 18:15:00+00:00,1871.76,1874.66,1871.01,1872.2,352.45848
2026-08-10 18:30:00+00:00,1872.19,1873.25,1869.61,1873.11,593.716838
2026-08-10 18:45:00+00:00,1873.0,1873.66,1868.14,1872.87,678.454924
2026-08-10 19:00:00+00:00,1872.81,1875.5,1872.1,1875.28,494.520633
2026-08-10 19:15:00+00:00,1875.29,1878.46,1875.29,1878.45,447.422824
2026-08-10 19:30:00+00:00,1878.46,1880.59,1876.47,1879.01,758.921351
2026-08-10 19:45:00+00:00,1879.05,1879.8,1876.97,1878.54,215.313027
2026-08-10 20:00:00+00:00,1878.67,1879.67,1877.68,1878.61,86.226817
2026-08-10 20:15:00+00:00,1878.61,1879.63,1878.0,1879.63,117.85776
2026-08-10 20:30:00+00:00,1879.64,1881.36,1878.91,1880.76,242.277013
2026-08-10 20:45:00+00:00,1880.76,1880.83,1878.86,1879.87,418.809534
2026-08-10 21:00:00+00:00,1879.88,1879.88,1875.81,1876.14,270.690509
2026-08-10 21:15:00+00:00,1876.14,1877.38,1874.72,1877.31,242.055981
2026-08-10 21:30:00+00:00,1877.31,1878.09,1875.33,1876.24,440.999341
2026-08-10 21:45:00+00:00,1876.33,1876.55,1873.51,1874.52,355.117384
2026-08-10 22:00:00+00:00,1874.52,1878.12,1872.65,1877.43,469.282066
2026-08-10 22:15:00+00:00,1877.47,1878.32,1875.48,1877.02,135.774557
2026-08-10 22:30:00+00:00,1877.02,1877.03,1872.2,1874.83,282.571422
2026-08-10 22:45:00+00:00,1874.75,1876.36,1874.36,1876.36,139.563575
2026-08-10 23:00:00+00:00,1876.36,1876.36,1874.27,1874.85,198.501367
2026-08-10 23:15:00+00:00,1874.86,1875.54,1872.54,1874.12,160.644238
2026-08-10 23:30:00+00:00,1874.16,1874.16,1870.33,1873.0,673.886978
2026-08-10 23:45:00+00:00,1872.99,1874.01,1871.7,1873.19,342.47544
2026-08-11 00:00:00+00:00,1873.19,1873.95,1870.92,1873.76,364.351388
2026-08-11 00:15:00+00:00,1873.78,1876.13,1871.71,1876.13,250.195583
2026-08-11 00:30:00+00:00,1876.13,1876.14,1872.63,1874.28,190.641392
2026-08-11 00:45:00+00:00,1874.32,1875.96,1873.49,1875.36,209.101737
2026-08-11 01:00:00+00:00,1875.35,1877.94,1873.63,1877.25,686.711603
2026-08-11 01:15:00+00:00,1877.26,1878.63,1873.9,1878.13,370.000411
2026-08-11 01:30:00+00:00,1878.12,1878.12,1874.34,1875.77,251.349172
2026-08-11 01:45:00+00:00,1875.76,1878.73,1875.41,1878.13,220.285973
2026-08-11 02:00:00+00:00,1878.04,1879.72,1877.7,1878.05,506.691783
2026-08-11 02:15:00+00:00,1878.04,1878.79,1877.31,1877.62,256.808581
2026-08-11 02:30:00+00:00,1877.57,1878.64,1877.42,1878.63,188.616675
2026-08-11 02:45:00+00:00,1878.63,1878.93,1877.98,1878.69,217.010305
2026-08-11 03:00:00+00:00,1878.7,1880.6,1878.7,1880.12,244.909507
2026-08-11 03:15:00+00:00,1880.12,1881.44,1879.49,1880.41,295.731634
2026-08-11 03:30:00+00:00,1880.4,1881.74,1880.11,1880.75,137.097657
2026-08-11 03:45:00+00:00,1880.75,1881.26,1880.26,1880.99,137.386059
2026-08-11 04:00:00+00:00,1880.99,1881.99,1879.63,1879.93,312.247469
2026-08-11 04:15:00+00:00,1879.93,1880.42,1879.5,1879.87,109.799933
2026-08-11 04:30:00+00:00,1879.87,1879.99,1877.98,1877.99,424.289961
2026-08-11 04:45:00+00:00,1877.99,1878.18,1876.15,1876.16,356.292421
2026-08-11 05:00:00+00:00,1876.16,1877.11,1875.45,1876.88,169.603349
2026-08-11 05:15:00+00:00,1876.89,1876.94,1872.24,1873.84,528.671145
2026-08-11 05:30:00+00:00,1873.83,1877.01,1873.57,1876.68,257.131227
2026-08-11 05:45:00+00:00,1876.68,1876.83,1874.26,1874.26,134.91197
2026-08-11 06:00:00+00:00,1874.19,1875.36,1872.2,1874.39,307.380914
2026-08-11 06:15:00+00:00,1874.39,1874.95,1872.35,1872.59,312.786912
2026-08-11 06:30:00+00:00,1872.6,1874.88,1871.68,1873.44,519.480578
2026-08-11 06:45:00+00:00,1873.45,1874.54,1871.37,1874.51,351.080908
2026-08-11 07:00:00+00:00,1874.5,1875.7,1873.6,1873.7,242.118928
2026-08-11 07:15:00+00:00,1873.7,1873.7,1870.77,1871.93,472.29937
2026-08-11 07:30:00+00:00,1872.0,1879.61,1872.0,1878.16,1244.471407
2026-08-11 07:45:00+00:00,1878.16,1879.54,1876.44,1878.1,1217.993705
2026-08-11 08:00:00+00:00,1878.1,1879.3,1875.8,1875.94,432.665755
2026-08-11 08:15:00+00:00,1875.94,1877.71,1875.6,1876.86,149.486263
2026-08-11 08:30:00+00:00,1876.86,1879.24,1876.46,1878.6,162.60155
2026-08-11 08:45:00+00:00,1878.59,1880.52,1877.29,1879.31,187.967148
2026-08-11 09:00:00+00:00,1879.3,1879.42,1877.6,1877.63,163.72788
2026-08-11 09:15:00+00:00,1877.63,1880.27,1877.51,1879.54,394.220426
2026-08-11 09:30:00+00:00,1879.54,1880.34,1878.64,1880.11,292.084526
2026-08-11 09:45:00+00:00,1880.12,1885.45,1879.76,1885.4,741.834025
2026-08-11 10:00:00+00:00,1885.43,1889.0,1884.14,1885.11,1582.609065
2026-08-11 10:15:00+00:00,1885.1,1888.09,1882.82,1887.28,478.535365
2026-08-11 10:30:00+00:00,1887.28,1888.2,1885.64,1886.52,318.657765
2026-08-11 10:45:00+00:00,1886.52,1888.09,1885.94,1886.32,603.070653
2026-08-11 11:00:00+00:00,1886.32,1895.61,1886.26,1893.85,2208.183416
2026-08-11 11:15:00+00:00,1893.85,1894.0,1891.0,1891.87,458.850755
2026-08-11 11:30:00+00:00,1891.87,1892.89,1891.54,1892.11,254.529506
2026-08-11 11:45:00+00:00,1892.11,1894.31,1892.11,1893.15,481.371059
2026-08-11 12:00:00+00:00,1893.16,1897.99,1893.16,1895.45,1117.695529
2026-08-11 12:15:00+00:00,1895.45,1895.45,1889.33,1890.05,635.339488
2026-08-11 12:30:00+00:00,1890.06,1892.53,1888.55,1888.55,546.838069
2026-08-11 12:45:00+00:00,1888.55,1889.67,1887.4,1887.88,558.496127
2026-08-11 13:00:00+00:00,1887.83,1891.88,1887.16,1889.93,257.387824
2026-08-11 13:15:00+00:00,1889.93,1889.93,1884.71,1887.0,339.410382
2026-08-11 13:30:00+00:00,1886.99,1892.67,1883.29,1890.56,1331.514618
2026-08-11 13:45:00+00:00,1890.45,1892.38,1887.83,1890.24,505.178938
2026-08-11 14:00:00+00:00,1890.11,1890.71,1886.56,1889.58,324.753025
2026-08-11 14:15:00+00:00,1889.61,1891.7,1876.79,1880.83,1515.680755
2026-08-11 14:30:00+00:00,1880.76,1881.42,1874.51,1877.59,977.500247
2026-08-11 14:45:00+00:00,1877.6,1878.8,1870.33,1873.67,1685.040576
2026-08-11 15:00:00+00:00,1873.66,1877.88,1872.85,1873.73,1022.925118
2026-08-11 15:15:00+00:00,1873.66,1877.87,1869.34,1877.34,997.812742
2026-08-11 15:30:00+00:00,1877.34,1877.51,1853.76,1859.52,6087.958868
2026-08-11 15:45:00+00:00,1859.52,1863.99,1856.61,1862.75,1309.49678
2026-08-11 16:00:00+00:00,1862.9,1866.51,1859.85,1865.22,3148.415725
2026-08-11 16:15:00+00:00,1865.25,1867.24,1863.21,1864.32,514.161077
2026-08-11 16:30:00+00:00,1864.27,1866.46,1862.66,1863.67,283.124301
2026-08-11 16:45:00+00:00,1863.7,1865.65,1862.8,1865.0,172.415943
2026-08-11 17:00:00+00:00,1864.9,1866.49,1863.17,1864.26,162.294926
2026-08-11 17:15:00+00:00,1864.25,1868.11,1863.01,1865.65,333.211168
2026-08-11 17:30:00+00:00,1865.61,1866.41,1863.25,1864.93,174.764925
2026-08-11 17:45:00+00:00,1864.92,1867.05,1863.25,1864.77,265.206081
2026-08-11 18:00:00+00:00,1864.77,1865.59,1863.47,1864.31,128.272621
2026-08-11 18:15:00+00:00,1864.26,1866.07,1862.11,1862.37,289.0486
2026-08-11 18:30:00+00:00,1862.34,1866.82,1860.0,1863.99,545.199603
2026-08-11 18:45:00+00:00,1863.85,1866.11,1863.53,1866.0,144.32516
2026-08-11 19:00:00+00:00,1866.0,1866.51,1862.83,1862.89,104.690433
2026-08-11 19:15:00+00:00,1863.05,1870.1,1863.05,1869.88,339.253443
2026-08-11 19:30:00+00:00,1869.89,1872.62,1868.49,1871.76,323.692928
2026-08-11 19:45:00+00:00,1871.83,1884.8,1871.06,1881.66,1810.351491
2026-08-11 20:00:00+00:00,1881.99,1885.44,1881.21,1882.59,546.621177
2026-08-11 20:15:00+00:00,1882.59,1882.59,1879.0,1881.16,317.24731
2026-08-11 20:30:00+00:00,1881.17,1884.15,1879.33,1879.45,214.169098
2026-08-11 20:45:00+00:00,1879.45,1882.4,1879.45,1882.39,271.542673
2026-08-11 21:00:00+00:00,1882.38,1885.39,1881.56,1883.99,489.442221
2026-08-11 21:15:00+00:00,1883.99,1884.58,1880.61,1881.1,520.29588
2026-08-11 21:30:00+00:00,1881.09,1882.77,1880.39,1882.6,159.647322
2026-08-11 21:45:00+00:00,1882.66,1885.47,1881.62,1884.66,390.998258
2026-08-11 22:00:00+00:00,1884.66,1887.56,1882.88,1884.08,645.493368
2026-08-11 22:15:00+00:00,1884.08,1885.67,1883.01,1883.95,150.832306
2026-08-11 22:30:00+00:00,1883.91,1884.91,1880.55,1880.64,312.845278
2026-08-11 22:45:00+00:00,1880.65,1883.27,1879.54,1882.26,198.123381
2026-08-11 23:00:00+00:00,1882.27,1882.27,1878.67,1879.45,175.714245
2026-08-11 23:15:00+00:00,1879.43,1881.0,1878.92,1880.99,251.522666
2026-08-11 23:30:00+00:00,1880.99,1884.5,1880.42,1884.28,307.614674
2026-08-11 23:45:00+00:00,1884.25,1884.42,1882.71,1882.73,99.166414
2026-08-12 00:00:00+00:00,1882.71,1882.71,1880.78,1882.28,136.179834
2026-08-12 00:15:00+00:00,1882.29,1883.49,1880.65,1882.02,413.93931
2026-08-12 00:30:00+00:00,1882.02,1883.54,1881.31,1881.63,169.12733
2026-08-12 00:45:00+00:00,1881.64,1883.46,1881.64,1882.48,125.947822
2026-08-12 01:00:00+00:00,1882.49,1885.76,1882.48,1885.57,694.559085
2026-08-12 01:15:00+00:00,1885.62,1886.62,1882.24,1883.05,308.882382
2026-08-12 01:30:00+00:00,1883.04,1886.06,1881.05,1885.42,295.180158
2026-08-12 01:45:00+00:00,1885.37,1886.62,1883.3,1884.69,262.479245
2026-08-12 02:00:00+00:00,1884.69,1887.96,1884.69,1885.6,674.77106
2026-08-12 02:15:00+00:00,1885.6,1887.04,1884.0,1886.76,203.643553
2026-08-12 02:30:00+00:00,1886.77,1887.33,1883.98,1884.93,192.34721
2026-08-12 02:45:00+00:00,1884.94,1885.71,1883.54,1884.46,228.681135
2026-08-12 03:00:00+00:00,1884.47,1885.77,1882.89,1883.23,269.983076
2026-08-12 03:15:00+00:00,1883.24,1884.56,1882.88,1884.0,154.097422
2026-08-12 03:30:00+00:00,1883.97,1887.47,1883.4,1886.09,221.082075
2026-08-12 03:45:00+00:00,1886.18,1887.21,1885.9,1886.66,158.464838
2026-08-12 04:00:00+00:00,1886.67,1887.8,1885.46,1887.63,150.615561
2026-08-12 04:15:00+00:00,1887.63,1893.27,1887.09,1889.66,1327.771991
2026-08-12 04:30:00+00:00,1889.66,1889.66,1887.41,1888.67,154.771467
2026-08-12 04:45:00+00:00,1888.67,1891.0,1888.41,1889.48,295.222088
2026-08-12 05:00:00+00:00,1889.49,1890.84,1886.6,1890.13,465.679137
2026-08-12 05:15:00+00:00,1890.15,1890.85,1889.71,1890.08,111.47377
2026-08-12 05:30:00+00:00,1890.08,1891.83,1890.08,1891.83,235.770171
2026-08-12 05:45:00+00:00,1891.86,1892.46,1891.1,1891.77,574.755037
2026-08-12 06:00:00+00:00,1891.71,1891.71,1887.66,1887.66,217.401352
2026-08-12 06:15:00+00:00,1887.67,1889.87,1885.82,1886.52,295.086494
2026-08-12 06:30:00+00:00,1886.52,1886.86,1885.47,1885.55,222.241811
2026-08-12 06:45:00+00:00,1885.56,1887.85,1885.56,1887.73,166.382366
2026-08-12 07:00:00+00:00,1887.87,1891.19,1887.47,1889.71,253.323434
2026-08-12 07:15:00+00:00,1889.7,1890.53,1889.38,1889.38,218.146169
2026-08-12 07:30:00+00:00,1889.39,1891.52,1888.12,1888.69,372.080954
2026-08-12 07:45:00+00:00,1888.69,1891.82,1886.02,1891.7,591.07423
2026-08-12 08:00:00+00:00,1891.71,1895.99,1890.54,1892.47,1080.24286
2026-08-12 08:15:00+00:00,1892.51,1894.9,1892.4,1892.73,308.367024
2026-08-12 08:30:00+00:00,1892.74,1892.74,1891.0,1891.11,189.654569
2026-08-12 08:45:00+00:00,1891.05,1892.5,1890.62,1890.86,412.236824
2026-08-12 09:00:00+00:00,1890.86,1893.29,1889.9,1892.81,193.101416
2026-08-12 09:15:00+00:00,1892.82,1905.25,1892.82,1903.81,3384.27476
2026-08-12 09:30:00+00:00,1903.81,1909.58,1902.91,1905.03,1873.955792
2026-08-12 09:45:00+00:00,1905.06,1905.97,1902.89,1905.83,375.701123
2026-08-12 10:00:00+00:00,1905.84,1915.38,1905.78,1911.65,1652.973169
2026-08-12 10:15:00+00:00,1911.63,1914.98,1910.76,1910.82,1170.154353
2026-08-12 10:30:00+00:00,1910.82,1913.21,1910.18,1911.58,474.616996
2026-08-12 10:45:00+00:00,1911.58,1912.14,1907.6,1909.23,659.028734
2026-08-12 11:00:00+00:00,1909.22,1911.33,1907.36,1908.84,545.587284
2026-08-12 11:15:00+00:00,1908.84,1913.51,1908.84,1913.38,567.809134
2026-08-12 11:30:00+00:00,1913.49,1915.44,1911.73,1913.45,674.116103
2026-08-12 11:45:00+00:00,1913.45,1916.0,1913.18,1915.72,544.857573
2026-08-12 12:00:00+00:00,1915.7,1918.12,1914.46,1914.47,1009.758066
2026-08-12 12:15:00+00:00,1914.46,1925.0,1913.71,1922.68,2926.156085
2026-08-12 12:30:00+00:00,1922.73,1925.01,1907.48,1909.58,4749.428388
2026-08-12 12:45:00+00:00,1909.41,1913.6,1905.71,1911.28,1382.471028
2026-08-12 13:00:00+00:00,1911.29,1912.53,1906.0,1908.8,1127.733821
2026-08-12 13:15:00+00:00,1908.8,1910.88,1906.0,1907.5,520.525376
2026-08-12 13:30:00+00:00,1907.5,1908.2,1901.41,1904.74,1187.48401
2026-08-12 13:45:00+00:00,1904.75,1908.3,1900.09,1901.15,1022.590012
2026-08-12 14:00:00+00:00,1901.08,1903.51,1889.01,1899.96,3107.446831
2026-08-12 14:15:00+00:00,1899.85,1899.92,1892.03,1892.29,571.649585
2026-08-12 14:30:00+00:00,1892.2,1894.12,1887.6,1892.31,1717.102956
2026-08-12 14:45:00+00:00,1892.17,1895.43,1885.12,1887.85,1286.02042
2026-08-12 15:00:00+00:00,1887.85,1893.62,1884.52,1892.78,689.102684
2026-08-12 15:15:00+00:00,1892.8,1895.72,1891.24,1894.41,742.78402
2026-08-12 15:30:00+00:00,1894.49,1896.35,1891.25,1894.4,402.563134
2026-08-12 15:45:00+00:00,1894.54,1895.6,1892.47,1892.81,237.194897
2026-08-12 16:00:00+00:00,1892.81,1893.77,1889.26,1892.89,508.694054
2026-08-12 16:15:00+00:00,1892.91,1895.74,1892.6,1894.93,255.948996
2026-08-12 16:30:00+00:00,1894.94,1895.48,1892.48,1892.53,156.336652
2026-08-12 16:45:00+00:00,1892.48,1892.69,1890.34,1890.71,316.403595
2026-08-12 17:00:00+00:00,1890.71,1891.92,1889.61,1889.81,466.773837
2026-08-12 17:15:00+00:00,1889.81,1890.23,1885.04,1886.92,575.027755
2026-08-12 17:30:00+00:00,1886.92,1890.66,1885.31,1888.21,440.991664
2026-08-12 17:45:00+00:00,1888.19,1890.25,1887.32,1888.18,487.962838
2026-08-12 18:00:00+00:00,1888.17,1890.52,1887.01,1889.57,196.615641
2026-08-12 18:15:00+00:00,1889.57,1889.57,1886.07,1887.34,392.078404
2026-08-12 18:30:00+00:00,1887.47,1891.4,1886.87,1887.95,279.176925
2026-08-12 18:45:00+00:00,1887.87,1887.87,1885.59,1885.62,466.03592
2026-08-12 19:00:00+00:00,1885.63,1886.86,1884.03,1884.11,324.000976
2026-08-12 19:15:00+00:00,1884.06,1886.98,1882.3,1884.63,410.816245
2026-08-12 19:30:00+00:00,1884.68,1885.61,1879.0,1880.31,1354.562496
2026-08-12 19:45:00+00:00,1880.32,1880.77,1878.05,1879.7,731.315375
2026-08-12 20:00:00+00:00,1879.4,1882.59,1877.86,1880.59,561.894443
2026-08-12 20:15:00+00:00,1880.59,1884.42,1879.4,1884.24,231.24387
2026-08-12 20:30:00+00:00,1884.23,1887.43,1884.23,1886.58,479.347209
2026-08-12 20:45:00+00:00,1886.58,1887.82,1885.81,1886.83,259.87113
2026-08-12 21:00:00+00:00,1886.83,1889.54,1885.83,1886.09,276.048209
2026-08-12 21:15:00+00:00,1886.08,1887.01,1873.67,1878.53,1816.835894
2026-08-12 21:30:00+00:00,1878.42,1883.33,1875.35,1883.33,582.971191
2026-08-12 21:45:00+00:00,1883.33,1884.3,1877.31,1878.17,326.109331
2026-08-12 22:00:00+00:00,1878.18,1881.4,1876.0,1879.12,243.027292
2026-08-12 22:15:00+00:00,1879.22,1881.18,1878.8,1879.81,178.432344
2026-08-12 22:30:00+00:00,1879.81,1880.09,1877.0,1878.08,226.677238
2026-08-12 22:45:00+00:00,1878.01,1878.89,1877.22,1878.59,194.67593
2026-08-12 23:00:00+00:00,1878.57,1879.17,1875.44,1876.55,421.941324
2026-08-12 23:15:00+00:00,1876.55,1878.54,1875.0,1877.18,363.423797
2026-08-12 23:30:00+00:00,1877.35,1879.4,1877.29,1878.46,192.306311
2026-08-12 23:45:00+00:00,1878.37,1880.37,1878.01,1879.88,231.656057
2026-08-13 00:00:00+00:00,1879.88,1883.72,1879.06,1882.94,585.684222
2026-08-13 00:15:00+00:00,1883.08,1885.42,1881.5,1882.73,286.251688
2026-08-13 00:30:00+00:00,1882.51,1882.51,1877.39,1879.24,507.192246
2026-08-13 00:45:00+00:00,1879.2,1883.56,1878.17,1880.24,239.504294
2026-08-13 01:00:00+00:00,1880.24,1883.0,1878.77,1883.0,392.234942
2026-08-13 01:15:00+00:00,1882.98,1882.98,1875.21,1876.55,589.990693
2026-08-13 01:30:00+00:00,1876.56,1880.54,1876.04,1876.04,274.942957
2026-08-13 01:45:00+00:00,1876.0,1880.12,1875.17,1878.21,159.067695
2026-08-13 02:00:00+00:00,1878.2,1879.14,1877.0,1877.86,418.114874
2026-08-13 02:15:00+00:00,1877.8,1878.44,1876.43,1877.23,202.954904
2026-08-13 02:30:00+00:00,1877.23,1877.3,1873.38,1877.0,407.588371
2026-08-13 02:45:00+00:00,1877.23,1883.33,1876.06,1881.91,716.309663
2026-08-13 03:00:00+00:00,1881.9,1884.5,1881.78,1883.48,698.613067
2026-08-13 03:15:00+00:00,1883.47,1885.0,1882.66,1883.06,305.209974
2026-08-13 03:30:00+00:00,1883.15,1886.32,1883.06,1884.03,424.357366
2026-08-13 03:45:00+00:00,1884.04,1888.77,1884.04,1887.55,740.03554
2026-08-13 04:00:00+00:00,1887.53,1887.99,1885.97,1887.2,491.100674
2026-08-13 04:15:00+00:00,1887.19,1887.19,1885.58,1885.93,198.85174
2026-08-13 04:30:00+00:00,1885.93,1891.16,1885.92,1891.12,740.66913
2026-08-13 04:45:00+00:00,1891.12,1895.0,1891.12,1892.42,664.883512
2026-08-13 05:00:00+00:00,1892.43,1898.5,1891.75,1898.5,1030.271081
2026-08-13 05:15:00+00:00,1898.5,1900.0,1896.58,1898.62,694.439516
2026-08-13 05:30:00+00:00,1898.62,1899.42,1896.52,1897.26,379.337694
2026-08-13 05:45:00+00:00,1897.26,1898.0,1895.77,1895.77,185.941778
2026-08-13 06:00:00+00:00,1895.77,1896.15,1892.6,1894.0,459.81531
2026-08-13 06:15:00+00:00,1894.0,1895.73,1893.77,1894.69,175.895926
2026-08-13 06:30:00+00:00,1894.68,1894.78,1891.94,1892.77,301.088779
2026-08-13 06:45:00+00:00,1892.77,1898.5,1892.76,1898.5,377.044547
2026-08-13 07:00:00+00:00,1898.5,1898.78,1895.98,1897.0,135.624931
2026-08-13 07:15:00+00:00,1897.08,1898.0,1896.29,1898.0,147.13008
2026-08-13 07:30:00+00:00,1897.86,1898.0,1896.5,1896.64,365.126903
2026-08-13 07:45:00+00:00,1896.68,1896.86,1895.14,1895.47,143.63247
2026-08-13 08:00:00+00:00,1895.48,1897.06,1892.07,1892.86,980.308929
2026-08-13 08:15:00+00:00,1892.85,1893.26,1892.0,1892.41,229.787142
2026-08-13 08:30:00+00:00,1892.4,1893.0,1891.44,1891.98,364.623971
2026-08-13 08:45:00+00:00,1891.98,1891.98,1888.18,1889.9,861.804675
2026-08-13 09:00:00+00:00,1889.9,1889.98,1882.09,1882.94,755.126938
2026-08-13 09:15:00+00:00,1882.99,1887.05,1881.49,1885.8,288.411082
2026-08-13 09:30:00+00:00,1885.8,1888.06,1885.8,1887.92,112.442112
2026-08-13 09:45:00+00:00,1887.91,1890.59,1887.63,1889.66,624.47626
2026-08-13 10:00:00+00:00,1889.66,1890.4,1882.38,1884.91,1836.398269
2026-08-13 10:15:00+00:00,1885.01,1887.2,1884.72,1885.21,218.465401
2026-08-13 10:30:00+00:00,1885.11,1885.11,1882.31,1883.64,195.190661
2026-08-13 10:45:00+00:00,1883.65,1884.17,1882.94,1883.32,108.448555
2026-08-13 11:00:00+00:00,1883.33,1883.86,1881.13,1881.59,245.016053
2026-08-13 11:15:00+00:00,1881.58,1881.7,1876.61,1876.97,662.403284
2026-08-13 11:30:00+00:00,1876.97,1880.05,1875.58,1879.89,681.709273
2026-08-13 11:45:00+00:00,1879.85,1881.19,1878.56,1880.4,208.874601
2026-08-13 12:00:00+00:00,1880.4,1883.79,1879.04,1883.63,389.731364
2026-08-13 12:15:00+00:00,1883.54,1885.29,1882.7,1884.76,338.06216
2026-08-13 12:30:00+00:00,1884.69,1890.08,1882.43,1887.22,1009.088527
2026-08-13 12:45:00+00:00,1887.22,1889.42,1886.6,1888.93,424.534971
2026-08-13 13:00:00+00:00,1888.93,1895.5,1888.93,1892.24,685.765984
2026-08-13 13:15:00+00:00,1892.22,1892.23,1887.13,1888.11,392.158242
2026-08-13 13:30:00+00:00,1888.06,1895.42,1887.01,1893.45,657.766509
2026-08-13 13:45:00+00:00,1893.36,1894.34,1889.61,1890.4,361.283422
2026-08-13 14:00:00+00:00,1890.5,1894.8,1888.66,1892.93,415.869581
2026-08-13 14:15:00+00:00,1892.87,1894.39,1890.06,1891.32,384.577519
2026-08-13 14:30:00+00:00,1891.29,1897.65,1890.03,1896.24,707.445109
2026-08-13 14:45:00+00:00,1896.25,1896.6,1892.99,1893.36,286.160788
2026-08-13 15:00:00+00:00,1893.37,1896.0,1891.11,1892.08,400.896766
2026-08-13 15:15:00+00:00,1892.07,1894.15,1882.63,1885.8,845.901922
2026-08-13 15:30:00+00:00,1885.81,1892.0,1884.65,1890.76,490.422734
2026-08-13 15:45:00+00:00,1890.78,1890.85,1880.1,1880.22,667.224246
2026-08-13 16:00:00+00:00,1880.23,1884.17,1878.34,1880.93,907.050451
2026-08-13 16:15:00+00:00,1880.83,1884.92,1878.57,1879.31,448.540127
2026-08-13 16:30:00+00:00,1879.48,1881.57,1863.69,1871.21,6013.797179
2026-08-13 16:45:00+00:00,1871.13,1877.31,1869.09,1874.94,1539.611014
2026-08-13 17:00:00+00:00,1874.96,1877.48,1873.63,1876.2,452.649189
2026-08-13 17:15:00+00:00,1876.2,1879.65,1874.72,1877.41,487.313219
2026-08-13 17:30:00+00:00,1877.41,1880.09,1875.72,1879.6,231.365285
2026-08-13 17:45:00+00:00,1879.59,1881.1,1876.98,1876.98,348.296168
2026-08-13 18:00:00+00:00,1876.97,1881.99,1876.87,1879.44,258.379645
2026-08-13 18:15:00+00:00,1879.45,1881.3,1876.84,1877.27,113.297577
2026-08-13 18:30:00+00:00,1877.3,1879.95,1876.5,1879.68,161.933287
2026-08-13 18:45:00+00:00,1879.67,1887.5,1879.28,1885.58,581.904892
2026-08-13 19:00:00+00:00,1885.56,1892.66,1885.19,1888.22,782.406481
2026-08-13 19:15:00+00:00,1888.22,1889.8,1886.87,1888.0,475.129831
2026-08-13 19:30:00+00:00,1887.99,1888.61,1885.43,1887.49,562.456785
2026-08-13 19:45:00+00:00,1887.61,1889.58,1886.88,1887.4,176.410792
2026-08-13 20:00:00+00:00,1887.43,1889.53,1886.15,1887.35,314.170268
2026-08-13 20:15:00+00:00,1887.4,1888.72,1886.96,1887.75,177.917791
2026-08-13 20:30:00+00:00,1887.74,1889.76,1886.78,1887.13,220.938071
2026-08-13 20:45:00+00:00,1887.26,1887.34,1885.43,1886.42,230.361921
2026-08-13 21:00:00+00:00,1886.43,1888.99,1886.11,1887.31,154.785113
2026-08-13 21:15:00+00:00,1887.35,1888.52,1886.71,1888.52,61.667076
2026-08-13 21:30:00+00:00,1888.6,1889.58,1887.88,1888.69,142.904051
2026-08-13 21:45:00+00:00,1888.69,1888.99,1887.5,1888.88,223.004199
2026-08-13 22:00:00+00:00,1888.93,1893.44,1888.75,1891.8,747.335486
2026-08-13 22:15:00+00:00,1891.79,1892.94,1890.54,1891.21,297.685026
2026-08-13 22:30:00+00:00,1891.2,1891.36,1889.52,1890.98,137.754473
2026-08-13 22:45:00+00:00,1890.98,1891.15,1888.79,1889.44,275.071187
2026-08-13 23:00:00+00:00,1889.45,1889.56,1886.48,1886.94,224.009788
2026-08-13 23:15:00+00:00,1886.94,1887.26,1885.54,1886.39,132.297031
2026-08-13 23:30:00+00:00,1886.41,1887.36,1886.31,1886.83,126.733887
2026-08-13 23:45:00+00:00,1886.83,1886.83,1884.5,1886.38,302.482103
2026-08-14 00:00:00+00:00,1886.39,1887.46,1885.64,1886.25,83.975123
2026-08-14 00:15:00+00:00,1886.27,1888.85,1884.72,1886.04,268.483396
2026-08-14 00:30:00+00:00,1886.03,1889.5,1883.77,1889.01,211.195275
2026-08-14 00:45:00+00:00,1888.99,1889.44,1886.69,1889.44,145.181641
2026-08-14 01:00:00+00:00,1889.39,1889.55,1885.99,1886.28,267.924105
2026-08-14 01:15:00+00:00,1886.28,1889.54,1885.04,1886.4,129.085709
2026-08-14 01:30:00+00:00,1886.4,1889.57,1885.61,1889.56,243.926015
2026-08-14 01:45:00+00:00,1889.54,1890.33,1888.03,1889.56,168.820891
2026-08-14 02:00:00+00:00,1889.57,1891.42,1887.96,1888.59,173.473355
2026-08-14 02:15:00+00:00,1888.59,1889.31,1886.04,1886.8,287.313512
2026-08-14 02:30:00+00:00,1886.8,1888.9,1886.8,1888.27,179.676706
2026-08-14 02:45:00+00:00,1888.28,1889.28,1886.45,1886.74,84.387092
2026-08-14 03:00:00+00:00,1886.74,1886.74,1883.44,1885.85,523.137486
2026-08-14 03:15:00+00:00,1885.91,1889.25,1885.79,1887.12,182.397895
2026-08-14 03:30:00+00:00,1887.11,1887.11,1883.8,1884.91,329.04998
2026-08-14 03:45:00+00:00,1884.9,1884.9,1882.22,1883.11,164.299123
2026-08-14 04:00:00+00:00,1883.12,1885.22,1882.15,1885.21,119.771482
2026-08-14 04:15:00+00:00,1885.22,1888.05,1885.11,1886.13,271.387901
2026-08-14 04:30:00+00:00,1886.15,1886.87,1886.0,1886.0,104.313603
2026-08-14 04:45:00+00:00,1886.0,1886.17,1884.07,1885.03,121.881931
2026-08-14 05:00:00+00:00,1885.03,1885.68,1882.48,1883.14,262.979985
2026-08-14 05:15:00+00:00,1883.14,1883.15,1880.8,1882.71,478.614695
2026-08-14 05:30:00+00:00,1882.71,1884.38,1882.22,1883.75,278.505317
2026-08-14 05:45:00+00:00,1883.76,1884.81,1883.75,1884.21,113.381609
2026-08-14 06:00:00+00:00,1884.21,1884.21,1880.39,1880.39,290.129772
2026-08-14 06:15:00+00:00,1880.39,1880.79,1877.51,1877.52,437.917598
2026-08-14 06:30:00+00:00,1877.57,1879.52,1876.0,1877.58,529.372001
2026-08-14 06:45:00+00:00,1877.59,1878.48,1872.76,1873.0,875.728906
2026-08-14 07:00:00+00:00,1873.0,1876.83,1872.49,1875.57,663.786785
2026-08-14 07:15:00+00:00,1875.58,1878.82,1875.52,1877.88,381.602788
2026-08-14 07:30:00+00:00,1877.88,1878.01,1874.45,1875.52,911.107371
2026-08-14 07:45:00+00:00,1875.52,1876.32,1873.38,1873.38,1249.498684
2026-08-14 08:00:00+00:00,1873.38,1875.5,1873.37,1873.91,619.459155
2026-08-14 08:15:00+00:00,1873.87,1875.77,1869.56,1871.99,1383.122297
2026-08-14 08:30:00+00:00,1871.98,1876.07,1870.05,1873.78,415.636756
2026-08-14 08:45:00+00:00,1873.78,1878.87,1873.21,1878.87,481.594723
2026-08-14 09:00:00+00:00,1878.88,1878.94,1875.58,1876.55,583.767681
2026-08-14 09:15:00+00:00,1876.55,1877.75,1875.05,1875.13,247.311911
2026-08-14 09:30:00+00:00,1875.14,1875.14,1871.43,1872.84,459.647644
2026-08-14 09:45:00+00:00,1872.84,1875.45,1872.84,1873.25,380.9118
2026-08-14 10:00:00+00:00,1873.26,1876.13,1872.34,1875.45,405.054609
2026-08-14 10:15:00+00:00,1875.38,1877.99,1875.37,1877.09,340.31148
2026-08-14 10:30:00+00:00,1877.08,1878.31,1876.04,1876.31,413.730222
2026-08-14 10:45:00+00:00,1876.31,1877.46,1874.94,1875.98,451.946295
2026-08-14 11:00:00+00:00,1876.0,1878.5,1875.12,1876.44,517.942234
2026-08-14 11:15:00+00:00,1876.6,1878.58,1876.04,1877.62,359.321035
2026-08-14 11:30:00+00:00,1877.61,1881.4,1877.02,1879.52,494.314918
2026-08-14 11:45:00+00:00,1879.55,1880.74,1877.81,1878.19,283.300412
2026-08-14 12:00:00+00:00,1878.21,1878.8,1873.58,1875.53,751.073586
2026-08-14 12:15:00+00:00,1875.54,1878.52,1875.06,1878.52,306.012464
2026-08-14 12:30:00+00:00,1878.52,1879.56,1875.0,1875.0,615.438864
2026-08-14 12:45:00+00:00,1875.01,1876.75,1873.0,1873.31,556.326755
2026-08-14 13:00:00+00:00,1873.49,1873.96,1867.65,1870.26,1911.498372
2026-08-14 13:15:00+00:00,1870.26,1872.79,1867.15,1871.83,791.284981
2026-08-14 13:30:00+00:00,1871.78,1872.81,1866.5,1869.95,1158.452802
2026-08-14 13:45:00+00:00,1869.95,1870.78,1867.0,1870.25,837.71911
2026-08-14 14:00:00+00:00,1870.12,1871.99,1866.48,1867.12,1124.478445
2026-08-14 14:15:00+00:00,1867.14,1869.69,1864.32,1868.75,1215.549034
2026-08-14 14:30:00+00:00,1868.81,1873.47,1867.87,1870.78,698.82394
2026-08-14 14:45:00+00:00,1870.93,1872.35,1864.44,1866.9,1701.479703
2026-08-14 15:00:00+00:00,1866.9,1869.3,1866.1,1868.77,1006.048471
2026-08-14 15:15:00+00:00,1868.65,1879.85,1868.23,1879.76,1367.606435
2026-08-14 15:30:00+00:00,1879.76,1884.54,1876.09,1884.19,1604.783034
2026-08-14 15:45:00+00:00,1884.19,1884.48,1881.41,1881.41,640.38159
2026-08-14 16:00:00+00:00,1881.4,1883.35,1879.37,1880.83,860.176326
2026-08-14 16:15:00+00:00,1880.83,1885.0,1880.34,1884.14,717.152446
2026-08-14 16:30:00+00:00,1884.15,1888.25,1883.56,1886.31,770.084122
2026-08-14 16:45:00+00:00,1886.31,1886.31,1884.06,1885.47,498.64659
2026-08-14 17:00:00+00:00,1885.51,1886.16,1883.47,1885.18,420.210269
2026-08-14 17:15:00+00:00,1885.19,1888.0,1884.66,1885.46,549.596766
2026-08-14 17:30:00+00:00,1885.46,1887.04,1882.4,1883.18,635.385421
2026-08-14 17:45:00+00:00,1883.18,1883.97,1876.64,1878.62,1107.115612
2026-08-14 18:00:00+00:00,1878.63,1878.97,1875.1,1876.54,687.786994
2026-08-14 18:15:00+00:00,1876.58,1878.98,1875.48,1875.83,259.143374
2026-08-14 18:30:00+00:00,1875.81,1878.31,1874.63,1877.54,438.595204
2026-08-14 18:45:00+00:00,1877.58,1877.85,1873.77,1875.7,532.39618
2026-08-14 19:00:00+00:00,1875.71,1875.8,1873.81,1874.06,429.454049
2026-08-14 19:15:00+00:00,1874.06,1878.22,1873.95,1877.87,354.163981
2026-08-14 19:30:00+00:00,1877.95,1880.19,1876.72,1879.82,255.284196
2026-08-14 19:45:00+00:00,1879.82,1881.95,1879.25,1880.87,503.575122
2026-08-14 20:00:00+00:00,1880.77,1881.87,1879.7,1880.02,216.984777
2026-08-14 20:15:00+00:00,1880.08,1880.91,1879.16,1880.07,240.936208
2026-08-14 20:30:00+00:00,1880.06,1880.31,1878.72,1879.65,181.679805
2026-08-14 20:45:00+00:00,1879.68,1880.73,1879.25,1880.51,121.459032
2026-08-14 21:00:00+00:00,1880.51,1881.39,1877.41,1879.0,240.79409
2026-08-14 21:15:00+00:00,1878.82,1880.44,1877.67,1879.94,104.843445
2026-08-14 21:30:00+00:00,1879.96,1880.22,1878.12,1878.28,154.641791
2026-08-14 21:45:00+00:00,1878.28,1879.8,1877.32,1879.42,240.44577
2026-08-14 22:00:00+00:00,1879.43,1881.11,1877.32,1877.57,182.121234
2026-08-14 22:15:00+00:00,1877.45,1878.13,1876.0,1876.59,98.362104
2026-08-14 22:30:00+00:00,1876.58,1879.94,1876.4,1879.94,72.672027
2026-08-14 22:45:00+00:00,1879.94,1880.12,1879.0,1879.61,121.22312
2026-08-14 23:00:00+00:00,1879.61,1881.19,1879.38,1880.92,101.689131
2026-08-14 23:15:00+00:00,1880.93,1881.28,1879.49,1881.0,196.92539
2026-08-14 23:30:00+00:00,1881.0,1881.74,1878.66,1880.53,349.273867
2026-08-14 23:45:00+00:00,1880.68,1882.62,1880.38,1882.15,163.583879
2026-08-15 00:00:00+00:00,1882.15,1883.35,1881.69,1882.09,250.113208
2026-08-15 00:15:00+00:00,1882.09,1883.29,1881.92,1882.8,132.816529
2026-08-15 00:30:00+00:00,1882.83,1883.43,1882.18,1882.71,310.802812
2026-08-15 00:45:00+00:00,1882.71,1883.08,1881.95,1882.44,143.675543
2026-08-15 01:00:00+00:00,1882.44,1882.91,1881.03,1882.91,210.06944
2026-08-15 01:15:00+00:00,1882.9,1884.26,1882.35,1884.04,358.304302
2026-08-15 01:30:00+00:00,1884.04,1884.57,1883.29,1883.84,117.667568
2026-08-15 01:45:00+00:00,1883.73,1884.51,1883.73,1884.05,89.381113
2026-08-15 02:00:00+00:00,1884.06,1884.99,1884.06,1884.99,152.007297
2026-08-15 02:15:00+00:00,1885.0,1885.8,1884.82,1884.82,226.037415
2026-08-15 02:30:00+00:00,1884.83,1885.62,1884.22,1884.49,210.122624
2026-08-15 02:45:00+00:00,1884.46,1884.99,1884.13,1884.99,95.636952
2026-08-15 03:00:00+00:00,1884.99,1886.31,1884.98,1886.07,225.211619
2026-08-15 03:15:00+00:00,1886.1,1886.6,1884.56,1884.79,200.056216
2026-08-15 03:30:00+00:00,1884.8,1885.02,1883.08,1883.11,264.241964
2026-08-15 03:45:00+00:00,1883.17,1883.5,1882.82,1882.82,159.36557
2026-08-15 04:00:00+00:00,1882.83,1883.83,1882.83,1883.8,141.369279
2026-08-15 04:15:00+00:00,1883.8,1884.52,1883.29,1884.43,110.058103
2026-08-15 04:30:00+00:00,1884.44,1885.77,1884.07,1885.61,177.159267
2026-08-15 04:45:00+00:00,1885.6,1885.61,1884.39,1884.4,73.615822
2026-08-15 05:00:00+00:00,1884.4,1885.31,1883.92,1884.71,159.974858
2026-08-15 05:15:00+00:00,1884.71,1884.91,1883.32,1883.46,114.579252
2026-08-15 05:30:00+00:00,1883.46,1883.77,1880.3,1881.43,476.244947
2026-08-15 05:45:00+00:00,1881.42,1881.71,1880.0,1880.84,106.6732
2026-08-15 06:00:00+00:00,1880.84,1881.99,1880.06,1880.29,128.869409
2026-08-15 06:15:00+00:00,1880.41,1881.51,1880.31,1880.57,79.517715
2026-08-15 06:30:00+00:00,1880.65,1881.81,1879.99,1881.8,252.744485
2026-08-15 06:45:00+00:00,1881.8,1883.72,1881.79,1882.25,111.082386
2026-08-15 07:00:00+00:00,1882.26,1882.45,1880.49,1882.45,191.170207
2026-08-15 07:15:00+00:00,1882.51,1882.51,1881.23,1881.24,101.665945
2026-08-15 07:30:00+00:00,1881.24,1881.56,1880.91,1881.22,278.842529
2026-08-15 07:45:00+00:00,1881.22,1881.29,1880.2,1880.54,257.307318
2026-08-15 08:00:00+00:00,1880.55,1880.88,1879.49,1880.79,135.390921
2026-08-15 08:15:00+00:00,1880.79,1881.61,1880.73,1881.13,51.609677
2026-08-15 08:30:00+00:00,1881.12,1881.2,1878.68,1878.87,140.425199
2026-08-15 08:45:00+00:00,1878.85,1879.26,1876.66,1877.11,298.089756
2026-08-15 09:00:00+00:00,1877.11,1877.91,1875.81,1877.72,200.120713
2026-08-15 09:15:00+00:00,1877.73,1878.53,1877.52,1878.53,273.838339
2026-08-15 09:30:00+00:00,1878.52,1879.92,1878.52,1879.71,131.457403
2026-08-15 09:45:00+00:00,1879.71,1881.42,1879.71,1880.54,116.834918
2026-08-15 10:00:00+00:00,1880.56,1880.68,1878.28,1879.41,137.985611
2026-08-15 10:15:00+00:00,1879.42,1879.58,1879.24,1879.5,32.867847
2026-08-15 10:30:00+00:00,1879.5,1880.98,1879.0,1880.26,154.773662
2026-08-15 10:45:00+00:00,1880.25,1881.49,1880.25,1881.0,76.594689
2026-08-15 11:00:00+00:00,1880.93,1881.36,1880.62,1880.7,136.000947
2026-08-15 11:15:00+00:00,1880.7,1880.7,1879.8,1879.8,64.866684
2026-08-15 11:30:00+00:00,1879.81,1880.52,1879.42,1880.29,80.022027
2026-08-15 11:45:00+00:00,1880.28,1880.36,1879.19,1879.34,97.563255
2026-08-15 12:00:00+00:00,1879.34,1879.54,1878.55,1878.59,73.762278
2026-08-15 12:15:00+00:00,1878.6,1879.22,1878.55,1878.69,26.169592
2026-08-15 12:30:00+00:00,1878.69,1879.28,1878.38,1878.86,99.222656
2026-08-15 12:45:00+00:00,1878.85,1884.0,1878.24,1883.85,501.261444
2026-08-15 13:00:00+00:00,1883.84,1884.91,1882.33,1884.11,217.869143
2026-08-15 13:15:00+00:00,1884.12,1884.23,1882.68,1883.01,258.573461
2026-08-15 13:30:00+00:00,1883.02,1883.86,1882.93,1883.38,191.557196
2026-08-15 13:45:00+00:00,1883.42,1885.0,1882.98,1883.67,297.014313
2026-08-15 14:00:00+00:00,1883.67,1883.79,1882.54,1883.2,88.856282
2026-08-15 14:15:00+00:00,1883.19,1883.46,1881.51,1882.22,191.967959
2026-08-15 14:30:00+00:00,1882.22,1883.04,1882.03,1882.74,70.86067
2026-08-15 14:45:00+00:00,1882.74,1884.7,1882.4,1883.51,178.121431
2026-08-15 15:00:00+00:00,1883.51,1884.2,1883.06,1883.52,87.600079
2026-08-15 15:15:00+00:00,1883.52,1885.0,1883.19,1884.26,190.906024
2026-08-15 15:30:00+00:00,1884.28,1885.94,1883.98,1885.5,156.977108
2026-08-15 15:45:00+00:00,1885.5,1885.63,1884.76,1884.94,78.211068
2026-08-15 16:00:00+00:00,1884.94,1885.39,1884.09,1884.41,93.267116
2026-08-15 16:15:00+00:00,1884.41,1885.76,1883.85,1885.63,169.002655
2026-08-15 16:30:00+00:00,1885.63,1885.84,1884.42,1884.43,182.518793
2026-08-15 16:45:00+00:00,1884.42,1885.0,1884.42,1884.86,96.552334
2026-08-15 17:00:00+00:00,1884.86,1885.81,1884.85,1885.8,112.180457
2026-08-15 17:15:00+00:00,1885.81,1886.48,1882.9,1883.25,261.901241
2026-08-15 17:30:00+00:00,1883.25,1884.36,1883.24,1884.02,91.383404
2026-08-15 17:45:00+00:00,1884.01,1884.51,1883.73,1884.5,121.28291
2026-08-15 18:00:00+00:00,1884.51,1885.99,1884.5,1884.58,170.879081
2026-08-15 18:15:00+00:00,1884.59,1884.92,1882.64,1882.71,143.800775
2026-08-15 18:30:00+00:00,1882.7,1883.12,1882.65,1883.1,72.184267
2026-08-15 18:45:00+00:00,1883.1,1883.19,1882.74,1882.74,120.814847
2026-08-15 19:00:00+00:00,1882.75,1883.36,1882.73,1883.23,67.93756
2026-08-15 19:15:00+00:00,1883.23,1884.6,1883.23,1884.15,93.261557
2026-08-15 19:30:00+00:00,1884.15,1885.01,1884.15,1884.41,167.888611
2026-08-15 19:45:00+00:00,1884.4,1885.05,1884.4,1884.66,48.755101
2026-08-15 20:00:00+00:00,1884.67,1884.67,1883.81,1883.86,131.093088
2026-08-15 20:15:00+00:00,1883.86,1883.91,1882.82,1883.23,107.368165
2026-08-15 20:30:00+00:00,1883.24,1883.24,1882.81,1882.96,73.941699
2026-08-15 20:45:00+00:00,1882.95,1883.4,1882.95,1883.38,174.748798
2026-08-15 21:00:00+00:00,1883.38,1884.47,1883.37,1883.88,184.040899
2026-08-15 21:15:00+00:00,1883.91,1884.89,1883.9,1884.67,39.219476
2026-08-15 21:30:00+00:00,1884.66,1885.24,1884.38,1885.19,128.409813
2026-08-15 21:45:00+00:00,1885.16,1885.57,1884.59,1885.08,81.90452
2026-08-15 22:00:00+00:00,1885.09,1885.55,1884.28,1884.83,67.371198
2026-08-15 22:15:00+00:00,1884.84,1885.83,1884.39,1885.79,129.51754
2026-08-15 22:30:00+00:00,1885.78,1885.78,1884.55,1884.86,85.05993
2026-08-15 22:45:00+00:00,1884.86,1885.68,1884.51,1884.58,39.374422
2026-08-15 23:00:00+00:00,1884.59,1884.64,1881.64,1883.65,254.759858
2026-08-15 23:15:00+00:00,1883.65,1883.65,1882.3,1883.2,77.353638
2026-08-15 23:30:00+00:00,1883.02,1883.94,1882.76,1883.28,63.731706
2026-08-15 23:45:00+00:00,1883.39,1883.39,1882.59,1882.89,133.526133
2026-08-16 00:00:00+00:00,1882.9,1883.46,1882.42,1882.69,59.60642
2026-08-16 00:15:00+00:00,1882.68,1882.73,1882.33,1882.73,49.689796
2026-08-16 00:30:00+00:00,1882.73,1883.15,1882.18,1882.89,95.007006
2026-08-16 00:45:00+00:00,1882.89,1883.15,1881.82,1882.65,159.831743
2026-08-16 01:00:00+00:00,1882.65,1882.65,1880.16,1881.38,178.614408
2026-08-16 01:15:00+00:00,1881.39,1882.17,1880.38,1880.38,61.668158
2026-08-16 01:30:00+00:00,1880.38,1880.9,1877.24,1880.9,314.336214
2026-08-16 01:45:00+00:00,1880.89,1880.89,1879.33,1880.64,96.681762
2026-08-16 02:00:00+00:00,1880.66,1881.38,1879.08,1879.37,73.408904
2026-08-16 02:15:00+00:00,1879.37,1885.25,1879.36,1884.14,378.300801
2026-08-16 02:30:00+00:00,1884.13,1885.2,1883.29,1884.28,210.348705
2026-08-16 02:45:00+00:00,1884.29,1884.38,1883.15,1883.68,110.700107
2026-08-16 03:00:00+00:00,1883.68,1884.32,1883.47,1883.88,38.243253
2026-08-16 03:15:00+00:00,1883.88,1884.28,1883.38,1883.43,113.460188
2026-08-16 03:30:00+00:00,1883.43,1883.8,1883.42,1883.74,31.683065
2026-08-16 03:45:00+00:00,1883.74,1883.78,1883.08,1883.28,62.593748
2026-08-16 04:00:00+00:00,1883.29,1883.71,1882.78,1882.94,61.528895
2026-08-16 04:15:00+00:00,1883.03,1884.59,1882.9,1884.18,100.655775
2026-08-16 04:30:00+00:00,1884.14,1884.14,1882.54,1882.75,80.520563
2026-08-16 04:45:00+00:00,1882.76,1882.88,1880.79,1881.81,108.251423
2026-08-16 05:00:00+00:00,1881.81,1882.11,1881.09,1881.67,50.147371
2026-08-16 05:15:00+00:00,1881.66,1881.8,1879.73,1880.62,45.218041
2026-08-16 05:30:00+00:00,1880.63,1881.54,1880.57,1880.83,107.674462
2026-08-16 05:45:00+00:00,1880.81,1880.94,1879.4,1879.9,303.318119
2026-08-16 06:00:00+00:00,1879.92,1880.79,1879.91,1879.92,72.439061
2026-08-16 06:15:00+00:00,1879.92,1880.18,1879.0,1880.15,200.62091
2026-08-16 06:30:00+00:00,1880.2,1880.88,1879.57,1880.72,67.683265
2026-08-16 06:45:00+00:00,1880.72,1881.83,1880.62,1880.72,193.968879
2026-08-16 07:00:00+00:00,1880.73,1880.73,1880.0,1880.67,47.492298
2026-08-16 07:15:00+00:00,1880.67,1881.92,1880.66,1881.54,49.234403
2026-08-16 07:30:00+00:00,1881.53,1881.54,1881.23,1881.27,38.550853
2026-08-16 07:45:00+00:00,1881.28,1881.68,1881.27,1881.56,120.927239
2026-08-16 08:00:00+00:00,1881.56,1881.56,1880.88,1880.89,79.649201
2026-08-16 08:15:00+00:00,1880.89,1881.08,1880.71,1880.72,56.174022
2026-08-16 08:30:00+00:00,1880.73,1881.39,1880.55,1880.55,63.956433
2026-08-16 08:45:00+00:00,1880.55,1881.11,1880.52,1880.98,74.520358
2026-08-16 09:00:00+00:00,1881.0,1882.0,1880.8,1881.99,54.675048
2026-08-16 09:15:00+00:00,1882.0,1882.39,1881.71,1881.72,71.269372
2026-08-16 09:30:00+00:00,1881.71,1882.19,1880.0,1880.0,230.519657
2026-08-16 09:45:00+00:00,1880.0,1881.33,1879.23,1880.31,203.665691
2026-08-16 10:00:00+00:00,1880.32,1880.96,1879.74,1879.81,201.567449
2026-08-16 10:15:00+00:00,1879.81,1880.74,1879.81,1880.74,48.85395
2026-08-16 10:30:00+00:00,1880.73,1880.88,1880.2,1880.87,86.172521
2026-08-16 10:45:00+00:00,1880.88,1881.22,1880.87,1880.88,37.352157
2026-08-16 11:00:00+00:00,1880.88,1881.33,1880.78,1881.0,89.315118
2026-08-16 11:15:00+00:00,1881.0,1881.0,1880.23,1880.71,409.459348
2026-08-16 11:30:00+00:00,1880.72,1880.86,1880.29,1880.31,159.382068
2026-08-16 11:45:00+00:00,1880.3,1880.87,1880.1,1880.87,147.586994
2026-08-16 12:00:00+00:00,1880.87,1880.88,1880.0,1880.01,52.551308
2026-08-16 12:15:00+00:00,1880.0,1880.72,1879.99,1880.72,51.551911
2026-08-16 12:30:00+00:00,1880.71,1880.72,1879.3,1879.65,71.710271
2026-08-16 12:45:00+00:00,1879.66,1880.03,1879.65,1879.88,84.12684
2026-08-16 13:00:00+00:00,1879.88,1881.2,1879.87,1881.02,151.203495
2026-08-16 13:15:00+00:00,1881.02,1881.46,1880.8,1880.99,47.966774
2026-08-16 13:30:00+00:00,1880.99,1882.0,1880.77,1881.67,315.721192
2026-08-16 13:45:00+00:00,1881.66,1881.78,1881.39,1881.77,68.669116
2026-08-16 14:00:00+00:00,1881.78,1882.65,1881.77,1882.39,122.470139
2026-08-16 14:15:00+00:00,1882.39,1884.35,1881.96,1882.04,222.515884
2026-08-16 14:30:00+00:00,1882.05,1883.57,1881.89,1882.7,227.747596
2026-08-16 14:45:00+00:00,1882.7,1883.42,1882.7,1883.41,120.793159
2026-08-16 15:00:00+00:00,1883.42,1883.8,1883.19,1883.56,94.203908
2026-08-16 15:15:00+00:00,1883.56,1883.97,1883.43,1883.89,148.195655
2026-08-16 15:30:00+00:00,1883.88,1884.9,1882.31,1882.67,240.845997
2026-08-16 15:45:00+00:00,1882.68,1884.76,1882.67,1883.99,251.196481
2026-08-16 16:00:00+00:00,1884.0,1885.73,1884.0,1885.61,222.999804
2026-08-16 16:15:00+00:00,1885.61,1889.17,1885.25,1888.01,906.712951
2026-08-16 16:30:00+00:00,1888.01,1892.3,1888.01,1890.22,1025.771593
2026-08-16 16:45:00+00:00,1890.22,1890.8,1888.08,1889.35,144.621512
2026-08-16 17:00:00+00:00,1889.35,1891.02,1887.45,1888.03,226.097741
2026-08-16 17:15:00+00:00,1888.08,1888.15,1886.21,1887.19,174.420346
2026-08-16 17:30:00+00:00,1887.19,1887.34,1883.93,1884.76,226.825
2026-08-16 17:45:00+00:00,1884.76,1886.55,1884.76,1885.3,49.699196
2026-08-16 18:00:00+00:00,1885.29,1886.06,1882.5,1884.82,242.999071
2026-08-16 18:15:00+00:00,1884.82,1886.53,1884.82,1886.26,114.020967
2026-08-16 18:30:00+00:00,1886.28,1886.59,1884.71,1885.17,51.825984
2026-08-16 18:45:00+00:00,1885.18,1886.0,1885.12,1885.59,36.083374
2026-08-16 19:00:00+00:00,1885.6,1887.27,1885.53,1886.61,25.437863
2026-08-16 19:15:00+00:00,1886.61,1887.99,1886.21,1887.95,31.917402
2026-08-16 19:30:00+00:00,1887.94,1888.86,1885.25,1885.73,257.15545
2026-08-16 19:45:00+00:00,1885.78,1886.48,1884.5,1885.93,111.782119
2026-08-16 20:00:00+00:00,1885.94,1887.15,1885.53,1886.96,69.797193
2026-08-16 20:15:00+00:00,1886.97,1887.59,1885.94,1886.31,69.430161
2026-08-16 20:30:00+00:00,1886.31,1886.31,1883.01,1884.02,195.165282
2026-08-16 20:45:00+00:00,1884.03,1884.39,1881.6,1882.06,109.433556
2026-08-16 21:00:00+00:00,1882.1,1883.03,1880.51,1882.08,251.818593
2026-08-16 21:15:00+00:00,1882.07,1882.95,1879.39,1880.15,385.123644
2026-08-16 21:30:00+00:00,1880.16,1881.42,1869.82,1874.87,2094.170008
2026-08-16 21:45:00+00:00,1874.82,1877.13,1872.08,1875.59,352.883956
2026-08-16 22:00:00+00:00,1875.6,1877.98,1870.67,1877.74,392.597144
2026-08-16 22:15:00+00:00,1877.83,1878.32,1874.67,1875.36,216.095056
2026-08-16 22:30:00+00:00,1875.4,1875.49,1869.41,1873.5,527.286645
2026-08-16 22:45:00+00:00,1873.49,1876.34,1872.46,1876.22,146.359613
2026-08-16 23:00:00+00:00,1876.3,1877.65,1874.02,1874.02,667.972031
2026-08-16 23:15:00+00:00,1874.02,1876.38,1874.01,1874.2,238.163671
2026-08-16 23:30:00+00:00,1874.2,1876.33,1873.61,1876.28,417.804632
2026-08-16 23:45:00+00:00,1876.28,1877.28,1875.38,1876.17,106.043291
2026-08-17 00:00:00+00:00,1876.26,1876.82,1874.55,1875.82,204.441103
2026-08-17 00:15:00+00:00,1875.83,1876.83,1872.61,1876.82,463.230425
2026-08-17 00:30:00+00:00,1876.83,1878.0,1873.35,1877.99,484.391739
2026-08-17 00:45:00+00:00,1877.99,1880.32,1875.07,1878.97,404.360651
2026-08-17 01:00:00+00:00,1878.96,1896.79,1878.18,1889.65,3245.960539
2026-08-17 01:15:00+00:00,1889.85,1896.5,1888.52,1894.59,647.579091
2026-08-17 01:30:00+00:00,1894.59,1897.1,1892.61,1894.57,748.420414
2026-08-17 01:45:00+00:00,1894.57,1895.56,1891.41,1891.55,337.592827
2026-08-17 02:00:00+00:00,1891.56,1892.98,1888.62,1890.25,339.657659
2026-08-17 02:15:00+00:00,1890.25,1895.0,1888.94,1893.71,479.703089
2026-08-17 02:30:00+00:00,1893.61,1897.03,1892.27,1895.9,869.527895
2026-08-17 02:45:00+00:00,1895.82,1908.33,1895.48,1902.57,2827.453558
2026-08-17 03:00:00+00:00,1902.59,1904.76,1901.89,1903.03,683.984614
2026-08-17 03:15:00+00:00,1903.08,1903.5,1898.47,1898.66,755.200015
2026-08-17 03:30:00+00:00,1898.68,1900.81,1898.0,1899.97,247.642945
2026-08-17 03:45:00+00:00,1899.96,1903.0,1899.56,1900.94,329.083066
2026-08-17 04:00:00+00:00,1900.95,1904.69,1900.95,1904.04,457.25356
2026-08-17 04:15:00+00:00,1904.04,1904.89,1902.57,1902.8,442.969398
2026-08-17 04:30:00+00:00,1902.8,1903.19,1901.3,1902.29,727.47646
2026-08-17 04:45:00+00:00,1902.31,1904.9,1902.27,1903.32,774.451185
2026-08-17 05:00:00+00:00,1903.38,1903.58,1900.01,1901.35,439.59761
2026-08-17 05:15:00+00:00,1901.35,1904.1,1900.93,1901.31,376.300745
2026-08-17 05:30:00+00:00,1901.32,1901.53,1898.2,1899.07,631.283594
2026-08-17 05:45:00+00:00,1899.07,1900.35,1898.33,1899.59,215.07801
2026-08-17 06:00:00+00:00,1899.57,1901.43,1897.99,1901.14,510.882682
2026-08-17 06:15:00+00:00,1901.14,1902.14,1899.96,1901.47,324.388566
2026-08-17 06:30:00+00:00,1901.47,1903.25,1900.74,1903.21,272.902671
2026-08-17 06:45:00+00:00,1903.21,1912.49,1903.11,1906.96,2167.366019
2026-08-17 07:00:00+00:00,1906.97,1907.83,1903.15,1905.02,753.895022
2026-08-17 07:15:00+00:00,1905.01,1906.0,1902.44,1905.24,616.136352
2026-08-17 07:30:00+00:00,1905.25,1905.25,1902.21,1902.28,740.143856
2026-08-17 07:45:00+00:00,1902.28,1902.83,1900.57,1900.77,1429.143672
2026-08-17 08:00:00+00:00,1900.74,1901.63,1893.0,1895.78,1284.922179
2026-08-17 08:15:00+00:00,1895.79,1896.71,1891.61,1895.47,613.714045
2026-08-17 08:30:00+00:00,1895.45,1895.6,1893.0,1893.49,241.225241
2026-08-17 08:45:00+00:00,1893.48,1895.41,1892.01,1894.4,854.290827
2026-08-17 09:00:00+00:00,1894.41,1897.7,1894.4,1896.9,960.335329
2026-08-17 09:15:00+00:00,1896.91,1897.58,1894.02,1895.83,216.970176
2026-08-17 09:30:00+00:00,1895.82,1895.88,1893.72,1893.89,128.07919
2026-08-17 09:45:00+00:00,1893.89,1894.39,1893.12,1893.93,202.363813
2026-08-17 10:00:00+00:00,1893.93,1894.32,1892.66,1893.81,183.605938
2026-08-17 10:15:00+00:00,1893.81,1898.76,1892.29,1898.76,494.056549
2026-08-17 10:30:00+00:00,1898.76,1907.09,1898.08,1907.09,1302.125492
2026-08-17 10:45:00+00:00,1907.09,1909.57,1904.66,1907.01,1907.842611
2026-08-17 11:00:00+00:00,1907.0,1907.5,1905.55,1906.85,372.515177
2026-08-17 11:15:00+00:00,1906.81,1907.31,1905.32,1905.97,196.649975
2026-08-17 11:30:00+00:00,1905.96,1906.81,1905.4,1906.01,128.329245
2026-08-17 11:45:00+00:00,1906.0,1908.6,1903.91,1904.42,399.142972
2026-08-17 12:00:00+00:00,1904.42,1906.63,1902.41,1904.44,607.392093
2026-08-17 12:15:00+00:00,1904.44,1904.51,1898.37,1899.13,1082.069982
2026-08-17 12:30:00+00:00,1899.06,1901.66,1896.85,1898.37,983.702719
2026-08-17 12:45:00+00:00,1898.44,1900.22,1897.64,1899.09,370.398907
2026-08-17 13:00:00+00:00,1899.09,1900.68,1897.56,1899.3,286.223405
2026-08-17 13:15:00+00:00,1899.31,1899.31,1895.82,1898.57,442.121424
2026-08-17 13:30:00+00:00,1898.53,1909.39,1897.41,1904.65,1471.037639
2026-08-17 13:45:00+00:00,1904.63,1907.94,1902.67,1904.88,693.774064
2026-08-17 14:00:00+00:00,1904.94,1904.99,1899.61,1902.29,438.301402
2026-08-17 14:15:00+00:00,1902.35,1903.7,1898.61,1899.95,277.804271
2026-08-17 14:30:00+00:00,1899.92,1902.65,1898.52,1901.32,198.569132
2026-08-17 14:45:00+00:00,1901.31,1910.68,1901.0,1909.58,1365.281249
2026-08-17 15:00:00+00:00,1909.6,1909.88,1904.61,1905.0,763.628172
2026-08-17 15:15:00+00:00,1904.96,1910.9,1904.54,1909.33,676.280692
2026-08-17 15:30:00+00:00,1909.34,1910.69,1907.18,1909.6,640.697705
2026-08-17 15:45:00+00:00,1909.6,1916.07,1909.27,1913.26,1980.907918
2026-08-17 16:00:00+00:00,1913.26,1914.11,1908.37,1909.16,1039.904822
2026-08-17 16:15:00+00:00,1909.13,1911.0,1908.11,1908.11,609.281203
2026-08-17 16:30:00+00:00,1908.11,1911.09,1907.38,1907.38,174.674797
2026-08-17 16:45:00+00:00,1907.52,1909.2,1905.5,1907.17,352.647652
2026-08-17 17:00:00+00:00,1907.17,1907.33,1905.1,1905.11,148.361084
2026-08-17 17:15:00+00:00,1905.11,1914.2,1904.97,1908.7,655.800254
2026-08-17 17:30:00+00:00,1908.67,1909.56,1904.46,1907.78,504.338037
2026-08-17 17:45:00+00:00,1907.87,1909.97,1907.87,1908.89,317.063815
2026-08-17 18:00:00+00:00,1908.88,1909.9,1907.19,1908.74,759.619859
2026-08-17 18:15:00+00:00,1908.73,1912.87,1908.46,1910.46,462.583469
2026-08-17 18:30:00+00:00,1910.53,1911.08,1908.65,1910.78,256.663301
2026-08-17 18:45:00+00:00,1910.77,1911.62,1909.41,1910.17,566.181592
2026-08-17 19:00:00+00:00,1910.17,1910.27,1907.01,1907.01,410.361914
2026-08-17 19:15:00+00:00,1907.01,1910.62,1906.64,1910.0,435.262825
2026-08-17 19:30:00+00:00,1910.01,1911.1,1907.86,1909.74,347.591591
2026-08-17 19:45:00+00:00,1909.73,1909.79,1907.13,1907.38,436.793725
2026-08-17 20:00:00+00:00,1907.37,1907.82,1906.0,1906.71,422.509306
2026-08-17 20:15:00+00:00,1906.71,1909.45,1905.09,1908.88,573.053949
2026-08-17 20:30:00+00:00,1908.88,1910.54,1907.33,1910.52,261.317977
2026-08-17 20:45:00+00:00,1910.54,1910.72,1905.42,1906.82,463.414359
2026-08-17 21:00:00+00:00,1906.82,1908.81,1906.27,1908.23,180.7209
2026-08-17 21:15:00+00:00,1908.22,1908.67,1906.17,1906.17,104.981129
2026-08-17 21:30:00+00:00,1906.13,1907.73,1906.01,1906.44,264.898958
2026-08-17 21:45:00+00:00,1906.44,1906.99,1906.05,1906.37,97.237635
2026-08-17 22:00:00+00:00,1906.44,1908.0,1905.13,1905.25,173.717985
2026-08-17 22:15:00+00:00,1905.33,1906.16,1903.49,1904.34,282.16914
2026-08-17 22:30:00+00:00,1904.27,1905.31,1903.62,1904.54,78.578347
2026-08-17 22:45:00+00:00,1904.54,1904.99,1904.14,1904.48,110.694091
2026-08-17 23:00:00+00:00,1904.51,1908.64,1904.01,1908.2,330.602965
2026-08-17 23:15:00+00:00,1908.2,1915.54,1908.2,1915.54,651.139565
2026-08-17 23:30:00+00:00,1915.54,1918.67,1912.48,1912.56,1703.606469
2026-08-17 23:45:00+00:00,1912.56,1914.79,1912.47,1913.66,181.082892
2026-08-18 00:00:00+00:00,1913.66,1914.94,1910.49,1910.92,315.761374
2026-08-18 00:15:00+00:00,1910.94,1913.18,1910.84,1912.12,261.743207
2026-08-18 00:30:00+00:00,1912.13,1912.13,1908.77,1909.97,558.826808
2026-08-18 00:45:00+00:00,1910.02,1910.38,1908.98,1910.23,198.409188
2026-08-18 01:00:00+00:00,1910.26,1910.52,1906.1,1908.22,469.989495
2026-08-18 01:15:00+00:00,1908.23,1908.6,1906.91,1907.35,168.895877
2026-08-18 01:30:00+00:00,1907.35,1907.97,1904.05,1905.26,220.404585
2026-08-18 01:45:00+00:00,1905.26,1905.26,1900.0,1901.68,1066.966521
2026-08-18 02:00:00+00:00,1901.67,1903.74,1899.75,1899.76,374.800692
2026-08-18 02:15:00+00:00,1899.76,1900.79,1897.81,1897.95,513.143679
2026-08-18 02:30:00+00:00,1897.95,1898.46,1894.24,1894.56,1156.834814
2026-08-18 02:45:00+00:00,1894.66,1896.8,1889.34,1893.26,2674.467041
2026-08-18 03:00:00+00:00,1893.27,1895.41,1891.55,1891.65,332.224246
2026-08-18 03:15:00+00:00,1891.64,1894.07,1889.35,1891.11,1049.546221
2026-08-18 03:30:00+00:00,1891.1,1895.61,1885.84,1895.61,1534.385509
2026-08-18 03:45:00+00:00,1895.47,1895.59,1893.72,1894.7,496.121532
2026-08-18 04:00:00+00:00,1894.7,1895.61,1891.5,1895.13,367.482397
2026-08-18 04:15:00+00:00,1895.16,1895.2,1893.92,1895.01,185.055314
2026-08-18 04:30:00+00:00,1895.01,1897.49,1894.93,1896.99,214.893878
2026-08-18 04:45:00+00:00,1897.04,1897.77,1895.85,1896.73,155.709031
2026-08-18 05:00:00+00:00,1896.74,1898.95,1895.07,1897.93,798.851437
2026-08-18 05:15:00+00:00,1897.92,1898.66,1895.88,1896.1,257.461865
2026-08-18 05:30:00+00:00,1896.04,1896.9,1892.59,1896.9,843.803588
2026-08-18 05:45:00+00:00,1896.9,1896.9,1895.09,1895.6,229.058019
2026-08-18 06:00:00+00:00,1895.59,1897.3,1893.53,1896.34,530.885547
2026-08-18 06:15:00+00:00,1896.34,1900.65,1896.23,1900.08,588.894086
2026-08-18 06:30:00+00:00,1900.1,1906.8,1900.1,1905.5,1021.125817
2026-08-18 06:45:00+00:00,1905.5,1906.19,1901.21,1902.82,367.882732
2026-08-18 07:00:00+00:00,1902.82,1903.19,1901.54,1902.49,172.954145
2026-08-18 07:15:00+00:00,1902.49,1902.89,1899.5,1899.5,321.940693
2026-08-18 07:30:00+00:00,1899.49,1902.22,1898.87,1900.33,624.69035
2026-08-18 07:45:00+00:00,1900.33,1900.33,1897.22,1898.57,471.651126
2026-08-18 08:00:00+00:00,1898.57,1899.01,1893.64,1897.32,1052.849843
2026-08-18 08:15:00+00:00,1897.33,1900.67,1897.14,1897.97,397.003071
2026-08-18 08:30:00+00:00,1897.95,1902.07,1897.43,1900.1,262.635678
2026-08-18 08:45:00+00:00,1900.16,1900.69,1898.07,1900.48,352.841081
2026-08-18 09:00:00+00:00,1900.48,1900.48,1898.09,1899.06,266.743869
2026-08-18 09:15:00+00:00,1899.06,1899.25,1895.66,1896.23,575.240816
2026-08-18 09:30:00+00:00,1896.24,1897.8,1895.91,1896.44,240.19602
2026-08-18 09:45:00+00:00,1896.44,1897.66,1895.97,1896.87,155.267561
2026-08-18 10:00:00+00:00,1896.87,1898.44,1895.25,1896.22,281.266738
2026-08-18 10:15:00+00:00,1896.23,1897.14,1895.35,1896.78,104.169934
2026-08-18 10:30:00+00:00,1896.79,1899.2,1896.78,1897.42,165.179921
2026-08-18 10:45:00+00:00,1897.42,1898.39,1897.42,1898.11,105.601892
2026-08-18 11:00:00+00:00,1898.1,1902.18,1897.72,1902.18,276.482688
2026-08-18 11:15:00+00:00,1902.18,1905.74,1902.15,1904.74,443.045922
2026-08-18 11:30:00+00:00,1904.72,1905.29,1903.83,1904.62,232.304035
2026-08-18 11:45:00+00:00,1904.61,1905.29,1902.62,1903.22,237.392953
2026-08-18 12:00:00+00:00,1903.22,1904.18,1901.03,1901.64,186.080152
2026-08-18 12:15:00+00:00,1901.64,1902.74,1900.66,1901.66,113.626774
2026-08-18 12:30:00+00:00,1901.66,1901.89,1899.45,1899.56,255.623072
2026-08-18 12:45:00+00:00,1899.55,1901.05,1899.04,1899.47,177.646048
2026-08-18 13:00:00+00:00,1899.48,1899.48,1897.25,1898.19,289.332306
2026-08-18 13:15:00+00:00,1898.18,1898.18,1895.67,1895.85,353.441171
2026-08-18 13:30:00+00:00,1895.86,1899.99,1894.13,1897.31,1388.293472
2026-08-18 13:45:00+00:00,1897.26,1900.27,1894.81,1898.06,377.031737
2026-08-18 14:00:00+00:00,1898.05,1902.42,1897.51,1898.05,599.096211
2026-08-18 14:15:00+00:00,1898.06,1919.8,1897.37,1918.38,5384.280154
2026-08-18 14:30:00+00:00,1918.36,1923.23,1911.23,1912.38,3167.561185
2026-08-18 14:45:00+00:00,1912.31,1915.91,1909.32,1911.2,1117.779962
2026-08-18 15:00:00+00:00,1911.29,1917.07,1908.42,1912.53,2155.596354
2026-08-18 15:15:00+00:00,1912.52,1917.11,1912.23,1915.97,1238.60001
2026-08-18 15:30:00+00:00,1915.97,1919.51,1915.34,1917.02,1157.375633
2026-08-18 15:45:00+00:00,1917.01,1918.78,1915.71,1917.79,841.296943
2026-08-18 16:00:00+00:00,1917.8,1919.5,1914.76,1914.83,1017.885372
2026-08-18 16:15:00+00:00,1914.85,1915.92,1913.55,1913.8,398.007243
2026-08-18 16:30:00+00:00,1913.79,1918.94,1912.55,1918.38,529.673908
2026-08-18 16:45:00+00:00,1918.38,1922.21,1918.0,1918.49,897.324797
2026-08-18 17:00:00+00:00,1918.49,1918.79,1914.55,1916.0,473.014734
2026-08-18 17:15:00+00:00,1916.0,1917.03,1914.45,1916.33,983.979718
2026-08-18 17:30:00+00:00,1916.34,1916.48,1913.01,1914.03,769.201853
2026-08-18 17:45:00+00:00,1914.04,1914.53,1911.41,1911.42,342.7698
2026-08-18 18:00:00+00:00,1911.41,1914.29,1910.8,1914.29,247.549923
2026-08-18 18:15:00+00:00,1914.29,1916.55,1914.1,1916.45,267.611296
2026-08-18 18:30:00+00:00,1916.43,1917.54,1915.8,1916.03,249.18241
2026-08-18 18:45:00+00:00,1916.02,1917.17,1915.65,1916.57,167.37308
2026-08-18 19:00:00+00:00,1916.56,1916.56,1914.22,1914.22,75.672113
2026-08-18 19:15:00+00:00,1914.22,1917.56,1913.35,1916.82,233.568778
2026-08-18 19:30:00+00:00,1916.78,1916.86,1914.53,1914.96,283.474978
2026-08-18 19:45:00+00:00,1914.95,1915.33,1913.03,1913.44,227.84573
2026-08-18 20:00:00+00:00,1913.49,1914.85,1912.12,1914.74,179.924651
2026-08-18 20:15:00+00:00,1914.74,1914.74,1912.35,1912.67,487.574203
2026-08-18 20:30:00+00:00,1913.07,1915.81,1912.82,1913.81,313.097814
2026-08-18 20:45:00+00:00,1913.89,1914.24,1911.85,1912.86,552.590072
2026-08-18 21:00:00+00:00,1912.87,1914.98,1912.86,1913.72,129.743536
2026-08-18 21:15:00+00:00,1913.77,1914.02,1912.99,1913.46,60.231658
2026-08-18 21:30:00+00:00,1913.48,1913.65,1911.22,1911.74,247.955663
2026-08-18 21:45:00+00:00,1911.73,1912.42,1911.3,1912.21,206.973829
2026-08-18 22:00:00+00:00,1912.22,1914.94,1911.88,1913.96,366.231164
2026-08-18 22:15:00+00:00,1913.93,1915.12,1913.13,1914.75,152.994997
2026-08-18 22:30:00+00:00,1914.79,1915.47,1913.75,1913.82,227.08953
2026-08-18 22:45:00+00:00,1913.82,1914.0,1912.63,1913.65,344.023127
2026-08-18 23:00:00+00:00,1913.66,1917.01,1913.05,1916.92,436.849749
2026-08-18 23:15:00+00:00,1916.92,1919.39,1916.84,1918.51,352.229292
2026-08-18 23:30:00+00:00,1918.52,1920.19,1918.52,1919.43,285.641541
2026-08-18 23:45:00+00:00,1919.42,1920.29,1917.2,1917.88,319.723454
2026-08-19 00:00:00+00:00,1917.88,1918.9,1911.95,1913.58,737.614451
2026-08-19 00:15:00+00:00,1913.58,1919.08,1912.29,1916.47,462.187963
2026-08-19 00:30:00+00:00,1916.48,1917.99,1914.08,1914.96,197.425717
2026-08-19 00:45:00+00:00,1914.95,1915.87,1913.29,1913.52,340.414818
2026-08-19 01:00:00+00:00,1913.52,1918.22,1913.01,1916.65,655.09246
2026-08-19 01:15:00+00:00,1916.66,1916.86,1912.41,1915.59,600.045121
2026-08-19 01:30:00+00:00,1915.73,1915.85,1912.78,1914.0,399.544035
2026-08-19 01:45:00+00:00,1913.99,1915.36,1913.09,1913.73,225.73943
2026-08-19 02:00:00+00:00,1913.77,1914.14,1911.21,1912.7,479.429002
2026-08-19 02:15:00+00:00,1912.58,1912.76,1907.34,1910.42,791.198501
2026-08-19 02:30:00+00:00,1910.35,1910.55,1908.4,1909.31,453.787673
2026-08-19 02:45:00+00:00,1909.36,1910.86,1907.49,1907.93,239.851129
2026-08-19 03:00:00+00:00,1907.94,1911.83,1906.09,1911.63,862.862226
2026-08-19 03:15:00+00:00,1911.62,1915.58,1911.57,1912.76,581.145573
2026-08-19 03:30:00+00:00,1912.76,1913.02,1910.68,1912.04,252.970899
2026-08-19 03:45:00+00:00,1912.04,1913.99,1911.36,1912.22,233.802835
2026-08-19 04:00:00+00:00,1912.21,1912.21,1910.51,1910.95,340.777856
2026-08-19 04:15:00+00:00,1910.94,1913.89,1910.94,1912.6,207.378282
2026-08-19 04:30:00+00:00,1912.54,1914.63,1911.47,1911.89,273.641233
2026-08-19 04:45:00+00:00,1911.9,1912.9,1910.36,1910.84,292.103585
2026-08-19 05:00:00+00:00,1910.77,1913.99,1910.55,1913.19,262.1112
2026-08-19 05:15:00+00:00,1913.18,1913.86,1910.99,1913.62,237.950611
2026-08-19 05:30:00+00:00,1913.56,1913.93,1912.06,1912.58,182.668016
2026-08-19 05:45:00+00:00,1912.59,1912.62,1910.0,1910.31,336.578981
2026-08-19 06:00:00+00:00,1910.31,1911.18,1906.51,1907.2,643.925269
2026-08-19 06:15:00+00:00,1907.2,1913.2,1907.2,1911.02,359.637752
2026-08-19 06:30:00+00:00,1911.01,1912.51,1909.79,1912.2,315.672675
2026-08-19 06:45:00+00:00,1912.28,1917.52,1912.28,1917.52,839.227102
2026-08-19 07:00:00+00:00,1917.52,1920.86,1915.45,1920.85,798.612163
2026-08-19 07:15:00+00:00,1920.85,1920.86,1917.63,1917.88,589.022126
2026-08-19 07:30:00+00:00,1917.88,1921.37,1917.34,1919.59,1773.139945
2026-08-19 07:45:00+00:00,1919.58,1920.5,1915.6,1915.84,708.910882
2026-08-19 08:00:00+00:00,1915.85,1918.18,1915.74,1915.8,236.0774
2026-08-19 08:15:00+00:00,1915.85,1917.3,1915.25,1917.28,227.783667
2026-08-19 08:30:00+00:00,1917.28,1929.95,1917.13,1924.25,2575.705574
2026-08-19 08:45:00+00:00,1924.39,1926.54,1921.57,1921.57,535.580093
2026-08-19 09:00:00+00:00,1921.58,1923.99,1921.49,1922.43,389.374196
2026-08-19 09:15:00+00:00,1922.3,1923.51,1920.43,1921.09,420.644752
2026-08-19 09:30:00+00:00,1921.15,1921.24,1918.36,1918.61,216.756805
2026-08-19 09:45:00+00:00,1918.61,1919.59,1918.3,1919.36,121.370205
2026-08-19 10:00:00+00:00,1919.37,1919.37,1917.82,1918.94,253.85338
2026-08-19 10:15:00+00:00,1918.94,1919.72,1917.56,1918.55,162.28392
2026-08-19 10:30:00+00:00,1918.55,1919.33,1917.7,1919.24,132.289845
2026-08-19 10:45:00+00:00,1919.04,1920.34,1918.84,1920.34,162.149549
2026-08-19 11:00:00+00:00,1920.34,1926.21,1919.92,1924.67,730.975368
2026-08-19 11:15:00+00:00,1924.83,1924.86,1920.34,1922.24,202.338762
2026-08-19 11:30:00+00:00,1922.27,1924.25,1922.08,1922.2,140.283468
2026-08-19 11:45:00+00:00,1922.29,1923.28,1922.26,1923.03,108.687717
2026-08-19 12:00:00+00:00,1923.04,1924.42,1922.4,1924.25,373.258313
2026-08-19 12:15:00+00:00,1924.24,1924.35,1922.8,1923.47,161.113121
2026-08-19 12:30:00+00:00,1923.58,1933.33,1922.62,1933.12,1666.675112
2026-08-19 12:45:00+00:00,1933.04,1943.12,1931.92,1937.31,4880.323222
2026-08-19 13:00:00+00:00,1937.21,1938.54,1932.9,1935.64,1510.755962
2026-08-19 13:15:00+00:00,1935.64,1939.04,1935.59,1937.41,812.151469
2026-08-19 13:30:00+00:00,1937.41,1941.6,1928.34,1932.67,2384.458231
2026-08-19 13:45:00+00:00,1932.78,1934.86,1928.77,1932.8,821.90739
2026-08-19 14:00:00+00:00,1932.88,1939.36,1932.88,1937.11,2034.04171
2026-08-19 14:15:00+00:00,1937.1,1939.8,1935.8,1936.61,1267.503667
2026-08-19 14:30:00+00:00,1936.59,1941.46,1933.03,1940.16,1332.906627
2026-08-19 14:45:00+00:00,1940.15,1980.0,1939.61,1970.72,13228.327821
2026-08-19 15:00:00+00:00,1970.72,2019.87,1967.37,2011.78,21092.780112
2026-08-19 15:15:00+00:00,2011.78,2119.65,2008.47,2076.05,43547.409839
2026-08-19 15:30:00+00:00,2076.06,2089.48,2057.51,2087.07,18630.512887
2026-08-19 15:45:00+00:00,2087.23,2089.7,2076.41,2085.9,10174.285007
2026-08-19 16:00:00+00:00,2085.74,2107.95,2082.38,2089.62,12406.941699
2026-08-19 16:15:00+00:00,2089.62,2103.31,2089.62,2100.38,5104.645484
2026-08-19 16:30:00+00:00,2100.21,2101.57,2085.32,2089.3,4275.667842
2026-08-19 16:45:00+00:00,2089.21,2093.74,2085.94,2089.5,2937.90968
2026-08-19 17:00:00+00:00,2089.51,2090.72,2078.33,2079.33,4341.149329
2026-08-19 17:15:00+00:00,2079.34,2079.91,2067.8,2078.2,3093.462803
2026-08-19 17:30:00+00:00,2078.21,2086.68,2070.72,2085.68,2060.512132
2026-08-19 17:45:00+00:00,2085.69,2092.95,2085.01,2090.86,1611.534044
2026-08-19 18:00:00+00:00,2090.86,2092.48,2079.01,2085.16,2100.106439
2026-08-19 18:15:00+00:00,2085.16,2089.57,2084.69,2087.01,832.036943
2026-08-19 18:30:00+00:00,2087.0,2091.41,2085.86,2090.21,977.155522
2026-08-19 18:45:00+00:00,2090.34,2092.72,2088.12,2091.79,1187.693253
2026-08-19 19:00:00+00:00,2091.74,2103.04,2089.09,2089.94,2471.445015
2026-08-19 19:15:00+00:00,2090.03,2101.06,2090.03,2092.74,1985.331131
2026-08-19 19:30:00+00:00,2092.5,2101.14,2091.29,2099.27,1384.439087
2026-08-19 19:45:00+00:00,2099.36,2105.52,2096.99,2101.82,1141.213702
2026-08-19 20:00:00+00:00,2101.74,2120.0,2101.74,2113.14,4312.648294
2026-08-19 20:15:00+00:00,2113.01,2132.92,2108.31,2125.9,4498.641138
2026-08-19 20:30:00+00:00,2125.85,2129.5,2121.89,2124.59,1557.8406
2026-08-19 20:45:00+00:00,2124.35,2245.28,2122.82,2218.36,36304.924479
2026-08-19 21:00:00+00:00,2218.68,2335.0,2216.44,2260.66,48013.20331
2026-08-19 21:15:00+00:00,2260.71,2292.04,2255.46,2283.42,10311.330589
2026-08-19 21:30:00+00:00,2283.51,2298.77,2269.2,2285.0,6862.732301
2026-08-19 21:45:00+00:00,2285.0,2307.28,2278.09,2286.37,6162.154193
2026-08-19 22:00:00+00:00,2286.38,2290.32,2262.0,2268.01,6310.525965
2026-08-19 22:15:00+00:00,2267.72,2273.99,2256.04,2256.79,3794.657285
2026-08-19 22:30:00+00:00,2256.79,2266.92,2241.39,2258.62,4989.695446
2026-08-19 22:45:00+00:00,2258.62,2259.76,2243.88,2250.0,3044.526868
2026-08-19 23:00:00+00:00,2250.25,2252.76,2243.34,2246.02,3824.686896
2026-08-19 23:15:00+00:00,2246.03,2254.93,2243.23,2252.38,2185.37182
2026-08-19 23:30:00+00:00,2252.24,2262.0,2246.13,2257.39,2258.003136
2026-08-19 23:45:00+00:00,2257.28,2258.03,2247.63,2252.67,1798.683015
2026-08-20 00:00:00+00:00,2252.67,2262.1,2251.73,2259.23,3842.666308
2026-08-20 00:15:00+00:00,2259.26,2269.61,2257.46,2264.15,2654.306773
2026-08-20 00:30:00+00:00,2264.12,2273.59,2261.35,2268.68,2118.85528
2026-08-20 00:45:00+00:00,2268.58,2273.66,2258.33,2262.4,3068.352188
2026-08-20 01:00:00+00:00,2262.52,2268.33,2250.0,2257.15,2522.753681
2026-08-20 01:15:00+00:00,2257.09,2260.92,2252.64,2254.65,1121.564521
2026-08-20 01:30:00+00:00,2254.33,2266.52,2252.41,2265.45,2132.959242
2026-08-20 01:45:00+00:00,2265.55,2270.64,2264.88,2266.56,1003.645134
2026-08-20 02:00:00+00:00,2266.61,2270.63,2264.36,2268.22,716.46864
2026-08-20 02:15:00+00:00,2268.08,2268.86,2257.6,2258.26,1312.637777
2026-08-20 02:30:00+00:00,2258.2,2262.53,2254.41,2257.2,857.594302
2026-08-20 02:45:00+00:00,2257.2,2258.0,2250.0,2251.9,1228.036704
2026-08-20 03:00:00+00:00,2251.98,2252.38,2222.83,2228.74,5124.247292
2026-08-20 03:15:00+00:00,2228.81,2243.11,2228.11,2234.61,2031.234837
2026-08-20 03:30:00+00:00,2234.53,2252.31,2234.53,2250.6,1804.933464
2026-08-20 03:45:00+00:00,2250.9,2257.92,2250.05,2251.35,1578.535293
2026-08-20 04:00:00+00:00,2251.35,2258.46,2249.53,2255.96,980.487714
2026-08-20 04:15:00+00:00,2255.69,2257.28,2253.25,2256.13,438.343156
2026-08-20 04:30:00+00:00,2256.14,2256.42,2248.43,2250.9,863.707515
2026-08-20 04:45:00+00:00,2251.0,2257.33,2250.11,2250.11,754.32386
2026-08-20 05:00:00+00:00,2250.11,2254.62,2249.57,2249.6,997.930188
2026-08-20 05:15:00+00:00,2249.55,2256.83,2249.4,2252.0,1077.004972
2026-08-20 05:30:00+00:00,2252.0,2254.21,2250.39,2251.82,742.27543
2026-08-20 05:45:00+00:00,2251.82,2251.82,2243.75,2248.26,775.431998
2026-08-20 06:00:00+00:00,2248.44,2248.7,2238.96,2243.4,1435.015092
2026-08-20 06:15:00+00:00,2243.39,2255.49,2242.11,2251.28,1871.111671
2026-08-20 06:30:00+00:00,2251.28,2263.46,2251.05,2262.27,2541.069136
2026-08-20 06:45:00+00:00,2262.27,2267.32,2261.19,2262.7,3127.956829
2026-08-20 07:00:00+00:00,2262.64,2263.98,2256.48,2256.48,1285.667449
2026-08-20 07:15:00+00:00,2256.48,2258.13,2248.43,2252.88,1286.299784
2026-08-20 07:30:00+00:00,2252.9,2252.9,2244.84,2245.2,2910.699873
2026-08-20 07:45:00+00:00,2245.2,2251.72,2244.5,2251.72,2470.886355
2026-08-20 08:00:00+00:00,2251.73,2286.64,2249.04,2284.31,5848.113576
2026-08-20 08:15:00+00:00,2284.0,2284.5,2270.07,2278.19,3844.827353
2026-08-20 08:30:00+00:00,2278.31,2278.5,2266.1,2275.24,2175.469433
2026-08-20 08:45:00+00:00,2275.22,2286.0,2273.59,2282.34,2487.146995
2026-08-20 09:00:00+00:00,2282.39,2297.0,2277.34,2294.71,3687.223332
2026-08-20 09:15:00+00:00,2295.0,2298.49,2284.45,2284.67,4156.886934
2026-08-20 09:30:00+00:00,2284.45,2293.99,2278.41,2289.22,3261.326904
2026-08-20 09:45:00+00:00,2289.07,2290.37,2275.54,2279.0,1782.860341
2026-08-20 10:00:00+00:00,2279.0,2289.56,2275.75,2288.34,1867.327046
2026-08-20 10:15:00+00:00,2288.42,2295.68,2282.67,2286.04,2083.813926
2026-08-20 10:30:00+00:00,2286.05,2288.0,2281.01,2281.68,1007.731497
2026-08-20 10:45:00+00:00,2281.78,2287.09,2280.44,2287.06,543.592923
2026-08-20 11:00:00+00:00,2286.95,2295.75,2282.28,2288.54,1957.879845
2026-08-20 11:15:00+00:00,2288.52,2296.5,2285.0,2294.99,1221.335638
2026-08-20 11:30:00+00:00,2294.98,2316.57,2293.19,2306.94,6981.263973
2026-08-20 11:45:00+00:00,2307.21,2319.19,2293.91,2296.43,3601.306775
2026-08-20 12:00:00+00:00,2296.34,2300.57,2268.81,2274.41,5045.176921
2026-08-20 12:15:00+00:00,2274.4,2282.27,2273.05,2278.98,4054.937351
2026-08-20 12:30:00+00:00,2279.04,2285.41,2274.49,2281.13,2033.018666
2026-08-20 12:45:00+00:00,2281.13,2293.93,2267.77,2290.31,2622.800499
2026-08-20 13:00:00+00:00,2290.33,2298.08,2286.93,2294.58,1331.232649
2026-08-20 13:15:00+00:00,2294.58,2295.96,2281.69,2288.04,4929.485371
2026-08-20 13:30:00+00:00,2288.15,2288.33,2256.0,2274.62,6559.944268
2026-08-20 13:45:00+00:00,2274.58,2281.81,2265.76,2276.77,2053.56277
2026-08-20 14:00:00+00:00,2276.45,2289.06,2275.27,2280.97,1449.450222
2026-08-20 14:15:00+00:00,2281.02,2282.34,2271.54,2274.22,1291.350186
2026-08-20 14:30:00+00:00,2273.91,2285.95,2273.38,2276.94,1137.142516
2026-08-20 14:45:00+00:00,2276.76,2281.19,2271.47,2281.18,927.857638
2026-08-20 15:00:00+00:00,2281.19,2306.72,2281.19,2297.78,5254.105631
2026-08-20 15:15:00+00:00,2297.33,2314.0,2292.16,2313.52,4536.821328
2026-08-20 15:30:00+00:00,2313.51,2323.38,2297.88,2303.47,4337.852784
2026-08-20 15:45:00+00:00,2303.46,2337.94,2302.72,2325.77,6524.159828
2026-08-20 16:00:00+00:00,2325.77,2331.1,2317.32,2319.29,3193.272142
2026-08-20 16:15:00+00:00,2319.21,2326.62,2314.07,2325.7,1498.087365
2026-08-20 16:30:00+00:00,2325.66,2359.45,2320.16,2349.37,8361.19177
2026-08-20 16:45:00+00:00,2348.73,2349.26,2336.53,2344.44,2913.956185
2026-08-20 17:00:00+00:00,2344.43,2345.0,2332.37,2337.7,1937.214945
2026-08-20 17:15:00+00:00,2337.73,2346.16,2334.85,2344.22,1735.241073
2026-08-20 17:30:00+00:00,2344.25,2347.81,2339.12,2344.33,1697.138708
2026-08-20 17:45:00+00:00,2344.56,2351.16,2342.71,2343.98,1767.199838
2026-08-20 18:00:00+00:00,2343.97,2347.67,2325.27,2331.08,3592.386183
2026-08-20 18:15:00+00:00,2330.84,2334.04,2320.0,2325.52,1907.938163
2026-08-20 18:30:00+00:00,2325.28,2326.31,2310.01,2316.31,2617.999872
2026-08-20 18:45:00+00:00,2316.48,2323.12,2313.85,2315.9,2325.917727
2026-08-20 19:00:00+00:00,2315.89,2323.33,2311.77,2321.03,970.208461
2026-08-20 19:15:00+00:00,2321.03,2330.38,2320.75,2327.76,898.402118
2026-08-20 19:30:00+00:00,2327.57,2332.35,2322.78,2329.54,1082.738068
2026-08-20 19:45:00+00:00,2329.67,2331.87,2320.5,2323.72,1144.502033
2026-08-20 20:00:00+00:00,2323.75,2327.49,2319.8,2320.58,573.390916
2026-08-20 20:15:00+00:00,2320.59,2329.8,2317.64,2327.27,597.899826
2026-08-20 20:30:00+00:00,2327.28,2331.42,2317.6,2320.19,1149.163406
2026-08-20 20:45:00+00:00,2320.32,2320.62,2313.67,2318.33,821.232288
2026-08-20 21:00:00+00:00,2318.34,2322.99,2313.41,2321.75,718.021974
2026-08-20 21:15:00+00:00,2321.97,2325.68,2314.29,2314.95,637.798659
2026-08-20 21:30:00+00:00,2314.94,2322.56,2314.2,2319.55,661.868765
2026-08-20 21:45:00+00:00,2319.75,2320.71,2315.92,2318.71,408.4
2026-08-20 22:00:00+00:00,2318.72,2319.19,2307.17,2311.77,1644.146489
2026-08-20 22:15:00+00:00,2311.8,2317.67,2308.0,2314.77,590.894403
2026-08-20 22:30:00+00:00,2314.86,2315.68,2310.4,2311.98,226.399062
2026-08-20 22:45:00+00:00,2311.98,2318.72,2311.65,2314.32,450.142427
2026-08-20 23:00:00+00:00,2314.32,2322.4,2312.89,2322.4,393.289537
2026-08-20 23:15:00+00:00,2322.4,2340.49,2321.61,2331.49,1547.351492
2026-08-20 23:30:00+00:00,2331.56,2334.7,2324.72,2325.84,612.504404
2026-08-20 23:45:00+00:00,2325.74,2329.52,2323.51,2326.96,704.938521
2026-08-21 00:00:00+00:00,2326.82,2338.41,2325.0,2337.46,1657.468126
2026-08-21 00:15:00+00:00,2337.41,2347.98,2331.28,2337.7,2627.618345
2026-08-21 00:30:00+00:00,2337.71,2351.42,2331.83,2337.63,2611.082246
2026-08-21 00:45:00+00:00,2337.74,2350.72,2334.24,2340.59,1697.863201
2026-08-21 01:00:00+00:00,2340.49,2348.47,2338.0,2345.78,1168.17583
2026-08-21 01:15:00+00:00,2345.78,2366.13,2338.46,2352.82,5205.894734
2026-08-21 01:30:00+00:00,2352.85,2369.0,2348.28,2357.36,3985.852923
2026-08-21 01:45:00+00:00,2357.49,2381.76,2356.56,2359.24,7458.172766
2026-08-21 02:00:00+00:00,2359.39,2362.93,2343.31,2354.02,3205.855937
2026-08-21 02:15:00+00:00,2353.96,2360.34,2346.22,2359.26,2363.112746
2026-08-21 02:30:00+00:00,2359.49,2364.99,2352.94,2355.65,1111.465054
2026-08-21 02:45:00+00:00,2355.51,2355.99,2344.39,2345.63,1315.810592
2026-08-21 03:00:00+00:00,2345.67,2347.96,2337.06,2345.42,1536.919093
2026-08-21 03:15:00+00:00,2345.43,2350.35,2340.77,2349.52,756.911442
2026-08-21 03:30:00+00:00,2349.6,2354.51,2346.18,2349.35,894.70134
2026-08-21 03:45:00+00:00,2349.34,2354.42,2340.53,2341.05,887.841268
2026-08-21 04:00:00+00:00,2341.06,2350.74,2341.06,2346.17,903.302639
2026-08-21 04:15:00+00:00,2346.17,2350.22,2344.34,2344.91,424.867447
2026-08-21 04:30:00+00:00,2344.65,2351.0,2343.53,2350.59,791.520638
2026-08-21 04:45:00+00:00,2350.59,2355.87,2349.16,2354.47,622.50891
2026-08-21 05:00:00+00:00,2354.48,2359.72,2349.78,2358.98,1263.857288
2026-08-21 05:15:00+00:00,2358.87,2362.5,2349.45,2353.81,1207.864334
2026-08-21 05:30:00+00:00,2353.81,2358.24,2351.34,2354.56,866.386994
2026-08-21 05:45:00+00:00,2354.37,2368.64,2352.68,2368.32,1603.751321
2026-08-21 06:00:00+00:00,2368.33,2378.63,2364.0,2365.62,2622.869115
2026-08-21 06:15:00+00:00,2365.64,2368.77,2355.24,2360.67,1089.914638
2026-08-21 06:30:00+00:00,2360.68,2373.99,2360.55,2369.68,1478.503993
2026-08-21 06:45:00+00:00,2369.39,2382.49,2364.75,2372.53,3307.999141
2026-08-21 07:00:00+00:00,2372.33,2387.3,2370.81,2386.35,2246.81503
2026-08-21 07:15:00+00:00,2386.15,2398.82,2377.61,2381.58,8653.444883
2026-08-21 07:30:00+00:00,2381.52,2388.71,2372.02,2380.54,6594.169801
2026-08-21 07:45:00+00:00,2380.54,2382.93,2368.56,2371.84,6191.079958
2026-08-21 08:00:00+00:00,2371.73,2391.66,2370.24,2383.83,2721.808294
2026-08-21 08:15:00+00:00,2383.66,2392.0,2379.47,2387.4,2679.082506
2026-08-21 08:30:00+00:00,2387.39,2416.61,2386.12,2410.0,8490.925112
2026-08-21 08:45:00+00:00,2410.0,2448.12,2409.24,2444.52,17378.152867
2026-08-21 09:00:00+00:00,2444.52,2446.52,2375.32,2398.43,20920.645499
2026-08-21 09:15:00+00:00,2398.47,2399.85,2383.78,2389.43,5716.748298
2026-08-21 09:30:00+00:00,2389.26,2411.71,2385.75,2407.98,3902.152301
2026-08-21 09:45:00+00:00,2407.8,2416.28,2391.96,2403.88,3565.933684
2026-08-21 10:00:00+00:00,2404.05,2405.6,2394.38,2400.79,2198.778931
2026-08-21 10:15:00+00:00,2401.03,2411.49,2390.1,2399.95,1757.312506
2026-08-21 10:30:00+00:00,2400.03,2401.77,2391.47,2397.53,1108.653728
2026-08-21 10:45:00+00:00,2397.61,2405.32,2393.61,2395.35,1076.451076
2026-08-21 11:00:00+00:00,2395.34,2399.0,2377.16,2386.31,2088.562043
2026-08-21 11:15:00+00:00,2386.31,2388.83,2372.68,2385.78,3003.469379
2026-08-21 11:30:00+00:00,2385.93,2386.77,2357.01,2373.58,6215.020551
2026-08-21 11:45:00+00:00,2373.66,2377.02,2361.88,2370.62,2396.955617
2026-08-21 12:00:00+00:00,2370.49,2380.0,2365.39,2378.8,1601.690791
2026-08-21 12:15:00+00:00,2378.79,2378.88,2369.35,2375.35,2090.836196
2026-08-21 12:30:00+00:00,2375.35,2395.89,2373.16,2394.65,3223.509171
2026-08-21 12:45:00+00:00,2394.6,2397.53,2385.15,2388.96,4907.187131
2026-08-21 13:00:00+00:00,2388.96,2396.4,2384.33,2390.82,2299.263492
2026-08-21 13:15:00+00:00,2390.79,2391.24,2381.96,2386.7,1390.660683
2026-08-21 13:30:00+00:00,2386.68,2398.73,2368.07,2395.38,5076.565761
2026-08-21 13:45:00+00:00,2395.08,2406.36,2382.06,2387.34,4204.474835
2026-08-21 14:00:00+00:00,2387.36,2387.82,2374.23,2379.04,2430.908124
2026-08-21 14:15:00+00:00,2379.04,2393.59,2368.26,2392.32,5756.983158
2026-08-21 14:30:00+00:00,2392.34,2397.65,2377.24,2385.96,2168.974211
2026-08-21 14:45:00+00:00,2385.82,2394.45,2385.82,2393.5,1693.860947
2026-08-21 15:00:00+00:00,2393.48,2405.94,2391.21,2402.23,2691.549143
2026-08-21 15:15:00+00:00,2402.32,2408.16,2396.97,2398.24,1379.59481
2026-08-21 15:30:00+00:00,2398.3,2403.4,2394.12,2400.0,2142.507339
2026-08-21 15:45:00+00:00,2400.02,2403.6,2392.31,2393.53,1695.36333
2026-08-21 16:00:00+00:00,2393.37,2397.0,2384.38,2384.6,1987.867261
2026-08-21 16:15:00+00:00,2384.38,2402.9,2382.74,2402.9,2000.498519
2026-08-21 16:30:00+00:00,2402.9,2403.24,2398.93,2401.26,627.807573
2026-08-21 16:45:00+00:00,2401.23,2412.71,2400.74,2405.81,1362.450323
2026-08-21 17:00:00+00:00,2405.9,2421.48,2404.48,2415.27,2335.671956
2026-08-21 17:15:00+00:00,2415.39,2416.59,2401.49,2416.59,3928.952274
2026-08-21 17:30:00+00:00,2416.64,2426.35,2414.46,2419.76,3404.746019
2026-08-21 17:45:00+00:00,2419.8,2427.73,2416.8,2423.52,1382.885472
2026-08-21 18:00:00+00:00,2423.53,2427.37,2417.4,2422.42,1518.209903
2026-08-21 18:15:00+00:00,2422.38,2431.99,2422.22,2424.35,1713.576155
2026-08-21 18:30:00+00:00,2424.35,2426.56,2406.43,2408.53,1912.444576
2026-08-21 18:45:00+00:00,2408.4,2421.99,2395.74,2420.51,3510.116061
2026-08-21 19:00:00+00:00,2420.18,2420.87,2407.28,2415.59,976.894694
2026-08-21 19:15:00+00:00,2415.45,2419.55,2407.94,2418.52,730.497381
2026-08-21 19:30:00+00:00,2418.46,2420.4,2414.03,2417.4,787.815685
2026-08-21 19:45:00+00:00,2417.4,2418.7,2412.5,2413.29,790.320054
2026-08-21 20:00:00+00:00,2413.43,2430.53,2408.61,2425.75,1917.502868
2026-08-21 20:15:00+00:00,2425.74,2447.24,2425.61,2445.17,3695.441805
2026-08-21 20:30:00+00:00,2445.17,2445.17,2433.01,2437.48,982.774955
2026-08-21 20:45:00+00:00,2437.48,2444.54,2427.16,2440.87,768.409906
2026-08-21 21:00:00+00:00,2440.81,2460.3,2434.48,2449.65,6166.576896
2026-08-21 21:15:00+00:00,2449.54,2489.2,2444.43,2480.0,11027.317147
2026-08-21 21:30:00+00:00,2480.0,2497.36,2476.36,2485.0,5841.683481
2026-08-21 21:45:00+00:00,2485.0,2521.99,2483.01,2513.24,10220.759299
2026-08-21 22:00:00+00:00,2513.23,2547.28,2507.19,2541.79,11690.341796
2026-08-21 22:15:00+00:00,2541.93,2543.68,2528.69,2533.2,3996.157452
2026-08-21 22:30:00+00:00,2533.38,2535.15,2510.47,2529.17,3893.753106
2026-08-21 22:45:00+00:00,2529.06,2529.25,2513.93,2521.76,2233.560708
2026-08-21 23:00:00+00:00,2521.8,2526.9,2515.1,2524.04,2246.159972
2026-08-21 23:15:00+00:00,2524.02,2546.25,2521.7,2525.48,5322.315348
2026-08-21 23:30:00+00:00,2525.35,2530.8,2512.42,2523.69,2283.190002
2026-08-21 23:45:00+00:00,2523.65,2525.32,2509.05,2515.91,1838.610181
2026-08-22 00:00:00+00:00,2516.07,2523.05,2491.22,2501.4,4185.546183
2026-08-22 00:15:00+00:00,2501.37,2512.22,2498.78,2506.57,1491.515694
2026-08-22 00:30:00+00:00,2506.56,2515.93,2503.49,2509.18,1536.477992
2026-08-22 00:45:00+00:00,2509.18,2522.31,2503.81,2522.2,1838.148913
2026-08-22 01:00:00+00:00,2522.19,2528.59,2518.0,2519.49,2035.684709
2026-08-22 01:15:00+00:00,2519.5,2525.02,2515.56,2517.69,1006.835771
2026-08-22 01:30:00+00:00,2517.79,2527.75,2511.05,2514.02,1383.900715
2026-08-22 01:45:00+00:00,2514.01,2523.71,2506.68,2506.68,1510.984031
2026-08-22 02:00:00+00:00,2506.68,2512.57,2503.65,2509.0,1283.811451
2026-08-22 02:15:00+00:00,2509.0,2522.78,2508.36,2519.36,1113.017784
2026-08-22 02:30:00+00:00,2519.35,2522.0,2496.0,2510.2,3220.881967
2026-08-22 02:45:00+00:00,2510.19,2516.05,2504.6,2515.99,1270.008835
2026-08-22 03:00:00+00:00,2515.99,2521.54,2512.47,2512.92,1706.747908
2026-08-22 03:15:00+00:00,2513.06,2527.21,2512.61,2520.01,2279.180644
2026-08-22 03:30:00+00:00,2520.0,2523.98,2513.33,2517.58,1121.04862
2026-08-22 03:45:00+00:00,2517.51,2522.96,2514.51,2514.91,905.343583
2026-08-22 04:00:00+00:00,2515.0,2520.37,2510.21,2519.94,930.247855
2026-08-22 04:15:00+00:00,2519.72,2519.72,2506.27,2517.0,2321.990013
2026-08-22 04:30:00+00:00,2517.15,2529.9,2514.41,2527.89,2721.565297
2026-08-22 04:45:00+00:00,2527.88,2527.88,2514.28,2514.49,2577.083238
2026-08-22 05:00:00+00:00,2514.37,2518.42,2384.0,2445.0,37161.685213
2026-08-22 05:15:00+00:00,2444.91,2453.62,2409.49,2437.99,9772.559957
2026-08-22 05:30:00+00:00,2438.0,2449.11,2422.86,2432.92,3444.724369
2026-08-22 05:45:00+00:00,2433.24,2445.69,2427.98,2440.26,5134.790858
2026-08-22 06:00:00+00:00,2440.09,2443.75,2427.21,2428.21,2226.783247
2026-08-22 06:15:00+00:00,2428.21,2437.19,2427.13,2429.91,1457.501213
2026-08-22 06:30:00+00:00,2429.92,2439.98,2412.49,2431.16,3375.611632
2026-08-22 06:45:00+00:00,2431.15,2439.64,2431.15,2437.88,1029.498257
2026-08-22 07:00:00+00:00,2437.89,2447.53,2428.01,2433.99,3052.118689
2026-08-22 07:15:00+00:00,2434.01,2441.85,2426.67,2441.84,1275.167112
2026-08-22 07:30:00+00:00,2441.85,2441.96,2431.69,2436.6,1616.116035
2026-08-22 07:45:00+00:00,2436.6,2438.4,2431.32,2432.75,1820.683194
2026-08-22 08:00:00+00:00,2432.85,2440.96,2428.57,2439.76,865.31396
2026-08-22 08:15:00+00:00,2439.92,2440.0,2423.81,2426.16,1227.275881
2026-08-22 08:30:00+00:00,2426.18,2426.45,2412.18,2424.65,2611.147433
2026-08-22 08:45:00+00:00,2424.52,2426.3,2417.46,2425.66,946.206639
2026-08-22 09:00:00+00:00,2425.69,2427.85,2412.81,2427.49,1233.911671
2026-08-22 09:15:00+00:00,2427.51,2429.17,2421.87,2425.21,1501.471944
2026-08-22 09:30:00+00:00,2425.27,2426.53,2420.0,2423.16,612.946129
2026-08-22 09:45:00+00:00,2423.12,2423.12,2414.41,2421.94,1411.657885
2026-08-22 10:00:00+00:00,2421.95,2422.88,2396.67,2401.23,5376.376419
2026-08-22 10:15:00+00:00,2401.6,2408.39,2388.0,2406.8,6739.86102
2026-08-22 10:30:00+00:00,2407.04,2415.99,2403.09,2415.44,2406.569483
2026-08-22 10:45:00+00:00,2415.45,2417.52,2408.01,2412.77,812.167697
2026-08-22 11:00:00+00:00,2412.77,2415.38,2405.35,2408.24,736.07169
2026-08-22 11:15:00+00:00,2408.23,2415.76,2406.74,2414.39,597.435045
2026-08-22 11:30:00+00:00,2414.38,2426.3,2412.51,2424.63,1508.708157
2026-08-22 11:45:00+00:00,2424.76,2426.8,2420.49,2423.89,586.319127
2026-08-22 12:00:00+00:00,2423.92,2435.05,2419.07,2433.03,1428.100314
2026-08-22 12:15:00+00:00,2433.14,2437.88,2429.6,2435.62,1056.841389
2026-08-22 12:30:00+00:00,2435.62,2437.39,2427.79,2431.66,541.884181
2026-08-22 12:45:00+00:00,2431.56,2432.55,2427.28,2428.15,459.520393
2026-08-22 13:00:00+00:00,2428.14,2429.22,2424.44,2426.76,671.063098
2026-08-22 13:15:00+00:00,2426.77,2429.85,2422.1,2426.2,376.491585
2026-08-22 13:30:00+00:00,2426.2,2428.54,2421.35,2425.42,434.354614
2026-08-22 13:45:00+00:00,2425.53,2433.32,2424.47,2430.15,562.09981
2026-08-22 14:00:00+00:00,2430.24,2431.76,2413.61,2418.48,1398.974066
2026-08-22 14:15:00+00:00,2418.48,2420.99,2413.92,2420.81,658.064461
2026-08-22 14:30:00+00:00,2420.77,2424.4,2411.79,2412.63,1172.156604
2026-08-22 14:45:00+00:00,2412.65,2415.6,2409.33,2413.66,1268.226581
2026-08-22 15:00:00+00:00,2413.79,2416.59,2406.21,2406.4,930.558402
2026-08-22 15:15:00+00:00,2406.39,2412.0,2405.72,2411.17,1380.398646
2026-08-22 15:30:00+00:00,2411.21,2414.99,2410.15,2412.71,806.949256
2026-08-22 15:45:00+00:00,2412.63,2414.11,2409.3,2410.95,401.462232
2026-08-22 16:00:00+00:00,2411.0,2416.11,2409.19,2414.85,1448.289378
2026-08-22 16:15:00+00:00,2414.86,2422.72,2414.84,2420.56,1873.797752
2026-08-22 16:30:00+00:00,2420.58,2429.23,2419.34,2426.06,1214.034136
2026-08-22 16:45:00+00:00,2426.01,2429.79,2422.45,2422.76,969.718269
2026-08-22 17:00:00+00:00,2422.75,2425.53,2421.9,2424.09,295.220193
2026-08-22 17:15:00+00:00,2424.09,2429.03,2417.23,2419.15,690.025874
2026-08-22 17:30:00+00:00,2419.15,2425.55,2419.15,2425.15,863.031403
2026-08-22 17:45:00+00:00,2425.15,2431.69,2423.89,2426.67,1309.248817
2026-08-22 18:00:00+00:00,2426.66,2431.19,2425.41,2427.24,831.391771
2026-08-22 18:15:00+00:00,2427.24,2434.63,2427.12,2431.4,1040.915233
2026-08-22 18:30:00+00:00,2431.44,2434.27,2426.66,2426.77,1934.162039
2026-08-22 18:45:00+00:00,2426.77,2428.81,2421.7,2427.31,891.497396
2026-08-22 19:00:00+00:00,2427.29,2430.24,2424.01,2429.41,408.404052
2026-08-22 19:15:00+00:00,2429.41,2431.12,2426.89,2428.54,314.862329
2026-08-22 19:30:00+00:00,2428.36,2434.99,2428.36,2434.7,140.973191
2026-08-22 19:45:00+00:00,2434.7,2444.72,2433.81,2439.14,987.313319
2026-08-22 20:00:00+00:00,2439.15,2443.6,2436.46,2441.06,314.016933
2026-08-22 20:15:00+00:00,2441.03,2441.75,2437.21,2437.88,784.045018
2026-08-22 20:30:00+00:00,2437.88,2439.9,2435.06,2437.0,1276.603076
2026-08-22 20:45:00+00:00,2437.0,2437.86,2429.45,2431.96,1835.518737
2026-08-22 21:00:00+00:00,2431.96,2432.2,2412.66,2413.0,2689.396377
2026-08-22 21:15:00+00:00,2412.94,2422.5,2412.94,2422.03,1641.90618
2026-08-22 21:30:00+00:00,2422.03,2423.36,2408.81,2416.45,1625.009471
2026-08-22 21:45:00+00:00,2416.44,2416.44,2403.3,2407.43,851.337129
2026-08-22 22:00:00+00:00,2407.43,2421.43,2404.47,2419.85,1198.237575
2026-08-22 22:15:00+00:00,2419.82,2425.33,2417.3,2423.11,542.015523
2026-08-22 22:30:00+00:00,2423.15,2423.71,2408.63,2414.41,893.269739
2026-08-22 22:45:00+00:00,2414.58,2418.33,2411.84,2414.27,459.958925
2026-08-22 23:00:00+00:00,2414.28,2417.12,2410.96,2415.34,274.063897
2026-08-22 23:15:00+00:00,2415.36,2420.26,2414.43,2417.64,319.392478
2026-08-22 23:30:00+00:00,2417.65,2422.12,2415.62,2421.16,225.133141
2026-08-22 23:45:00+00:00,2421.0,2426.99,2420.77,2422.86,789.568776
2026-08-23 00:00:00+00:00,2422.57,2425.53,2420.0,2420.88,752.422615
2026-08-23 00:15:00+00:00,2420.89,2429.58,2419.77,2426.69,575.119082
2026-08-23 00:30:00+00:00,2426.69,2433.79,2426.01,2427.42,832.440566
2026-08-23 00:45:00+00:00,2427.38,2435.7,2426.6,2430.92,1041.378456
2026-08-23 01:00:00+00:00,2430.95,2431.24,2424.47,2430.02,590.921795
2026-08-23 01:15:00+00:00,2430.03,2433.32,2425.59,2430.07,529.619056
2026-08-23 01:30:00+00:00,2430.1,2433.0,2420.7,2426.55,785.255416
2026-08-23 01:45:00+00:00,2426.54,2429.76,2420.42,2423.07,678.003034
2026-08-23 02:00:00+00:00,2423.21,2424.51,2413.09,2413.78,808.046516
2026-08-23 02:15:00+00:00,2413.8,2419.7,2407.44,2416.09,1001.192593
2026-08-23 02:30:00+00:00,2416.06,2420.94,2415.41,2418.9,248.276547
2026-08-23 02:45:00+00:00,2418.93,2424.54,2416.13,2417.38,647.659613
2026-08-23 03:00:00+00:00,2417.3,2418.37,2413.26,2417.25,599.684898
2026-08-23 03:15:00+00:00,2417.38,2419.15,2412.1,2413.25,502.953345
2026-08-23 03:30:00+00:00,2413.23,2413.62,2408.22,2410.02,1447.20921
2026-08-23 03:45:00+00:00,2410.02,2414.73,2410.02,2413.99,400.298772
2026-08-23 04:00:00+00:00,2414.0,2417.14,2401.91,2414.4,1861.560149
2026-08-23 04:15:00+00:00,2414.4,2416.35,2404.0,2410.44,1281.09655
2026-08-23 04:30:00+00:00,2410.56,2411.03,2401.92,2402.81,1369.485631
2026-08-23 04:45:00+00:00,2402.85,2403.33,2372.47,2378.77,9369.164845
2026-08-23 05:00:00+00:00,2378.76,2384.76,2363.37,2366.09,5418.122622
2026-08-23 05:15:00+00:00,2366.08,2387.06,2356.19,2380.32,4890.105575
2026-08-23 05:30:00+00:00,2380.31,2384.41,2373.33,2376.91,1265.3692
2026-08-23 05:45:00+00:00,2376.83,2378.74,2373.2,2373.2,563.68739
2026-08-23 06:00:00+00:00,2373.32,2380.76,2370.08,2379.33,1408.257218
2026-08-23 06:15:00+00:00,2379.29,2393.1,2378.41,2389.93,2396.034478
2026-08-23 06:30:00+00:00,2389.74,2396.9,2387.55,2392.01,799.908894
2026-08-23 06:45:00+00:00,2392.01,2393.07,2386.22,2389.79,464.902337
2026-08-23 07:00:00+00:00,2389.79,2396.65,2387.4,2394.69,676.179362
2026-08-23 07:15:00+00:00,2394.51,2397.2,2392.02,2392.82,349.293409
2026-08-23 07:30:00+00:00,2392.78,2393.06,2388.48,2389.3,487.269015
2026-08-23 07:45:00+00:00,2389.3,2392.89,2385.72,2388.44,688.035505
2026-08-23 08:00:00+00:00,2388.79,2413.6,2386.4,2406.9,2735.193953
2026-08-23 08:15:00+00:00,2406.89,2411.34,2405.46,2406.85,1127.197325
2026-08-23 08:30:00+00:00,2406.96,2426.0,2406.96,2419.6,2265.948392
2026-08-23 08:45:00+00:00,2419.6,2421.5,2410.8,2412.5,1059.602327
2026-08-23 09:00:00+00:00,2412.5,2416.24,2410.6,2412.77,617.698674
2026-08-23 09:15:00+00:00,2412.94,2413.76,2407.2,2410.81,589.114598
2026-08-23 09:30:00+00:00,2410.8,2412.89,2404.65,2412.18,1112.309439
2026-08-23 09:45:00+00:00,2412.06,2415.75,2409.83,2411.19,981.236967
2026-08-23 10:00:00+00:00,2411.09,2417.14,2410.71,2414.23,546.653895
2026-08-23 10:15:00+00:00,2414.3,2421.53,2413.07,2413.62,821.576417
2026-08-23 10:30:00+00:00,2413.77,2418.39,2412.69,2416.54,423.295696
2026-08-23 10:45:00+00:00,2416.61,2417.64,2413.89,2415.11,278.024534
2026-08-23 11:00:00+00:00,2415.11,2420.5,2414.68,2420.18,184.466016
2026-08-23 11:15:00+00:00,2420.11,2432.75,2417.68,2427.31,1905.677575
2026-08-23 11:30:00+00:00,2427.44,2438.37,2426.0,2433.79,1383.822933
2026-08-23 11:45:00+00:00,2433.67,2434.13,2427.91,2433.6,934.636076
2026-08-23 12:00:00+00:00,2433.6,2433.73,2418.87,2422.58,1112.696069
2026-08-23 12:15:00+00:00,2422.78,2424.9,2420.83,2422.96,351.202159
2026-08-23 12:30:00+00:00,2423.05,2429.33,2422.99,2428.39,332.973729
2026-08-23 12:45:00+00:00,2428.37,2428.37,2424.3,2426.89,324.926006
2026-08-23 13:00:00+00:00,2426.89,2432.91,2426.87,2432.31,274.053617
2026-08-23 13:15:00+00:00,2432.29,2483.94,2432.01,2454.08,9127.22359
2026-08-23 13:30:00+00:00,2454.09,2458.79,2449.51,2455.87,1833.845265
2026-08-23 13:45:00+00:00,2455.89,2459.95,2451.63,2459.42,1236.64174
2026-08-23 14:00:00+00:00,2459.42,2468.85,2453.27,2463.95,1978.864541
2026-08-23 14:15:00+00:00,2464.0,2467.31,2454.81,2456.42,1002.287404
2026-08-23 14:30:00+00:00,2456.42,2457.7,2388.03,2420.18,9384.98465
2026-08-23 14:45:00+00:00,2420.16,2449.1,2420.16,2438.67,2539.277469
2026-08-23 15:00:00+00:00,2438.97,2441.0,2426.21,2433.21,1636.96161
2026-08-23 15:15:00+00:00,2433.26,2438.85,2421.67,2436.69,1331.893939
2026-08-23 15:30:00+00:00,2436.96,2452.7,2435.21,2446.51,1093.806383
2026-08-23 15:45:00+00:00,2446.51,2448.72,2436.0,2438.59,776.008185
2026-08-23 16:00:00+00:00,2438.87,2446.49,2438.84,2444.35,736.116525
2026-08-23 16:15:00+00:00,2444.3,2446.74,2441.31,2446.68,462.672416
2026-08-23 16:30:00+00:00,2446.68,2452.55,2444.7,2446.37,647.379807
2026-08-23 16:45:00+00:00,2446.5,2459.19,2445.45,2451.01,3744.099256
2026-08-23 17:00:00+00:00,2451.0,2454.59,2431.58,2447.86,5658.977152
2026-08-23 17:15:00+00:00,2447.86,2450.35,2438.56,2441.32,2259.175868
2026-08-23 17:30:00+00:00,2441.31,2444.4,2434.0,2438.88,925.683681
2026-08-23 17:45:00+00:00,2438.78,2446.65,2438.48,2440.33,835.34194
2026-08-23 18:00:00+00:00,2440.36,2449.51,2434.96,2445.28,1399.955227
2026-08-23 18:15:00+00:00,2445.12,2449.0,2444.2,2447.08,1513.353628
2026-08-23 18:30:00+00:00,2447.08,2449.04,2444.53,2447.91,1431.106607
2026-08-23 18:45:00+00:00,2447.91,2449.51,2444.87,2448.9,1582.324176
2026-08-23 19:00:00+00:00,2448.89,2450.64,2441.52,2443.77,1701.840645
2026-08-23 19:15:00+00:00,2443.77,2445.27,2441.45,2443.01,366.531234
2026-08-23 19:30:00+00:00,2443.01,2448.31,2437.26,2448.06,611.39056
2026-08-23 19:45:00+00:00,2448.05,2454.59,2444.8,2444.81,1049.642378
2026-08-23 20:00:00+00:00,2444.81,2444.85,2436.41,2441.45,794.077427
2026-08-23 20:15:00+00:00,2441.46,2449.02,2440.68,2445.74,370.420463
2026-08-23 20:30:00+00:00,2445.75,2450.43,2445.75,2450.2,1147.366947
2026-08-23 20:45:00+00:00,2450.28,2450.87,2447.14,2450.59,1175.446666
2026-08-23 21:00:00+00:00,2450.59,2469.34,2450.58,2466.02,2399.566096
2026-08-23 21:15:00+00:00,2466.02,2479.69,2466.02,2477.28,1923.774418
2026-08-23 21:30:00+00:00,2477.19,2484.93,2459.8,2461.54,2306.218437
2026-08-23 21:45:00+00:00,2461.63,2479.04,2461.63,2469.96,1713.208697
2026-08-23 22:00:00+00:00,2469.96,2474.94,2455.3,2463.63,1541.597778
2026-08-23 22:15:00+00:00,2463.4,2467.24,2458.03,2460.71,760.259878
2026-08-23 22:30:00+00:00,2460.33,2463.15,2456.27,2459.14,726.158896
2026-08-23 22:45:00+00:00,2459.15,2461.33,2452.01,2455.14,1171.075095
2026-08-23 23:00:00+00:00,2455.15,2455.77,2441.33,2448.69,2099.221469
2026-08-23 23:15:00+00:00,2448.72,2459.88,2447.89,2458.35,1018.307343
2026-08-23 23:30:00+00:00,2458.52,2470.75,2448.7,2453.87,2395.893568
2026-08-23 23:45:00+00:00,2453.81,2466.14,2453.43,2463.43,1226.530669
2026-08-24 00:00:00+00:00,2463.42,2463.99,2452.78,2458.74,1020.045933
2026-08-24 00:15:00+00:00,2458.68,2460.0,2443.94,2450.89,5625.988525
2026-08-24 00:30:00+00:00,2451.32,2459.99,2444.49,2445.36,1272.935463
2026-08-24 00:45:00+00:00,2445.36,2465.9,2442.0,2465.37,1624.729875
2026-08-24 01:00:00+00:00,2465.4,2466.75,2453.94,2454.05,1065.706445
2026-08-24 01:15:00+00:00,2454.03,2454.2,2442.5,2444.71,1110.925145
2026-08-24 01:30:00+00:00,2444.71,2449.54,2434.96,2439.3,1657.733887
2026-08-24 01:45:00+00:00,2439.3,2441.35,2427.24,2429.48,1595.139382
2026-08-24 02:00:00+00:00,2429.55,2446.14,2424.23,2444.01,1448.260368
2026-08-24 02:15:00+00:00,2444.25,2449.88,2444.25,2447.62,697.714123
2026-08-24 02:30:00+00:00,2447.69,2451.51,2444.74,2445.84,732.553226
2026-08-24 02:45:00+00:00,2445.83,2446.02,2434.35,2443.68,818.38781
2026-08-24 03:00:00+00:00,2443.93,2445.26,2435.43,2436.32,561.549245
2026-08-24 03:15:00+00:00,2436.28,2443.74,2433.5,2434.21,622.966664
2026-08-24 03:30:00+00:00,2434.2,2438.39,2426.5,2435.51,1043.083224
2026-08-24 03:45:00+00:00,2435.46,2441.24,2428.01,2430.76,653.852916
2026-08-24 04:00:00+00:00,2430.67,2439.43,2430.66,2438.83,535.64294
2026-08-24 04:15:00+00:00,2438.82,2446.74,2438.82,2446.2,1948.244579
2026-08-24 04:30:00+00:00,2446.24,2446.74,2437.89,2442.98,728.979548
2026-08-24 04:45:00+00:00,2443.0,2443.82,2428.4,2438.18,1136.005799
2026-08-24 05:00:00+00:00,2438.18,2458.65,2433.71,2457.63,2200.785024
2026-08-24 05:15:00+00:00,2457.53,2459.86,2447.71,2450.41,1847.584506
2026-08-24 05:30:00+00:00,2450.4,2452.53,2437.9,2448.29,1374.487898
2026-08-24 05:45:00+00:00,2448.23,2449.92,2444.45,2449.04,692.780912
2026-08-24 06:00:00+00:00,2448.98,2457.48,2444.36,2456.63,911.901033
2026-08-24 06:15:00+00:00,2456.6,2458.66,2452.09,2454.13,914.377834
2026-08-24 06:30:00+00:00,2453.86,2455.1,2445.21,2447.46,496.495367
2026-08-24 06:45:00+00:00,2447.59,2464.07,2446.74,2456.67,2155.933417
2026-08-24 07:00:00+00:00,2456.61,2474.18,2455.21,2470.25,2224.435506
2026-08-24 07:15:00+00:00,2470.24,2470.24,2459.88,2462.29,921.54286
2026-08-24 07:30:00+00:00,2461.94,2461.94,2452.31,2452.62,1207.161436
2026-08-24 07:45:00+00:00,2452.6,2459.13,2452.43,2454.62,1467.434938
2026-08-24 08:00:00+00:00,2454.76,2459.41,2448.01,2449.39,1196.606166
2026-08-24 08:15:00+00:00,2449.39,2449.7,2436.37,2439.79,1755.202797
2026-08-24 08:30:00+00:00,2439.78,2453.33,2439.27,2453.11,732.614916
2026-08-24 08:45:00+00:00,2453.23,2456.72,2450.2,2454.51,791.491819
2026-08-24 09:00:00+00:00,2454.51,2462.95,2453.42,2461.81,862.39441
2026-08-24 09:15:00+00:00,2461.81,2463.06,2453.77,2459.9,636.036094
2026-08-24 09:30:00+00:00,2460.09,2464.63,2459.01,2462.19,773.882524
2026-08-24 09:45:00+00:00,2462.2,2465.18,2461.15,2462.99,445.614975
2026-08-24 10:00:00+00:00,2463.0,2490.0,2462.21,2482.79,4500.698398
2026-08-24 10:15:00+00:00,2482.7,2484.0,2470.78,2472.24,1963.53323
2026-08-24 10:30:00+00:00,2472.33,2477.95,2463.69,2466.34,1338.381484
2026-08-24 10:45:00+00:00,2466.25,2470.55,2461.76,2465.27,651.397445
2026-08-24 11:00:00+00:00,2465.21,2470.7,2454.54,2468.75,1682.081952
2026-08-24 11:15:00+00:00,2468.71,2473.51,2465.41,2471.98,679.342292
2026-08-24 11:30:00+00:00,2472.01,2506.79,2471.25,2506.41,5231.396235
2026-08-24 11:45:00+00:00,2506.41,2508.68,2488.01,2494.07,2335.648394
2026-08-24 12:00:00+00:00,2494.07,2494.39,2482.67,2484.29,1022.009078
2026-08-24 12:15:00+00:00,2484.29,2494.53,2474.76,2493.33,1892.424648
2026-08-24 12:30:00+00:00,2493.33,2506.33,2487.5,2499.92,2302.233659
2026-08-24 12:45:00+00:00,2499.91,2518.59,2498.71,2512.99,5346.004874
2026-08-24 13:00:00+00:00,2512.91,2519.91,2501.95,2515.68,4996.56373
2026-08-24 13:15:00+00:00,2515.69,2516.9,2504.6,2507.18,2070.371421
2026-08-24 13:30:00+00:00,2507.3,2507.3,2483.1,2486.43,4803.13116
2026-08-24 13:45:00+00:00,2486.4,2495.73,2476.11,2493.71,2895.279343
2026-08-24 14:00:00+00:00,2493.5,2512.32,2491.43,2511.25,5231.945529
2026-08-24 14:15:00+00:00,2511.22,2528.0,2502.51,2516.84,4639.48089
2026-08-24 14:30:00+00:00,2516.73,2532.0,2515.2,2522.58,7232.305836
2026-08-24 14:45:00+00:00,2522.56,2524.52,2509.11,2515.93,2357.340804
2026-08-24 15:00:00+00:00,2516.04,2521.64,2510.55,2515.8,1732.712678
2026-08-24 15:15:00+00:00,2515.58,2533.33,2514.61,2525.12,4079.098829
2026-08-24 15:30:00+00:00,2524.87,2525.28,2488.88,2494.71,4392.83869
2026-08-24 15:45:00+00:00,2494.66,2502.54,2479.37,2487.87,3871.716633
2026-08-24 16:00:00+00:00,2487.87,2506.52,2485.34,2498.76,2798.467156
2026-08-24 16:15:00+00:00,2498.59,2506.0,2497.89,2499.75,1693.419315
2026-08-24 16:30:00+00:00,2499.62,2501.12,2489.53,2489.65,1663.740804
2026-08-24 16:45:00+00:00,2489.59,2491.51,2468.81,2478.19,3562.220559
2026-08-24 17:00:00+00:00,2478.13,2484.19,2463.13,2476.68,2907.616273
2026-08-24 17:15:00+00:00,2476.55,2479.99,2455.0,2458.26,4046.15155
2026-08-24 17:30:00+00:00,2458.3,2469.56,2456.63,2460.96,1495.750594
2026-08-24 17:45:00+00:00,2460.88,2470.13,2458.21,2468.93,1342.584403
2026-08-24 18:00:00+00:00,2469.21,2483.33,2469.03,2482.2,1577.205491
2026-08-24 18:15:00+00:00,2482.21,2483.0,2474.74,2479.45,878.59165
2026-08-24 18:30:00+00:00,2479.54,2482.4,2467.19,2476.45,1210.412062
2026-08-24 18:45:00+00:00,2476.6,2480.53,2472.64,2474.15,846.566882
2026-08-24 19:00:00+00:00,2474.24,2477.81,2464.73,2473.94,1757.094025
2026-08-24 19:15:00+00:00,2473.76,2475.52,2461.91,2470.47,970.024618
2026-08-24 19:30:00+00:00,2470.48,2474.35,2467.81,2471.63,427.606554
2026-08-24 19:45:00+00:00,2471.75,2472.49,2464.74,2471.09,611.525536
2026-08-24 20:00:00+00:00,2471.4,2475.64,2465.54,2472.32,572.192466
2026-08-24 20:15:00+00:00,2472.24,2472.56,2466.23,2468.73,455.388367
2026-08-24 20:30:00+00:00,2468.74,2479.21,2466.21,2474.33,793.860533
2026-08-24 20:45:00+00:00,2474.14,2475.72,2471.32,2475.72,233.606945
2026-08-24 21:00:00+00:00,2475.32,2484.61,2475.32,2484.32,1526.474554
2026-08-24 21:15:00+00:00,2484.32,2484.66,2479.0,2481.76,428.228503
2026-08-24 21:30:00+00:00,2481.77,2484.48,2480.01,2483.58,171.491375
2026-08-24 21:45:00+00:00,2483.41,2489.0,2481.62,2483.79,624.873315
2026-08-24 22:00:00+00:00,2483.8,2485.67,2479.37,2481.31,284.149406
2026-08-24 22:15:00+00:00,2481.3,2482.58,2475.85,2477.8,429.642801
2026-08-24 22:30:00+00:00,2477.9,2484.67,2476.67,2476.98,529.001079
2026-08-24 22:45:00+00:00,2476.98,2480.4,2472.6,2474.38,691.995954
2026-08-24 23:00:00+00:00,2474.39,2479.31,2470.81,2477.52,400.635905
2026-08-24 23:15:00+00:00,2477.51,2484.95,2476.81,2483.0,502.798925
2026-08-24 23:30:00+00:00,2483.0,2487.13,2481.78,2485.35,481.33095
2026-08-24 23:45:00+00:00,2485.17,2486.6,2477.01,2482.2,675.847977
2026-08-25 00:00:00+00:00,2482.03,2484.77,2477.47,2479.4,973.259367
2026-08-25 00:15:00+00:00,2479.29,2482.6,2472.36,2479.14,755.559982
2026-08-25 00:30:00+00:00,2479.12,2494.1,2476.61,2492.85,1049.37116
2026-08-25 00:45:00+00:00,2492.84,2504.99,2489.91,2493.59,2449.401815
2026-08-25 01:00:00+00:00,2493.55,2500.0,2487.72,2489.04,1261.975535
2026-08-25 01:15:00+00:00,2488.93,2504.57,2484.82,2498.56,1597.702727
2026-08-25 01:30:00+00:00,2498.56,2502.18,2494.25,2494.41,914.067115
2026-08-25 01:45:00+00:00,2494.66,2497.0,2489.24,2495.76,655.459915
2026-08-25 02:00:00+00:00,2495.8,2498.5,2492.54,2494.4,524.72523
2026-08-25 02:15:00+00:00,2494.4,2533.0,2493.6,2529.81,9276.128387
2026-08-25 02:30:00+00:00,2529.81,2532.51,2514.61,2517.42,3881.918624
2026-08-25 02:45:00+00:00,2517.41,2518.93,2502.05,2507.65,2081.237212
2026-08-25 03:00:00+00:00,2507.84,2514.58,2505.08,2511.3,1220.700559
2026-08-25 03:15:00+00:00,2511.26,2511.95,2504.24,2505.76,922.458433
2026-08-25 03:30:00+00:00,2505.72,2509.5,2496.77,2498.99,1860.57036
2026-08-25 03:45:00+00:00,2498.96,2501.59,2489.09,2499.07,1892.538665
2026-08-25 04:00:00+00:00,2499.1,2503.97,2493.0,2500.23,1044.702827
2026-08-25 04:15:00+00:00,2500.13,2500.78,2492.0,2494.31,1362.562795
2026-08-25 04:30:00+00:00,2494.32,2497.84,2488.88,2491.72,1385.359377
2026-08-25 04:45:00+00:00,2491.65,2495.79,2490.44,2494.78,863.787324
2026-08-25 05:00:00+00:00,2494.76,2501.99,2493.74,2500.82,903.91049
2026-08-25 05:15:00+00:00,2500.81,2511.81,2500.21,2508.71,1397.176752
2026-08-25 05:30:00+00:00,2508.82,2511.6,2506.91,2506.95,948.882843
2026-08-25 05:45:00+00:00,2506.95,2511.07,2505.51,2508.8,571.000877
2026-08-25 06:00:00+00:00,2508.83,2510.53,2507.03,2510.05,502.165439
2026-08-25 06:15:00+00:00,2510.04,2515.38,2508.86,2510.4,1412.074134
2026-08-25 06:30:00+00:00,2510.4,2510.4,2499.3,2504.2,1489.405764
2026-08-25 06:45:00+00:00,2504.21,2504.72,2496.5,2501.12,729.686611
2026-08-25 07:00:00+00:00,2501.13,2512.99,2500.13,2507.22,1151.106282
2026-08-25 07:15:00+00:00,2507.12,2508.18,2502.83,2504.93,448.945156
2026-08-25 07:30:00+00:00,2504.84,2504.84,2496.55,2499.25,663.102843
2026-08-25 07:45:00+00:00,2499.42,2499.95,2464.25,2479.3,5589.913512
2026-08-25 08:00:00+00:00,2479.29,2486.56,2474.7,2485.89,1770.053632
2026-08-25 08:15:00+00:00,2485.56,2498.21,2485.5,2494.06,1400.324946
2026-08-25 08:30:00+00:00,2494.19,2496.2,2485.56,2490.52,944.5551
2026-08-25 08:45:00+00:00,2490.48,2491.31,2481.23,2484.95,765.872075
2026-08-25 09:00:00+00:00,2485.0,2489.59,2479.63,2487.6,811.65171
2026-08-25 09:15:00+00:00,2487.61,2492.6,2483.92,2487.15,516.56738
2026-08-25 09:30:00+00:00,2487.4,2491.25,2486.03,2486.03,387.145118
2026-08-25 09:45:00+00:00,2486.01,2487.0,2463.55,2474.73,2731.798026
2026-08-25 10:00:00+00:00,2474.73,2479.98,2469.64,2478.2,811.247706
2026-08-25 10:15:00+00:00,2478.22,2479.98,2475.07,2476.19,379.019577
2026-08-25 10:30:00+00:00,2476.19,2478.96,2474.43,2478.11,397.686068
2026-08-25 10:45:00+00:00,2478.02,2486.16,2478.02,2482.06,551.889012
2026-08-25 11:00:00+00:00,2482.04,2484.0,2474.61,2475.59,612.183124
2026-08-25 11:15:00+00:00,2475.58,2479.29,2474.6,2478.33,383.414735
2026-08-25 11:30:00+00:00,2478.37,2486.3,2478.21,2479.26,689.592102
2026-08-25 11:45:00+00:00,2479.23,2483.53,2477.11,2477.96,415.752125
2026-08-25 12:00:00+00:00,2478.0,2481.4,2467.17,2477.91,1300.461152
2026-08-25 12:15:00+00:00,2477.77,2477.77,2458.19,2468.26,2612.512455
2026-08-25 12:30:00+00:00,2468.1,2471.42,2460.24,2469.75,993.919389
2026-08-25 12:45:00+00:00,2469.72,2476.8,2468.25,2473.58,862.983616
2026-08-25 13:00:00+00:00,2473.72,2476.27,2465.65,2467.58,817.529626
2026-08-25 13:15:00+00:00,2467.6,2467.79,2455.0,2457.7,2063.519095
2026-08-25 13:30:00+00:00,2457.88,2477.14,2455.81,2464.69,3963.907045
2026-08-25 13:45:00+00:00,2464.96,2465.87,2439.87,2461.14,5490.318027
2026-08-25 14:00:00+00:00,2460.91,2473.17,2454.48,2467.52,2398.887755
2026-08-25 14:15:00+00:00,2467.53,2480.96,2464.86,2475.62,1932.008315
2026-08-25 14:30:00+00:00,2475.6,2484.24,2470.61,2474.6,1945.358029
2026-08-25 14:45:00+00:00,2474.72,2479.56,2474.72,2477.0,728.944935
2026-08-25 15:00:00+00:00,2477.01,2478.38,2467.73,2467.75,1067.124093
2026-08-25 15:15:00+00:00,2468.01,2477.69,2466.26,2474.84,888.018215
2026-08-25 15:30:00+00:00,2475.0,2480.29,2470.57,2477.71,1424.039694
2026-08-25 15:45:00+00:00,2477.8,2483.97,2472.46,2482.94,801.655185
2026-08-25 16:00:00+00:00,2482.83,2485.64,2472.51,2473.89,1268.262723
2026-08-25 16:15:00+00:00,2473.81,2477.12,2467.08,2471.82,688.817826
2026-08-25 16:30:00+00:00,2471.8,2478.75,2471.48,2475.67,407.882991
2026-08-25 16:45:00+00:00,2475.77,2479.54,2469.29,2470.79,416.022642
2026-08-25 17:00:00+00:00,2470.63,2471.55,2456.0,2462.82,1681.457071
2026-08-25 17:15:00+00:00,2463.16,2466.64,2457.41,2458.39,836.353884
2026-08-25 17:30:00+00:00,2458.39,2469.63,2458.39,2468.16,597.59866
2026-08-25 17:45:00+00:00,2468.16,2471.23,2467.07,2471.2,584.101491
2026-08-25 18:00:00+00:00,2471.19,2474.98,2470.35,2473.66,486.099478
2026-08-25 18:15:00+00:00,2473.69,2474.99,2471.23,2472.98,166.882749
2026-08-25 18:30:00+00:00,2472.86,2472.86,2465.85,2468.35,1503.97004
2026-08-25 18:45:00+00:00,2468.41,2470.48,2464.39,2467.45,336.700417
2026-08-25 19:00:00+00:00,2467.46,2469.59,2463.01,2468.21,355.099612
2026-08-25 19:15:00+00:00,2468.22,2470.16,2462.41,2462.69,1350.124584
2026-08-25 19:30:00+00:00,2462.77,2462.85,2455.39,2456.17,1384.229193
2026-08-25 19:45:00+00:00,2456.18,2464.22,2456.18,2463.3,679.554444
2026-08-25 20:00:00+00:00,2463.45,2464.22,2448.79,2458.11,1099.514538
2026-08-25 20:15:00+00:00,2458.06,2461.53,2456.48,2456.63,317.656649
2026-08-25 20:30:00+00:00,2456.49,2456.99,2442.65,2446.5,1408.613915
2026-08-25 20:45:00+00:00,2446.48,2448.37,2433.26,2436.5,3003.614828
2026-08-25 21:00:00+00:00,2436.6,2441.37,2414.92,2430.5,6805.715869
2026-08-25 21:15:00+00:00,2430.49,2435.0,2424.21,2434.13,1667.381895
2026-08-25 21:30:00+00:00,2433.96,2442.72,2432.6,2441.34,959.447596
2026-08-25 21:45:00+00:00,2441.08,2444.03,2439.45,2441.99,1064.548198
2026-08-25 22:00:00+00:00,2442.0,2451.99,2442.0,2451.83,1114.239929
2026-08-25 22:15:00+00:00,2451.83,2453.03,2442.29,2446.56,761.769656
2026-08-25 22:30:00+00:00,2446.69,2450.82,2444.32,2449.95,526.097299
2026-08-25 22:45:00+00:00,2449.85,2455.69,2449.43,2453.72,448.145397
2026-08-25 23:00:00+00:00,2453.74,2456.77,2451.8,2455.09,608.267065
2026-08-25 23:15:00+00:00,2455.09,2456.43,2448.43,2452.57,489.632197
2026-08-25 23:30:00+00:00,2452.48,2452.6,2443.08,2444.44,510.776652
2026-08-25 23:45:00+00:00,2444.39,2444.43,2437.02,2442.6,981.345795
2026-08-26 00:00:00+00:00,2442.67,2445.32,2435.79,2437.11,770.872476
2026-08-26 00:15:00+00:00,2437.01,2443.91,2436.61,2443.68,248.468059
2026-08-26 00:30:00+00:00,2443.8,2446.25,2437.2,2440.47,535.144551
2026-08-26 00:45:00+00:00,2440.26,2450.39,2439.04,2446.47,726.123533
2026-08-26 01:00:00+00:00,2446.43,2459.99,2445.07,2453.72,1285.620424
2026-08-26 01:15:00+00:00,2453.73,2457.6,2452.46,2453.3,603.242945
2026-08-26 01:30:00+00:00,2453.32,2462.5,2453.32,2457.93,584.462786
2026-08-26 01:45:00+00:00,2457.93,2457.93,2454.13,2456.1,643.07367
2026-08-26 02:00:00+00:00,2456.11,2459.0,2454.09,2455.52,271.90693
2026-08-26 02:15:00+00:00,2455.42,2468.19,2455.11,2467.95,1135.579255
2026-08-26 02:30:00+00:00,2467.96,2470.0,2465.14,2467.3,606.964258
2026-08-26 02:45:00+00:00,2467.3,2469.0,2464.31,2465.25,622.159408
2026-08-26 03:00:00+00:00,2465.25,2468.19,2462.42,2463.01,229.990319
2026-08-26 03:15:00+00:00,2463.05,2466.51,2460.32,2463.5,257.225936
2026-08-26 03:30:00+00:00,2463.4,2468.0,2458.72,2464.9,575.387274
2026-08-26 03:45:00+00:00,2465.0,2467.38,2461.3,2465.74,629.653392
2026-08-26 04:00:00+00:00,2465.75,2472.67,2462.01,2466.5,1189.680607
2026-08-26 04:15:00+00:00,2466.5,2470.14,2465.25,2466.45,807.023082
2026-08-26 04:30:00+00:00,2466.54,2467.53,2462.8,2464.53,723.938982
2026-08-26 04:45:00+00:00,2464.52,2464.52,2455.7,2456.97,1808.937484
2026-08-26 05:00:00+00:00,2456.97,2460.16,2451.53,2457.98,874.274688
2026-08-26 05:15:00+00:00,2457.93,2463.99,2454.13,2463.25,881.266217
2026-08-26 05:30:00+00:00,2463.25,2468.18,2462.4,2465.43,602.7196
2026-08-26 05:45:00+00:00,2465.55,2465.55,2461.15,2465.0,655.371056
2026-08-26 06:00:00+00:00,2464.78,2467.71,2461.21,2461.8,567.871207
2026-08-26 06:15:00+00:00,2461.53,2462.36,2454.77,2457.13,538.067501
2026-08-26 06:30:00+00:00,2457.0,2460.65,2453.67,2460.33,867.596251
2026-08-26 06:45:00+00:00,2460.34,2461.48,2457.73,2459.84,313.639463
2026-08-26 07:00:00+00:00,2459.93,2468.51,2457.41,2464.79,721.096621
2026-08-26 07:15:00+00:00,2464.8,2466.85,2461.59,2463.59,308.392062
2026-08-26 07:30:00+00:00,2463.5,2466.99,2461.58,2464.91,392.439047
2026-08-26 07:45:00+00:00,2464.9,2467.03,2461.3,2461.81,346.118653
2026-08-26 08:00:00+00:00,2461.81,2469.51,2459.42,2465.0,524.864715
2026-08-26 08:15:00+00:00,2465.01,2466.48,2458.21,2462.7,427.199053
2026-08-26 08:30:00+00:00,2462.71,2464.41,2460.2,2463.84,314.688581
2026-08-26 08:45:00+00:00,2463.8,2463.95,2453.68,2456.46,565.416038
2026-08-26 09:00:00+00:00,2456.47,2461.0,2454.64,2456.04,616.094213
2026-08-26 09:15:00+00:00,2456.05,2456.38,2445.88,2450.81,1311.869569
2026-08-26 09:30:00+00:00,2450.81,2453.55,2444.47,2444.93,514.834142
2026-08-26 09:45:00+00:00,2444.93,2449.79,2443.0,2447.96,369.951333
2026-08-26 10:00:00+00:00,2447.85,2449.98,2444.68,2449.61,432.826624
2026-08-26 10:15:00+00:00,2449.6,2455.0,2449.28,2454.69,441.247732
2026-08-26 10:30:00+00:00,2454.69,2470.41,2454.2,2465.18,2286.046533
2026-08-26 10:45:00+00:00,2465.22,2475.85,2463.8,2468.75,1900.75878
2026-08-26 11:00:00+00:00,2468.9,2473.24,2466.24,2468.4,704.465572
2026-08-26 11:15:00+00:00,2468.4,2469.14,2465.0,2465.9,329.004324
2026-08-26 11:30:00+00:00,2465.88,2467.59,2456.44,2461.88,800.926163
2026-08-26 11:45:00+00:00,2461.89,2468.95,2459.48,2463.12,1543.593531
2026-08-26 12:00:00+00:00,2463.25,2465.97,2458.94,2460.72,1322.574497
2026-08-26 12:15:00+00:00,2460.66,2472.17,2457.39,2471.33,1858.246734
2026-08-26 12:30:00+00:00,2471.41,2471.41,2445.0,2455.26,5471.355748
2026-08-26 12:45:00+00:00,2455.44,2460.53,2452.64,2455.22,1057.971972
2026-08-26 13:00:00+00:00,2455.22,2458.45,2442.21,2446.36,2078.09271
2026-08-26 13:15:00+00:00,2446.15,2448.49,2437.5,2444.6,2111.826088
2026-08-26 13:30:00+00:00,2444.59,2459.09,2443.81,2458.69,2176.859852
2026-08-26 13:45:00+00:00,2458.92,2463.12,2450.0,2457.52,1259.211447
2026-08-26 14:00:00+00:00,2457.54,2462.0,2453.46,2456.34,1171.63754
2026-08-26 14:15:00+00:00,2456.24,2461.81,2448.8,2450.74,800.078283
2026-08-26 14:30:00+00:00,2450.7,2452.65,2444.63,2444.94,1093.005505
2026-08-26 14:45:00+00:00,2444.9,2447.69,2438.75,2439.36,1643.908531
2026-08-26 15:00:00+00:00,2439.35,2443.37,2432.41,2441.29,2055.59846
2026-08-26 15:15:00+00:00,2441.3,2455.34,2436.49,2454.46,1850.008868
2026-08-26 15:30:00+00:00,2454.43,2454.75,2441.75,2448.16,1029.418624
2026-08-26 15:45:00+00:00,2448.32,2453.23,2448.32,2450.08,740.110758
2026-08-26 16:00:00+00:00,2450.02,2455.96,2447.41,2450.41,1023.406371
2026-08-26 16:15:00+00:00,2450.4,2453.61,2447.55,2449.1,1213.021788
2026-08-26 16:30:00+00:00,2449.05,2453.83,2438.0,2438.64,1386.184762
2026-08-26 16:45:00+00:00,2438.75,2451.86,2438.75,2444.81,831.722461
2026-08-26 17:00:00+00:00,2444.83,2448.78,2443.94,2447.58,366.079171
2026-08-26 17:15:00+00:00,2447.53,2463.54,2447.41,2463.16,1209.284456
2026-08-26 17:30:00+00:00,2463.0,2467.18,2461.31,2461.38,1148.102497
2026-08-26 17:45:00+00:00,2461.38,2463.16,2455.69,2460.8,873.832901
2026-08-26 18:00:00+00:00,2460.81,2471.42,2458.8,2467.4,991.230569
2026-08-26 18:15:00+00:00,2467.53,2469.39,2461.82,2463.09,384.221087
2026-08-26 18:30:00+00:00,2463.1,2467.0,2462.4,2464.6,392.405107
2026-08-26 18:45:00+00:00,2464.65,2474.47,2464.62,2472.76,1281.278182
2026-08-26 19:00:00+00:00,2472.91,2473.64,2469.01,2470.38,412.262797
2026-08-26 19:15:00+00:00,2470.38,2484.04,2470.21,2480.07,2006.923918
2026-08-26 19:30:00+00:00,2480.07,2480.63,2467.8,2471.1,1017.184556
2026-08-26 19:45:00+00:00,2471.17,2473.8,2469.4,2470.8,928.698766
2026-08-26 20:00:00+00:00,2470.66,2474.54,2468.89,2469.08,316.494706
2026-08-26 20:15:00+00:00,2469.13,2470.97,2460.41,2468.99,904.621836
2026-08-26 20:30:00+00:00,2468.99,2469.91,2464.17,2469.0,205.520983
2026-08-26 20:45:00+00:00,2468.99,2472.93,2467.97,2472.48,235.504912
2026-08-26 21:00:00+00:00,2472.48,2494.63,2470.52,2492.4,2164.737715
2026-08-26 21:15:00+00:00,2492.6,2505.17,2488.11,2500.6,2172.762027
2026-08-26 21:30:00+00:00,2500.47,2501.21,2493.9,2494.33,479.724182
2026-08-26 21:45:00+00:00,2494.27,2498.62,2491.69,2496.81,421.934804
2026-08-26 22:00:00+00:00,2496.77,2507.2,2494.41,2503.15,1481.91861
2026-08-26 22:15:00+00:00,2503.16,2515.0,2502.62,2506.31,2490.35333
2026-08-26 22:30:00+00:00,2506.07,2506.79,2494.8,2497.86,1166.117436
2026-08-26 22:45:00+00:00,2498.02,2498.15,2489.56,2493.51,668.754663
2026-08-26 23:00:00+00:00,2493.71,2495.75,2488.21,2490.47,456.628049
2026-08-26 23:15:00+00:00,2490.41,2501.6,2489.9,2499.08,1125.762697
2026-08-26 23:30:00+00:00,2499.09,2507.78,2498.2,2507.22,929.777906
2026-08-26 23:45:00+00:00,2507.27,2512.57,2501.17,2507.01,1773.868434
2026-08-27 00:00:00+00:00,2507.02,2510.56,2500.01,2502.59,1399.244588
2026-08-27 00:15:00+00:00,2502.6,2506.71,2498.85,2501.08,670.235606
2026-08-27 00:30:00+00:00,2501.09,2501.78,2494.62,2496.31,530.349792
2026-08-27 00:45:00+00:00,2496.25,2497.43,2492.0,2492.01,782.848716
2026-08-27 01:00:00+00:00,2492.0,2495.3,2487.04,2489.55,988.52014
2026-08-27 01:15:00+00:00,2489.64,2505.55,2487.61,2503.14,1052.183108
2026-08-27 01:30:00+00:00,2503.15,2505.75,2492.97,2492.97,924.270403
2026-08-27 01:45:00+00:00,2492.96,2506.0,2492.79,2497.85,1090.776457
2026-08-27 02:00:00+00:00,2498.0,2505.0,2497.63,2502.54,622.14492
2026-08-27 02:15:00+00:00,2502.35,2502.6,2494.41,2496.2,435.592647
2026-08-27 02:30:00+00:00,2496.3,2498.43,2493.24,2494.33,282.119311
2026-08-27 02:45:00+00:00,2494.33,2496.2,2493.41,2494.89,177.754641
2026-08-27 03:00:00+00:00,2494.89,2497.19,2490.9,2491.23,199.478852
2026-08-27 03:15:00+00:00,2491.4,2499.16,2489.49,2497.99,866.156716
2026-08-27 03:30:00+00:00,2497.96,2498.59,2492.25,2492.26,227.118847
2026-08-27 03:45:00+00:00,2492.26,2494.76,2489.49,2493.09,426.093792
2026-08-27 04:00:00+00:00,2493.25,2495.0,2491.43,2494.32,288.880543
2026-08-27 04:15:00+00:00,2494.32,2495.79,2492.06,2492.06,212.492122
2026-08-27 04:30:00+00:00,2492.0,2492.0,2484.27,2489.4,737.147215
2026-08-27 04:45:00+00:00,2489.47,2491.67,2484.47,2487.75,271.498831
2026-08-27 05:00:00+00:00,2487.76,2488.79,2483.7,2485.73,523.65624
2026-08-27 05:15:00+00:00,2485.69,2491.56,2484.0,2485.4,313.651419
2026-08-27 05:30:00+00:00,2485.39,2490.97,2481.87,2488.41,445.344236
2026-08-27 05:45:00+00:00,2488.41,2497.85,2488.1,2496.9,938.567815
2026-08-27 06:00:00+00:00,2496.72,2496.72,2485.25,2488.86,536.923663
2026-08-27 06:15:00+00:00,2488.87,2488.92,2484.36,2485.92,375.983315
2026-08-27 06:30:00+00:00,2485.83,2488.95,2485.82,2488.35,175.305333
2026-08-27 06:45:00+00:00,2488.36,2493.47,2488.36,2493.2,457.095628
2026-08-27 07:00:00+00:00,2493.15,2495.55,2490.61,2494.21,395.016601
2026-08-27 07:15:00+00:00,2494.39,2494.39,2488.81,2490.89,310.235542
2026-08-27 07:30:00+00:00,2490.89,2494.39,2490.49,2491.72,634.846274
2026-08-27 07:45:00+00:00,2491.71,2499.03,2491.21,2497.4,550.704765
2026-08-27 08:00:00+00:00,2497.34,2528.64,2497.18,2519.79,6446.644544
2026-08-27 08:15:00+00:00,2519.8,2535.0,2511.11,2534.0,6123.923036
2026-08-27 08:30:00+00:00,2533.8,2546.0,2527.08,2536.35,5041.510079
2026-08-27 08:45:00+00:00,2536.34,2540.61,2529.17,2531.04,2103.810222
2026-08-27 09:00:00+00:00,2531.33,2537.0,2525.82,2535.57,1593.134602
2026-08-27 09:15:00+00:00,2535.57,2566.46,2531.04,2554.55,9283.214518
2026-08-27 09:30:00+00:00,2554.55,2556.52,2538.88,2541.72,2378.054378
2026-08-27 09:45:00+00:00,2541.77,2545.6,2532.62,2534.74,807.648839
2026-08-27 10:00:00+00:00,2534.88,2539.99,2526.01,2530.18,1632.338361
2026-08-27 10:15:00+00:00,2530.19,2532.49,2487.0,2510.85,6448.220387
2026-08-27 10:30:00+00:00,2510.68,2513.25,2496.87,2506.14,1700.409961
2026-08-27 10:45:00+00:00,2506.11,2506.92,2501.35,2503.8,476.896707
2026-08-27 11:00:00+00:00,2503.8,2508.96,2501.85,2508.11,977.476451
2026-08-27 11:15:00+00:00,2508.07,2510.36,2499.0,2501.65,1155.609764
2026-08-27 11:30:00+00:00,2501.54,2505.68,2498.26,2503.7,1458.763044
2026-08-27 11:45:00+00:00,2503.69,2503.78,2492.45,2501.81,1222.824013
2026-08-27 12:00:00+00:00,2501.78,2506.61,2500.0,2505.17,546.264509
2026-08-27 12:15:00+00:00,2505.29,2507.5,2502.7,2506.1,554.105949
2026-08-27 12:30:00+00:00,2506.09,2506.09,2496.22,2496.46,836.549075
2026-08-27 12:45:00+00:00,2496.58,2500.11,2492.43,2495.21,775.17724
2026-08-27 13:00:00+00:00,2495.22,2500.0,2494.63,2497.97,331.085726
2026-08-27 13:15:00+00:00,2498.11,2507.12,2497.0,2503.15,1147.738953
2026-08-27 13:30:00+00:00,2503.15,2503.46,2484.79,2490.0,2186.542261
2026-08-27 13:45:00+00:00,2489.81,2498.49,2482.79,2496.64,2273.942475
2026-08-27 14:00:00+00:00,2496.64,2504.82,2488.78,2492.59,1681.73815
2026-08-27 14:15:00+00:00,2492.59,2508.68,2490.73,2508.52,1780.892842
2026-08-27 14:30:00+00:00,2508.51,2523.61,2504.6,2520.79,2604.90819
2026-08-27 14:45:00+00:00,2520.72,2520.72,2511.17,2517.44,1596.151379
2026-08-27 15:00:00+00:00,2517.45,2530.5,2513.36,2526.2,2504.0273
2026-08-27 15:15:00+00:00,2526.15,2527.86,2516.37,2523.51,1702.661507
2026-08-27 15:30:00+00:00,2523.48,2532.11,2515.59,2525.81,2012.986656
2026-08-27 15:45:00+00:00,2525.82,2526.43,2519.76,2521.74,875.210203
2026-08-27 16:00:00+00:00,2521.64,2527.03,2516.46,2524.09,1052.825958
2026-08-27 16:15:00+00:00,2524.04,2528.45,2522.0,2522.22,1247.445372
2026-08-27 16:30:00+00:00,2522.23,2533.22,2518.81,2531.0,1381.791146
2026-08-27 16:45:00+00:00,2530.94,2531.37,2522.25,2522.25,717.126045
2026-08-27 17:00:00+00:00,2522.29,2531.25,2516.26,2529.16,977.715643
2026-08-27 17:15:00+00:00,2529.21,2533.61,2524.0,2524.05,792.380596
2026-08-27 17:30:00+00:00,2524.05,2526.99,2517.57,2518.69,708.404437
2026-08-27 17:45:00+00:00,2518.63,2522.32,2515.63,2518.04,395.738943
2026-08-27 18:00:00+00:00,2518.09,2518.57,2493.52,2500.31,3065.908921
2026-08-27 18:15:00+00:00,2500.46,2503.55,2488.88,2493.73,2007.253203
2026-08-27 18:30:00+00:00,2493.74,2498.11,2491.54,2497.08,647.6488
2026-08-27 18:45:00+00:00,2497.07,2507.14,2495.56,2507.03,1471.249893
2026-08-27 19:00:00+00:00,2507.14,2512.5,2505.27,2509.97,910.346083
2026-08-27 19:15:00+00:00,2510.16,2512.18,2507.53,2512.0,552.42544
2026-08-27 19:30:00+00:00,2512.02,2514.19,2507.85,2510.4,2046.764102
2026-08-27 19:45:00+00:00,2510.4,2511.8,2497.55,2498.22,2599.728313
2026-08-27 20:00:00+00:00,2498.23,2501.4,2495.01,2496.61,563.451789
2026-08-27 20:15:00+00:00,2496.62,2505.71,2496.1,2503.22,442.058267
2026-08-27 20:30:00+00:00,2503.22,2506.66,2502.81,2506.26,165.659873
2026-08-27 20:45:00+00:00,2506.22,2507.99,2501.81,2507.99,362.907346
2026-08-27 21:00:00+00:00,2508.0,2509.04,2503.63,2505.8,574.711178
2026-08-27 21:15:00+00:00,2505.8,2506.1,2500.34,2502.03,656.928495
2026-08-27 21:30:00+00:00,2502.02,2504.76,2499.33,2499.67,581.233514
2026-08-27 21:45:00+00:00,2499.79,2505.16,2499.11,2504.2,363.301374
2026-08-27 22:00:00+00:00,2504.2,2513.32,2504.2,2510.2,558.857555
2026-08-27 22:15:00+00:00,2510.21,2517.4,2510.01,2512.98,2051.803631
2026-08-27 22:30:00+00:00,2512.89,2514.5,2510.6,2513.17,294.213449
2026-08-27 22:45:00+00:00,2513.16,2515.77,2511.16,2515.08,191.06562
2026-08-27 23:00:00+00:00,2515.05,2517.24,2510.6,2511.2,808.349782
2026-08-27 23:15:00+00:00,2511.13,2515.91,2508.98,2514.03,508.093892
2026-08-27 23:30:00+00:00,2514.02,2514.57,2510.67,2510.99,1108.074699
2026-08-27 23:45:00+00:00,2510.93,2512.72,2509.27,2511.07,317.51425
2026-08-28 00:00:00+00:00,2511.1,2511.79,2505.97,2508.21,357.626494
2026-08-28 00:15:00+00:00,2508.25,2514.0,2508.0,2513.18,658.840362
2026-08-28 00:30:00+00:00,2513.17,2518.98,2510.2,2515.35,1100.207395
2026-08-28 00:45:00+00:00,2515.25,2519.75,2512.81,2515.58,334.070007
2026-08-28 01:00:00+00:00,2515.63,2525.37,2515.49,2522.0,1140.592771
2026-08-28 01:15:00+00:00,2522.0,2529.59,2520.09,2528.89,1076.729524
2026-08-28 01:30:00+00:00,2528.93,2535.57,2517.95,2519.07,1984.722531
2026-08-28 01:45:00+00:00,2519.07,2520.0,2507.92,2512.36,1591.106621
2026-08-28 02:00:00+00:00,2512.24,2512.67,2503.0,2503.0,1172.419486
2026-08-28 02:15:00+00:00,2503.0,2505.15,2491.5,2494.61,2785.038378
2026-08-28 02:30:00+00:00,2494.61,2500.28,2490.21,2496.94,1132.656511
2026-08-28 02:45:00+00:00,2496.99,2496.99,2486.0,2492.35,2192.273347
2026-08-28 03:00:00+00:00,2492.27,2493.39,2486.28,2490.54,814.08558
2026-08-28 03:15:00+00:00,2490.44,2495.75,2490.32,2492.78,948.432449
2026-08-28 03:30:00+00:00,2492.79,2495.07,2489.22,2489.3,504.131869
2026-08-28 03:45:00+00:00,2489.32,2492.87,2488.98,2490.04,710.07573
2026-08-28 04:00:00+00:00,2490.04,2492.11,2476.27,2492.1,2516.511401
2026-08-28 04:15:00+00:00,2492.11,2496.2,2488.21,2490.38,956.443231
2026-08-28 04:30:00+00:00,2490.41,2491.25,2483.57,2486.88,539.146428
2026-08-28 04:45:00+00:00,2486.82,2488.8,2485.01,2486.16,739.078562
2026-08-28 05:00:00+00:00,2486.17,2488.5,2482.29,2485.81,399.363743
2026-08-28 05:15:00+00:00,2485.93,2490.5,2483.25,2490.35,724.492531
2026-08-28 05:30:00+00:00,2490.25,2495.59,2489.8,2495.1,791.172839
2026-08-28 05:45:00+00:00,2495.09,2497.62,2492.0,2493.49,813.062871
2026-08-28 06:00:00+00:00,2493.49,2503.81,2493.49,2503.51,1002.33183
2026-08-28 06:15:00+00:00,2503.37,2503.44,2500.76,2501.11,289.065541
2026-08-28 06:30:00+00:00,2501.11,2502.76,2499.25,2501.14,422.536211
2026-08-28 06:45:00+00:00,2501.08,2505.23,2500.91,2503.02,698.966768
2026-08-28 07:00:00+00:00,2503.03,2503.49,2494.0,2496.77,880.372427
2026-08-28 07:15:00+00:00,2496.63,2499.11,2494.8,2498.51,377.754284
2026-08-28 07:30:00+00:00,2498.54,2499.22,2494.78,2494.96,2168.95113
2026-08-28 07:45:00+00:00,2494.96,2496.76,2494.77,2496.56,2887.42945
2026-08-28 08:00:00+00:00,2496.6,2503.99,2496.59,2497.31,634.323367
2026-08-28 08:15:00+00:00,2497.39,2502.0,2497.39,2498.01,353.515354
2026-08-28 08:30:00+00:00,2498.0,2498.75,2494.53,2494.54,430.428563
2026-08-28 08:45:00+00:00,2494.54,2495.53,2486.57,2488.36,700.645197
2026-08-28 09:00:00+00:00,2488.37,2493.19,2483.41,2489.53,1031.579201
2026-08-28 09:15:00+00:00,2489.58,2493.0,2489.58,2491.69,189.259045
2026-08-28 09:30:00+00:00,2491.69,2493.39,2488.6,2489.04,476.160049
2026-08-28 09:45:00+00:00,2489.16,2491.66,2488.36,2489.77,341.737907
2026-08-28 10:00:00+00:00,2489.77,2490.6,2482.23,2487.77,781.743154
2026-08-28 10:15:00+00:00,2487.64,2489.37,2484.38,2489.1,393.122912
2026-08-28 10:30:00+00:00,2489.23,2495.1,2489.22,2494.0,403.254843
2026-08-28 10:45:00+00:00,2494.01,2509.0,2493.83,2506.62,1305.61223
2026-08-28 11:00:00+00:00,2506.63,2511.49,2505.48,2509.77,701.407155
2026-08-28 11:15:00+00:00,2509.77,2510.59,2504.23,2505.6,570.585343
2026-08-28 11:30:00+00:00,2505.59,2508.1,2502.15,2505.36,323.130045
2026-08-28 11:45:00+00:00,2505.36,2506.52,2503.06,2505.16,262.148305
2026-08-28 12:00:00+00:00,2505.09,2506.51,2500.06,2501.42,443.629819
2026-08-28 12:15:00+00:00,2501.43,2508.18,2500.46,2501.13,297.920096
2026-08-28 12:30:00+00:00,2501.01,2501.3,2495.09,2498.83,512.527248
2026-08-28 12:45:00+00:00,2498.82,2499.28,2496.21,2499.25,257.744117
2026-08-28 13:00:00+00:00,2499.24,2504.37,2497.26,2500.6,411.48877
2026-08-28 13:15:00+00:00,2500.59,2501.61,2495.05,2498.93,505.971615
2026-08-28 13:30:00+00:00,2498.87,2504.87,2496.4,2497.62,770.703691
2026-08-28 13:45:00+00:00,2497.62,2519.0,2496.4,2509.51,1884.806389
2026-08-28 14:00:00+00:00,2509.52,2525.43,2466.22,2477.98,7565.292359
2026-08-28 14:15:00+00:00,2477.96,2493.21,2472.08,2491.98,2731.563191
2026-08-28 14:30:00+00:00,2491.97,2526.0,2486.53,2510.13,5304.083958
2026-08-28 14:45:00+00:00,2510.14,2515.53,2500.3,2513.2,1816.510823
2026-08-28 15:00:00+00:00,2513.23,2519.68,2502.27,2503.74,1339.481159
2026-08-28 15:15:00+00:00,2503.65,2512.59,2502.75,2507.34,1023.562866
2026-08-28 15:30:00+00:00,2507.21,2508.32,2487.71,2489.28,1939.5035
2026-08-28 15:45:00+00:00,2489.37,2495.78,2470.0,2472.03,3585.325734
2026-08-28 16:00:00+00:00,2471.62,2474.25,2444.59,2445.19,9276.939956
2026-08-28 16:15:00+00:00,2445.16,2450.46,2405.83,2430.81,13856.339699
2026-08-28 16:30:00+00:00,2430.81,2447.42,2429.41,2436.86,3560.623247
2026-08-28 16:45:00+00:00,2437.21,2445.37,2436.99,2442.2,1509.992163
2026-08-28 17:00:00+00:00,2442.21,2445.55,2437.51,2445.55,1026.18593
2026-08-28 17:15:00+00:00,2445.55,2448.52,2438.42,2442.89,1492.943616
2026-08-28 17:30:00+00:00,2442.86,2446.0,2437.69,2439.14,1826.181744
2026-08-28 17:45:00+00:00,2439.13,2446.7,2439.13,2443.91,1492.053723
2026-08-28 18:00:00+00:00,2443.91,2445.28,2438.36,2438.72,1133.150657
2026-08-28 18:15:00+00:00,2438.67,2440.32,2430.15,2431.69,3204.205229
2026-08-28 18:30:00+00:00,2431.69,2433.19,2420.0,2423.72,2447.453951
2026-08-28 18:45:00+00:00,2423.72,2429.16,2418.03,2428.86,1898.839069
2026-08-28 19:00:00+00:00,2428.89,2438.0,2428.79,2435.82,939.706934
2026-08-28 19:15:00+00:00,2435.83,2443.84,2434.01,2438.65,647.132503
2026-08-28 19:30:00+00:00,2438.65,2439.23,2435.89,2436.37,360.505708
2026-08-28 19:45:00+00:00,2436.41,2437.21,2431.35,2435.97,978.149431
2026-08-28 20:00:00+00:00,2436.08,2436.6,2431.21,2435.92,454.26499
2026-08-28 20:15:00+00:00,2435.91,2435.91,2430.76,2432.36,160.573765
2026-08-28 20:30:00+00:00,2432.35,2432.35,2424.49,2427.53,805.842078
2026-08-28 20:45:00+00:00,2427.52,2431.64,2426.41,2427.94,310.970752
2026-08-28 21:00:00+00:00,2428.0,2429.55,2425.55,2428.21,282.014331
2026-08-28 21:15:00+00:00,2428.32,2430.13,2424.49,2428.62,312.885497
2026-08-28 21:30:00+00:00,2428.66,2432.4,2426.71,2428.86,474.024343
2026-08-28 21:45:00+00:00,2428.86,2428.86,2422.34,2425.2,359.000219
2026-08-28 22:00:00+00:00,2425.19,2430.33,2422.79,2430.33,383.360484
2026-08-28 22:15:00+00:00,2430.23,2436.99,2427.01,2434.49,723.446129
2026-08-28 22:30:00+00:00,2434.46,2440.11,2433.88,2440.05,431.161199
2026-08-28 22:45:00+00:00,2440.04,2445.88,2440.0,2442.08,726.994348
2026-08-28 23:00:00+00:00,2442.08,2442.18,2438.88,2442.0,335.785833
2026-08-28 23:15:00+00:00,2441.9,2442.33,2436.67,2438.24,408.033808
2026-08-28 23:30:00+00:00,2438.25,2439.79,2437.73,2439.59,397.229049
2026-08-28 23:45:00+00:00,2439.55,2443.1,2437.32,2443.09,304.895653
2026-08-29 00:00:00+00:00,2443.1,2445.57,2442.3,2442.34,350.70389
2026-08-29 00:15:00+00:00,2442.37,2448.23,2442.37,2445.67,463.701114
2026-08-29 00:30:00+00:00,2445.71,2445.83,2442.86,2444.44,185.19604
2026-08-29 00:45:00+00:00,2444.43,2444.92,2441.03,2442.52,235.838756
2026-08-29 01:00:00+00:00,2442.52,2442.87,2439.15,2439.92,271.717618
2026-08-29 01:15:00+00:00,2439.81,2444.19,2439.72,2444.19,362.226623
2026-08-29 01:30:00+00:00,2444.19,2445.0,2442.19,2444.49,212.450593
2026-08-29 01:45:00+00:00,2444.45,2446.19,2441.94,2443.68,353.610173
2026-08-29 02:00:00+00:00,2443.69,2444.9,2442.0,2442.0,340.384262
2026-08-29 02:15:00+00:00,2442.04,2442.28,2436.88,2438.47,666.772504
2026-08-29 02:30:00+00:00,2438.51,2439.71,2435.59,2438.14,140.378664
2026-08-29 02:45:00+00:00,2438.29,2440.48,2437.31,2438.78,243.070524
2026-08-29 03:00:00+00:00,2438.79,2440.29,2438.64,2439.01,90.644593
2026-08-29 03:15:00+00:00,2439.01,2441.78,2437.25,2440.55,417.150613
2026-08-29 03:30:00+00:00,2440.65,2441.35,2437.3,2438.21,379.964311
2026-08-29 03:45:00+00:00,2438.2,2438.3,2434.61,2435.07,328.610254
2026-08-29 04:00:00+00:00,2435.07,2437.76,2434.81,2437.06,408.786771
2026-08-29 04:15:00+00:00,2437.06,2438.37,2436.38,2438.0,167.712768
2026-08-29 04:30:00+00:00,2438.2,2439.52,2437.64,2438.86,157.388339
2026-08-29 04:45:00+00:00,2438.95,2440.99,2438.0,2440.34,338.261695
2026-08-29 05:00:00+00:00,2440.34,2442.31,2439.3,2441.74,412.181541
2026-08-29 05:15:00+00:00,2441.75,2441.81,2439.31,2440.03,202.154723
2026-08-29 05:30:00+00:00,2440.03,2441.84,2438.79,2441.29,390.182105
2026-08-29 05:45:00+00:00,2441.29,2441.53,2438.21,2438.96,95.816779
2026-08-29 06:00:00+00:00,2438.97,2439.31,2430.51,2431.62,616.787368
2026-08-29 06:15:00+00:00,2431.75,2434.0,2430.68,2431.52,348.406433
2026-08-29 06:30:00+00:00,2431.58,2434.93,2431.58,2433.99,194.360553
2026-08-29 06:45:00+00:00,2434.09,2435.71,2434.09,2435.18,135.161849
2026-08-29 07:00:00+00:00,2435.18,2437.64,2434.21,2434.63,260.923853
2026-08-29 07:15:00+00:00,2434.63,2436.73,2434.25,2435.44,153.542567
2026-08-29 07:30:00+00:00,2435.4,2438.4,2434.73,2437.29,959.822222
2026-08-29 07:45:00+00:00,2437.29,2438.54,2436.07,2436.48,984.338236
2026-08-29 08:00:00+00:00,2436.47,2436.47,2431.5,2433.4,339.509328
2026-08-29 08:15:00+00:00,2433.39,2435.81,2432.57,2435.8,155.432662
2026-08-29 08:30:00+00:00,2435.81,2435.82,2432.48,2433.18,342.282876
2026-08-29 08:45:00+00:00,2433.13,2434.41,2431.19,2434.26,210.671883
2026-08-29 09:00:00+00:00,2434.27,2436.49,2433.51,2435.61,316.841345
2026-08-29 09:15:00+00:00,2435.58,2436.48,2434.03,2434.1,143.177551
2026-08-29 09:30:00+00:00,2434.1,2437.47,2434.04,2435.52,206.169917
2026-08-29 09:45:00+00:00,2435.72,2436.62,2435.16,2435.46,73.45693
2026-08-29 10:00:00+00:00,2435.46,2435.46,2431.38,2434.09,179.668454
2026-08-29 10:15:00+00:00,2434.09,2438.44,2434.09,2436.72,273.660495
2026-08-29 10:30:00+00:00,2436.73,2437.11,2435.28,2435.61,66.364761
2026-08-29 10:45:00+00:00,2435.71,2436.84,2434.81,2434.92,143.79499
2026-08-29 11:00:00+00:00,2434.93,2438.44,2433.76,2438.05,106.894147
2026-08-29 11:15:00+00:00,2438.05,2438.67,2436.97,2437.62,118.307114
2026-08-29 11:30:00+00:00,2437.63,2437.8,2436.0,2436.18,69.821011
2026-08-29 11:45:00+00:00,2436.19,2437.27,2435.39,2435.86,79.74096
2026-08-29 12:00:00+00:00,2435.91,2436.93,2435.41,2436.79,165.815355
2026-08-29 12:15:00+00:00,2436.78,2439.28,2434.0,2435.8,377.653701
2026-08-29 12:30:00+00:00,2435.8,2436.19,2434.35,2434.79,132.801376
2026-08-29 12:45:00+00:00,2434.79,2435.47,2433.5,2434.63,86.66496
2026-08-29 13:00:00+00:00,2434.65,2435.16,2433.6,2434.56,125.935169
2026-08-29 13:15:00+00:00,2434.56,2436.28,2432.41,2434.6,342.987255
2026-08-29 13:30:00+00:00,2434.6,2436.25,2433.8,2434.8,228.167106
2026-08-29 13:45:00+00:00,2434.81,2436.78,2434.59,2435.75,141.304457
2026-08-29 14:00:00+00:00,2435.75,2437.27,2435.08,2436.21,179.822157
2026-08-29 14:15:00+00:00,2436.21,2437.5,2435.6,2436.23,140.016183
2026-08-29 14:30:00+00:00,2436.23,2449.28,2436.15,2444.81,1572.906995
2026-08-29 14:45:00+00:00,2445.07,2452.83,2445.07,2448.64,857.762037
2026-08-29 15:00:00+00:00,2448.72,2449.34,2441.28,2445.01,671.317308
2026-08-29 15:15:00+00:00,2444.99,2446.99,2441.26,2444.81,227.545657
2026-08-29 15:30:00+00:00,2444.81,2446.03,2442.42,2443.64,240.477548
2026-08-29 15:45:00+00:00,2443.64,2446.97,2443.01,2444.85,247.210784
2026-08-29 16:00:00+00:00,2444.85,2448.44,2444.84,2448.38,288.977756
2026-08-29 16:15:00+00:00,2448.44,2457.99,2445.71,2448.2,1288.992639
2026-08-29 16:30:00+00:00,2448.2,2451.76,2445.84,2450.63,591.457939
2026-08-29 16:45:00+00:00,2450.72,2454.73,2449.69,2450.93,624.225057
2026-08-29 17:00:00+00:00,2450.94,2454.0,2450.94,2453.22,242.191989
2026-08-29 17:15:00+00:00,2453.22,2455.23,2448.19,2448.46,303.460344
2026-08-29 17:30:00+00:00,2448.45,2450.11,2445.43,2449.12,255.641634
2026-08-29 17:45:00+00:00,2449.18,2450.65,2447.41,2450.55,321.528926
2026-08-29 18:00:00+00:00,2450.57,2451.88,2447.91,2448.03,83.04218
2026-08-29 18:15:00+00:00,2448.03,2449.32,2446.01,2446.82,204.06462
2026-08-29 18:30:00+00:00,2446.8,2454.53,2445.4,2452.89,619.343108
2026-08-29 18:45:00+00:00,2453.01,2455.68,2451.63,2452.37,225.85221
2026-08-29 19:00:00+00:00,2452.38,2456.94,2452.37,2456.94,272.707923
2026-08-29 19:15:00+00:00,2456.98,2458.53,2454.95,2457.63,730.060568
2026-08-29 19:30:00+00:00,2457.65,2458.73,2454.12,2455.77,490.547806
2026-08-29 19:45:00+00:00,2455.76,2455.8,2451.74,2453.47,108.51647
2026-08-29 20:00:00+00:00,2453.41,2456.37,2452.3,2456.36,108.23866
2026-08-29 20:15:00+00:00,2456.37,2458.43,2452.8,2453.06,214.18396
2026-08-29 20:30:00+00:00,2453.19,2453.76,2451.41,2453.24,316.736662
2026-08-29 20:45:00+00:00,2453.23,2453.58,2452.18,2452.75,76.003262
2026-08-29 21:00:00+00:00,2452.75,2453.82,2449.22,2451.77,556.617799
2026-08-29 21:15:00+00:00,2451.85,2452.72,2450.15,2450.15,37.34894
2026-08-29 21:30:00+00:00,2450.21,2451.76,2449.81,2451.15,339.370062
2026-08-29 21:45:00+00:00,2451.14,2452.95,2450.64,2451.56,106.467719
2026-08-29 22:00:00+00:00,2451.56,2453.14,2450.22,2451.09,141.789369
2026-08-29 22:15:00+00:00,2451.1,2451.66,2449.29,2450.89,145.966045
2026-08-29 22:30:00+00:00,2450.88,2451.4,2450.88,2451.29,72.2485
2026-08-29 22:45:00+00:00,2451.29,2453.08,2451.29,2452.71,241.227419
2026-08-29 23:00:00+00:00,2452.72,2456.17,2452.68,2455.52,540.538146
2026-08-29 23:15:00+00:00,2455.58,2456.39,2452.81,2455.15,260.517326
2026-08-29 23:30:00+00:00,2455.33,2457.57,2453.41,2456.47,341.505679
2026-08-29 23:45:00+00:00,2456.53,2459.64,2456.53,2457.51,160.901418
2026-08-30 00:00:00+00:00,2457.51,2457.51,2454.38,2456.19,210.613794
2026-08-30 00:15:00+00:00,2456.19,2467.87,2456.19,2462.48,1005.743637
2026-08-30 00:30:00+00:00,2462.49,2464.99,2460.04,2461.02,432.230531
2026-08-30 00:45:00+00:00,2461.01,2463.49,2458.71,2458.86,324.959066
2026-08-30 01:00:00+00:00,2458.86,2460.73,2456.41,2456.41,175.249428
2026-08-30 01:15:00+00:00,2456.42,2456.94,2452.93,2454.22,652.822732
2026-08-30 01:30:00+00:00,2454.22,2458.25,2453.32,2456.11,184.639369
2026-08-30 01:45:00+00:00,2456.11,2459.39,2455.21,2456.49,557.632495
2026-08-30 02:00:00+00:00,2456.77,2458.72,2455.06,2458.12,246.144366
2026-08-30 02:15:00+00:00,2458.12,2458.6,2453.89,2455.56,350.801394
2026-08-30 02:30:00+00:00,2455.45,2457.91,2453.73,2456.1,254.108745
2026-08-30 02:45:00+00:00,2456.03,2458.98,2454.19,2455.09,288.986284
2026-08-30 03:00:00+00:00,2455.1,2456.16,2453.91,2455.84,303.447464
2026-08-30 03:15:00+00:00,2455.83,2458.88,2455.17,2458.88,160.325643
2026-08-30 03:30:00+00:00,2459.0,2460.65,2457.81,2458.6,351.242812
2026-08-30 03:45:00+00:00,2458.6,2458.6,2456.79,2457.18,57.638735
2026-08-30 04:00:00+00:00,2457.18,2458.8,2456.23,2457.28,93.540589
2026-08-30 04:15:00+00:00,2457.29,2458.6,2454.5,2455.69,352.266616
2026-08-30 04:30:00+00:00,2455.69,2456.11,2453.0,2453.47,353.288001
2026-08-30 04:45:00+00:00,2453.43,2456.05,2451.8,2455.82,310.398526
2026-08-30 05:00:00+00:00,2455.82,2460.11,2455.56,2457.01,289.810883
2026-08-30 05:15:00+00:00,2457.01,2457.01,2455.66,2456.05,68.240837
2026-08-30 05:30:00+00:00,2456.05,2457.11,2455.27,2456.02,78.443732
2026-08-30 05:45:00+00:00,2456.02,2456.35,2455.45,2456.34,145.986416
2026-08-30 06:00:00+00:00,2456.35,2456.37,2455.09,2456.0,185.568576
2026-08-30 06:15:00+00:00,2456.1,2457.78,2456.0,2456.77,57.443659
2026-08-30 06:30:00+00:00,2456.78,2460.17,2456.67,2459.57,275.6386
2026-08-30 06:45:00+00:00,2459.56,2461.52,2458.54,2461.0,212.662279
2026-08-30 07:00:00+00:00,2461.01,2461.2,2458.72,2459.43,220.58537
2026-08-30 07:15:00+00:00,2459.43,2459.43,2457.44,2457.79,195.544683
2026-08-30 07:30:00+00:00,2457.79,2458.97,2456.13,2456.32,541.372114
2026-08-30 07:45:00+00:00,2456.32,2457.4,2454.85,2455.18,470.498068
2026-08-30 08:00:00+00:00,2455.22,2458.9,2455.22,2456.45,288.706549
2026-08-30 08:15:00+00:00,2456.45,2459.92,2456.44,2458.48,150.603593
2026-08-30 08:30:00+00:00,2458.47,2458.79,2455.01,2456.0,288.029178
2026-08-30 08:45:00+00:00,2456.0,2457.0,2454.65,2456.74,125.808936
2026-08-30 09:00:00+00:00,2456.73,2457.5,2456.18,2457.03,64.727616
2026-08-30 09:15:00+00:00,2457.04,2458.17,2453.0,2453.42,317.819681
2026-08-30 09:30:00+00:00,2453.56,2455.57,2452.0,2454.19,448.782412
2026-08-30 09:45:00+00:00,2454.19,2455.57,2452.87,2453.43,421.32431
2026-08-30 10:00:00+00:00,2453.42,2455.58,2452.56,2453.51,237.236971
2026-08-30 10:15:00+00:00,2453.52,2458.67,2452.41,2455.53,447.644838
2026-08-30 10:30:00+00:00,2455.53,2458.32,2455.12,2457.81,191.19672
2026-08-30 10:45:00+00:00,2457.81,2459.58,2457.81,2459.58,328.897005
2026-08-30 11:00:00+00:00,2459.59,2460.17,2458.0,2458.88,190.624392
2026-08-30 11:15:00+00:00,2458.89,2461.66,2458.0,2461.28,339.862225
2026-08-30 11:30:00+00:00,2461.29,2461.47,2458.01,2459.68,398.162747
2026-08-30 11:45:00+00:00,2459.8,2460.14,2456.61,2460.06,390.128451
2026-08-30 12:00:00+00:00,2460.06,2473.28,2460.06,2470.1,2531.330881
2026-08-30 12:15:00+00:00,2470.11,2470.11,2462.55,2466.19,563.143013
2026-08-30 12:30:00+00:00,2466.2,2467.45,2458.28,2464.39,1025.57128
2026-08-30 12:45:00+00:00,2464.44,2469.4,2462.61,2469.18,531.685434
2026-08-30 13:00:00+00:00,2469.17,2470.45,2461.84,2462.0,802.948355
2026-08-30 13:15:00+00:00,2462.0,2466.86,2460.5,2466.32,474.588341
2026-08-30 13:30:00+00:00,2466.32,2471.79,2465.06,2469.94,993.944908
2026-08-30 13:45:00+00:00,2469.93,2478.46,2469.81,2475.41,1823.391787
2026-08-30 14:00:00+00:00,2475.41,2479.52,2470.79,2478.61,546.768974
2026-08-30 14:15:00+00:00,2478.6,2479.33,2474.6,2476.62,486.56586
2026-08-30 14:30:00+00:00,2476.63,2479.58,2473.39,2475.19,436.038953
2026-08-30 14:45:00+00:00,2475.08,2478.2,2473.8,2476.94,214.54174
2026-08-30 15:00:00+00:00,2477.0,2481.99,2472.92,2473.49,691.643872
2026-08-30 15:15:00+00:00,2473.4,2479.99,2471.71,2477.47,693.271376
2026-08-30 15:30:00+00:00,2477.48,2479.77,2476.09,2479.76,226.976421
2026-08-30 15:45:00+00:00,2479.77,2484.0,2478.19,2480.91,513.738218
2026-08-30 16:00:00+00:00,2480.94,2513.49,2479.21,2510.33,5024.602147
2026-08-30 16:15:00+00:00,2510.47,2519.96,2506.81,2513.81,5064.760078
2026-08-30 16:30:00+00:00,2514.01,2535.0,2512.22,2528.9,4620.124061
2026-08-30 16:45:00+00:00,2528.79,2530.79,2521.21,2529.19,1448.184207
2026-08-30 17:00:00+00:00,2529.02,2529.15,2519.16,2520.89,1417.968919
2026-08-30 17:15:00+00:00,2520.9,2521.09,2494.21,2497.89,3798.708806
2026-08-30 17:30:00+00:00,2498.1,2508.35,2494.76,2506.91,1112.728366
2026-08-30 17:45:00+00:00,2507.0,2509.24,2501.29,2505.81,672.072569
2026-08-30 18:00:00+00:00,2505.72,2508.51,2496.38,2499.38,748.219368
2026-08-30 18:15:00+00:00,2499.38,2512.79,2498.6,2511.73,656.174387
2026-08-30 18:30:00+00:00,2512.05,2517.69,2510.69,2514.2,805.994492
2026-08-30 18:45:00+00:00,2514.24,2514.57,2509.24,2510.71,663.830713
2026-08-30 19:00:00+00:00,2510.72,2512.22,2505.95,2512.22,491.627475
2026-08-30 19:15:00+00:00,2512.28,2513.41,2505.96,2506.09,390.746841
2026-08-30 19:30:00+00:00,2506.03,2507.47,2499.57,2499.57,498.275936
2026-08-30 19:45:00+00:00,2499.57,2503.62,2496.5,2503.62,265.435462
2026-08-30 20:00:00+00:00,2503.63,2508.01,2503.63,2504.84,318.710248
2026-08-30 20:15:00+00:00,2504.83,2508.51,2503.16,2503.48,249.509908
2026-08-30 20:30:00+00:00,2503.6,2504.53,2485.52,2488.37,1584.601121
2026-08-30 20:45:00+00:00,2488.37,2499.99,2487.37,2490.73,1034.245048
2026-08-30 21:00:00+00:00,2490.67,2490.71,2460.22,2474.14,5449.680539
2026-08-30 21:15:00+00:00,2474.06,2478.94,2471.44,2477.49,595.85292
2026-08-30 21:30:00+00:00,2477.42,2483.66,2476.36,2479.86,508.236703
2026-08-30 21:45:00+00:00,2479.75,2483.12,2474.89,2481.79,285.155189
2026-08-30 22:00:00+00:00,2481.79,2488.79,2474.49,2474.55,849.295982
2026-08-30 22:15:00+00:00,2474.49,2476.03,2465.37,2467.24,1028.986756
2026-08-30 22:30:00+00:00,2467.29,2475.27,2458.4,2471.57,1395.829856
2026-08-30 22:45:00+00:00,2471.57,2473.0,2466.0,2470.75,860.560772
2026-08-30 23:00:00+00:00,2470.75,2470.75,2464.01,2465.03,545.131758
2026-08-30 23:15:00+00:00,2464.92,2465.8,2423.04,2426.97,7190.868932
2026-08-30 23:30:00+00:00,2426.97,2435.7,2403.52,2412.43,8303.265122
2026-08-30 23:45:00+00:00,2412.24,2420.25,2388.0,2416.81,7428.054593
2026-08-31 00:00:00+00:00,2416.94,2421.79,2406.97,2420.63,2287.924914
2026-08-31 00:15:00+00:00,2420.68,2432.6,2419.12,2430.58,2244.139003
2026-08-31 00:30:00+00:00,2430.59,2440.0,2429.01,2432.48,1331.681268
2026-08-31 00:45:00+00:00,2432.47,2434.06,2426.59,2428.41,807.564038
2026-08-31 01:00:00+00:00,2428.48,2430.94,2414.02,2417.91,1949.671268
2026-08-31 01:15:00+00:00,2417.92,2423.38,2415.13,2420.16,950.307616
2026-08-31 01:30:00+00:00,2420.24,2426.93,2415.46,2418.62,1226.664762
2026-08-31 01:45:00+00:00,2418.68,2422.16,2410.0,2412.92,1366.290178
2026-08-31 02:00:00+00:00,2413.08,2425.19,2408.3,2422.84,1530.026892
2026-08-31 02:15:00+00:00,2422.8,2423.54,2415.27,2416.79,959.727761
2026-08-31 02:30:00+00:00,2416.65,2419.0,2412.88,2413.41,513.149639
2026-08-31 02:45:00+00:00,2413.64,2414.43,2401.52,2407.96,2044.356263
2026-08-31 03:00:00+00:00,2408.16,2416.83,2405.04,2415.39,1408.065432
2026-08-31 03:15:00+00:00,2415.39,2422.45,2413.78,2420.23,741.897034
2026-08-31 03:30:00+00:00,2420.17,2423.55,2418.48,2423.32,720.801006
2026-08-31 03:45:00+00:00,2423.32,2424.37,2420.64,2421.15,557.495193
2026-08-31 04:00:00+00:00,2421.16,2421.51,2413.64,2414.9,976.56256
2026-08-31 04:15:00+00:00,2414.99,2415.53,2411.55,2412.65,993.636205
2026-08-31 04:30:00+00:00,2412.74,2416.53,2412.2,2415.23,867.289699
2026-08-31 04:45:00+00:00,2415.31,2418.5,2411.6,2417.67,505.522667
2026-08-31 05:00:00+00:00,2417.68,2423.95,2414.16,2422.64,994.635786
2026-08-31 05:15:00+00:00,2422.64,2441.95,2422.41,2435.27,2861.238892
2026-08-31 05:30:00+00:00,2435.28,2437.85,2429.27,2435.86,1432.31943
2026-08-31 05:45:00+00:00,2435.88,2438.74,2433.52,2436.28,908.279892
2026-08-31 06:00:00+00:00,2436.11,2437.88,2431.43,2436.28,826.025354
2026-08-31 06:15:00+00:00,2436.27,2444.95,2436.15,2441.61,1332.281787
2026-08-31 06:30:00+00:00,2441.61,2444.46,2437.0,2442.42,1316.575296
2026-08-31 06:45:00+00:00,2442.42,2443.58,2438.28,2438.51,527.997939
2026-08-31 07:00:00+00:00,2438.3,2442.08,2435.91,2439.79,628.023692
2026-08-31 07:15:00+00:00,2439.79,2446.66,2439.78,2442.79,1131.265019
2026-08-31 07:30:00+00:00,2442.7,2443.0,2438.76,2441.27,539.910549
2026-08-31 07:45:00+00:00,2441.08,2441.59,2438.74,2440.47,670.753384
2026-08-31 08:00:00+00:00,2440.42,2445.91,2434.16,2440.79,954.804145
2026-08-31 08:15:00+00:00,2440.72,2440.72,2433.53,2435.96,814.277146
2026-08-31 08:30:00+00:00,2435.96,2449.64,2435.63,2443.33,826.673031
2026-08-31 08:45:00+00:00,2443.33,2448.73,2442.61,2446.27,899.474938
2026-08-31 09:00:00+00:00,2446.27,2452.92,2443.4,2445.55,898.250412
2026-08-31 09:15:00+00:00,2445.55,2452.41,2444.3,2446.96,932.60847
2026-08-31 09:30:00+00:00,2446.97,2449.79,2446.22,2449.33,327.487707
2026-08-31 09:45:00+00:00,2449.39,2456.82,2446.25,2446.53,928.24473
2026-08-31 10:00:00+00:00,2446.76,2449.45,2440.89,2449.41,1084.143314
2026-08-31 10:15:00+00:00,2449.38,2449.57,2445.61,2448.99,322.977059
2026-08-31 10:30:00+00:00,2448.98,2451.95,2445.8,2450.76,496.158645
2026-08-31 10:45:00+00:00,2450.75,2456.7,2450.01,2455.41,773.111671
2026-08-31 11:00:00+00:00,2455.45,2457.81,2452.51,2454.47,814.899488
2026-08-31 11:15:00+00:00,2454.47,2456.72,2450.89,2452.11,392.376201
2026-08-31 11:30:00+00:00,2452.11,2452.32,2446.67,2447.15,496.361469
2026-08-31 11:45:00+00:00,2447.1,2448.13,2443.75,2446.05,333.91065
2026-08-31 12:00:00+00:00,2446.06,2457.23,2444.55,2453.08,1387.209868
2026-08-31 12:15:00+00:00,2453.08,2464.15,2447.4,2454.8,1931.035586
2026-08-31 12:30:00+00:00,2454.76,2458.77,2444.0,2450.86,2212.9732
2026-08-31 12:45:00+00:00,2450.87,2452.25,2446.42,2451.59,585.965405
2026-08-31 13:00:00+00:00,2451.59,2459.8,2451.41,2453.61,824.09699
2026-08-31 13:15:00+00:00,2453.61,2454.99,2445.35,2450.67,797.905724
2026-08-31 13:30:00+00:00,2450.67,2458.89,2445.41,2447.97,2225.375944
2026-08-31 13:45:00+00:00,2447.96,2449.42,2437.21,2440.54,2437.480363
2026-08-31 14:00:00+00:00,2440.56,2447.84,2438.46,2440.62,1922.409368
2026-08-31 14:15:00+00:00,2440.6,2448.89,2437.71,2445.7,1088.241794
2026-08-31 14:30:00+00:00,2445.79,2475.15,2443.59,2465.74,4667.371479
2026-08-31 14:45:00+00:00,2465.75,2470.67,2460.49,2467.53,2308.77943
2026-08-31 15:00:00+00:00,2467.8,2470.84,2459.01,2459.72,1220.744891
2026-08-31 15:15:00+00:00,2459.71,2470.84,2458.22,2468.52,864.509889
2026-08-31 15:30:00+00:00,2468.51,2478.57,2465.73,2476.61,1637.543259
2026-08-31 15:45:00+00:00,2476.68,2478.0,2467.33,2467.84,2225.063711
2026-08-31 16:00:00+00:00,2467.99,2473.19,2464.65,2465.37,2103.55878
2026-08-31 16:15:00+00:00,2465.62,2471.26,2461.84,2464.6,1344.294626
2026-08-31 16:30:00+00:00,2464.84,2472.44,2463.85,2471.56,699.739008
2026-08-31 16:45:00+00:00,2471.75,2476.56,2468.47,2469.29,727.787105
2026-08-31 17:00:00+00:00,2469.28,2473.79,2468.26,2471.78,537.312306
2026-08-31 17:15:00+00:00,2471.89,2472.15,2461.24,2463.83,1156.471452
2026-08-31 17:30:00+00:00,2463.83,2474.99,2462.23,2471.31,770.081274
2026-08-31 17:45:00+00:00,2471.56,2477.27,2469.56,2475.31,672.247698
2026-08-31 18:00:00+00:00,2475.27,2475.42,2469.97,2473.32,334.571607
2026-08-31 18:15:00+00:00,2473.58,2480.68,2469.24,2471.09,890.449004
2026-08-31 18:30:00+00:00,2471.29,2489.46,2470.33,2487.7,1281.904044
2026-08-31 18:45:00+00:00,2487.69,2487.69,2476.66,2477.63,811.87334
2026-08-31 19:00:00+00:00,2477.78,2490.0,2477.78,2486.31,1242.329392
2026-08-31 19:15:00+00:00,2486.37,2486.37,2481.81,2485.4,500.88252
2026-08-31 19:30:00+00:00,2485.35,2485.72,2478.46,2480.26,485.347145
2026-08-31 19:45:00+00:00,2480.27,2485.34,2477.78,2482.08,558.78971
2026-08-31 20:00:00+00:00,2481.94,2483.36,2478.16,2479.97,367.287669
2026-08-31 20:15:00+00:00,2479.97,2486.72,2475.14,2476.09,723.885853
2026-08-31 20:30:00+00:00,2476.1,2477.95,2470.22,2473.93,637.169014
2026-08-31 20:45:00+00:00,2473.93,2474.74,2470.74,2472.64,514.148101
2026-08-31 21:00:00+00:00,2472.65,2476.24,2467.72,2472.64,885.12298
2026-08-31 21:15:00+00:00,2472.6,2478.32,2470.77,2478.32,404.71355
2026-08-31 21:30:00+00:00,2478.4,2483.24,2477.8,2481.42,655.930635
2026-08-31 21:45:00+00:00,2481.48,2483.03,2478.37,2478.38,262.449803
2026-08-31 22:00:00+00:00,2478.38,2480.83,2474.47,2474.65,376.015772
2026-08-31 22:15:00+00:00,2474.64,2474.91,2470.63,2470.96,440.304442
2026-08-31 22:30:00+00:00,2470.97,2471.79,2468.01,2468.69,1317.333871
2026-08-31 22:45:00+00:00,2468.7,2470.59,2467.87,2469.31,221.538053
2026-08-31 23:00:00+00:00,2469.32,2469.38,2462.09,2464.3,588.791284
2026-08-31 23:15:00+00:00,2464.32,2466.91,2463.38,2466.45,162.222147
2026-08-31 23:30:00+00:00,2466.48,2468.0,2464.33,2467.58,197.714678
2026-08-31 23:45:00+00:00,2467.58,2468.0,2465.86,2467.82,450.019529
2026-09-01 00:00:00+00:00,2467.64,2473.68,2465.53,2472.47,479.378333
2026-09-01 00:15:00+00:00,2472.27,2477.45,2471.45,2475.42,780.351418
2026-09-01 00:30:00+00:00,2475.42,2476.8,2471.07,2471.93,507.487415
2026-09-01 00:45:00+00:00,2472.16,2475.97,2469.07,2471.56,347.011147
2026-09-01 01:00:00+00:00,2471.85,2476.19,2467.13,2467.86,591.000974
2026-09-01 01:15:00+00:00,2467.87,2470.22,2458.21,2461.18,1117.267257
2026-09-01 01:30:00+00:00,2461.2,2467.88,2458.24,2467.68,704.299323
2026-09-01 01:45:00+00:00,2467.79,2467.81,2461.41,2462.73,703.964054
2026-09-01 02:00:00+00:00,2462.81,2462.81,2453.43,2458.11,1751.876345
2026-09-01 02:15:00+00:00,2458.11,2463.05,2454.89,2458.6,891.108955
2026-09-01 02:30:00+00:00,2458.73,2463.45,2458.42,2460.66,339.860033
2026-09-01 02:45:00+00:00,2460.66,2465.43,2459.71,2464.85,2172.917228
2026-09-01 03:00:00+00:00,2464.86,2469.35,2464.13,2466.0,2278.744492
2026-09-01 03:15:00+00:00,2466.0,2467.28,2463.12,2466.78,384.358604
2026-09-01 03:30:00+00:00,2466.78,2482.72,2466.34,2476.29,2046.62998
2026-09-01 03:45:00+00:00,2476.42,2476.42,2471.0,2472.22,525.141172
2026-09-01 04:00:00+00:00,2472.23,2475.2,2470.27,2473.03,431.725333
2026-09-01 04:15:00+00:00,2473.03,2478.49,2472.91,2476.06,578.45602
2026-09-01 04:30:00+00:00,2476.11,2476.93,2471.18,2471.19,297.682492
2026-09-01 04:45:00+00:00,2471.19,2472.49,2468.59,2469.95,677.765402
2026-09-01 05:00:00+00:00,2469.96,2476.65,2468.83,2472.72,512.910019
2026-09-01 05:15:00+00:00,2472.73,2475.79,2470.35,2475.63,437.279837
2026-09-01 05:30:00+00:00,2475.63,2482.0,2475.04,2482.0,1254.949571
2026-09-01 05:45:00+00:00,2481.82,2485.29,2479.44,2484.4,848.790139
2026-09-01 06:00:00+00:00,2484.4,2484.48,2478.46,2479.44,741.847533
2026-09-01 06:15:00+00:00,2479.4,2479.4,2473.69,2475.72,716.527582
2026-09-01 06:30:00+00:00,2475.72,2477.75,2475.1,2476.61,380.393591
2026-09-01 06:45:00+00:00,2476.73,2476.73,2471.63,2471.63,320.589865
2026-09-01 07:00:00+00:00,2471.61,2475.25,2471.25,2474.07,1208.227414
2026-09-01 07:15:00+00:00,2474.1,2477.53,2473.4,2475.1,503.441778
2026-09-01 07:30:00+00:00,2475.26,2476.04,2466.74,2470.66,1667.773498
2026-09-01 07:45:00+00:00,2470.66,2473.69,2468.51,2472.57,874.313951
2026-09-01 08:00:00+00:00,2472.57,2473.45,2461.4,2463.87,2586.31372
2026-09-01 08:15:00+00:00,2464.11,2465.0,2448.0,2448.18,2376.677626
2026-09-01 08:30:00+00:00,2448.18,2455.69,2445.01,2451.79,2523.903482
2026-09-01 08:45:00+00:00,2451.6,2454.41,2447.16,2448.16,1069.372778
2026-09-01 09:00:00+00:00,2448.16,2450.0,2443.47,2444.91,1094.493797
2026-09-01 09:15:00+00:00,2444.91,2453.75,2444.2,2451.39,893.171354
2026-09-01 09:30:00+00:00,2451.4,2455.16,2449.22,2454.43,740.915356
2026-09-01 09:45:00+00:00,2454.59,2454.99,2451.81,2452.42,422.995757
2026-09-01 10:00:00+00:00,2452.42,2455.0,2449.52,2452.27,503.999444
2026-09-01 10:15:00+00:00,2452.46,2459.35,2448.34,2457.78,861.543275
2026-09-01 10:30:00+00:00,2457.79,2463.5,2457.79,2460.6,561.636453
2026-09-01 10:45:00+00:00,2460.61,2462.52,2455.36,2457.0,1037.651768
2026-09-01 11:00:00+00:00,2457.08,2457.08,2453.75,2454.84,430.628894
2026-09-01 11:15:00+00:00,2454.84,2457.11,2452.46,2456.47,285.474216
2026-09-01 11:30:00+00:00,2456.48,2463.49,2454.8,2460.2,513.821489
2026-09-01 11:45:00+00:00,2460.19,2463.98,2458.11,2459.11,612.990118
2026-09-01 12:00:00+00:00,2459.12,2459.33,2453.41,2455.7,739.514767
2026-09-01 12:15:00+00:00,2455.7,2458.63,2451.97,2455.48,305.285412
2026-09-01 12:30:00+00:00,2455.47,2455.48,2438.37,2446.41,2100.153438
2026-09-01 12:45:00+00:00,2446.24,2449.38,2444.69,2446.77,1341.651708
2026-09-01 13:00:00+00:00,2446.78,2447.71,2425.94,2441.4,4485.924811
2026-09-01 13:15:00+00:00,2441.63,2444.8,2438.65,2444.2,2156.312054
2026-09-01 13:30:00+00:00,2444.04,2449.85,2431.51,2442.6,2380.836178
2026-09-01 13:45:00+00:00,2442.61,2449.5,2440.25,2444.0,1290.930747
2026-09-01 14:00:00+00:00,2444.01,2456.25,2442.21,2451.26,1448.174181
2026-09-01 14:15:00+00:00,2451.3,2454.98,2446.76,2451.36,678.87067
2026-09-01 14:30:00+00:00,2451.35,2455.75,2450.28,2455.0,627.404502
2026-09-01 14:45:00+00:00,2455.0,2457.77,2447.31,2449.39,769.923064
2026-09-01 15:00:00+00:00,2449.38,2449.61,2435.2,2437.81,1631.175092
2026-09-01 15:15:00+00:00,2437.84,2443.54,2435.42,2443.54,707.694054
2026-09-01 15:30:00+00:00,2443.56,2450.0,2441.34,2449.09,577.283242
2026-09-01 15:45:00+00:00,2449.08,2455.0,2448.2,2449.11,598.384424
2026-09-01 16:00:00+00:00,2449.12,2449.72,2434.38,2434.85,977.690319
2026-09-01 16:15:00+00:00,2434.77,2438.78,2425.87,2433.93,1689.032094
2026-09-01 16:30:00+00:00,2433.8,2435.62,2420.0,2429.37,2591.886946
2026-09-01 16:45:00+00:00,2429.37,2435.2,2428.44,2432.89,1049.789441
2026-09-01 17:00:00+00:00,2432.89,2434.99,2430.91,2433.0,475.552109
2026-09-01 17:15:00+00:00,2433.0,2436.66,2428.39,2433.18,624.082663
2026-09-01 17:30:00+00:00,2433.19,2439.44,2432.53,2433.48,352.458934
2026-09-01 17:45:00+00:00,2433.48,2433.48,2417.01,2418.32,1629.631577
2026-09-01 18:00:00+00:00,2418.35,2422.01,2408.8,2416.8,2165.71843
2026-09-01 18:15:00+00:00,2416.99,2418.47,2401.53,2414.54,1884.947431
2026-09-01 18:30:00+00:00,2414.55,2417.14,2389.56,2389.82,4697.119418
2026-09-01 18:45:00+00:00,2389.91,2413.43,2383.45,2412.86,3802.065346
2026-09-01 19:00:00+00:00,2412.98,2420.17,2412.26,2415.26,1000.813114
2026-09-01 19:15:00+00:00,2415.34,2424.67,2412.56,2420.6,1033.877122
2026-09-01 19:30:00+00:00,2420.82,2422.37,2416.8,2417.34,501.819153
2026-09-01 19:45:00+00:00,2417.47,2419.69,2412.88,2419.16,652.898763
2026-09-01 20:00:00+00:00,2419.09,2420.4,2413.04,2420.4,506.791838
2026-09-01 20:15:00+00:00,2420.26,2422.41,2416.53,2420.0,600.093479
2026-09-01 20:30:00+00:00,2420.16,2423.22,2418.22,2419.42,711.568792
2026-09-01 20:45:00+00:00,2419.26,2421.66,2416.96,2421.18,347.5426
2026-09-01 21:00:00+00:00,2421.29,2423.32,2405.07,2408.74,1016.37467
2026-09-01 21:15:00+00:00,2408.8,2417.12,2400.58,2414.85,1062.981378
2026-09-01 21:30:00+00:00,2414.9,2414.9,2407.77,2413.01,559.31106
2026-09-01 21:45:00+00:00,2413.0,2417.68,2412.53,2415.6,894.10753
2026-09-01 22:00:00+00:00,2415.6,2418.74,2413.5,2416.49,242.107111
2026-09-01 22:15:00+00:00,2416.48,2416.48,2407.15,2407.59,535.704632
2026-09-01 22:30:00+00:00,2407.59,2410.07,2405.54,2407.85,549.090522
2026-09-01 22:45:00+00:00,2407.85,2416.0,2407.85,2413.15,610.668764
2026-09-01 23:00:00+00:00,2413.15,2414.98,2410.94,2413.08,359.838017
2026-09-01 23:15:00+00:00,2413.09,2417.43,2412.51,2417.43,276.876068
2026-09-01 23:30:00+00:00,2417.33,2427.37,2416.55,2423.32,1101.091016
2026-09-01 23:45:00+00:00,2423.34,2426.06,2418.32,2418.71,793.10158
2026-09-02 00:00:00+00:00,2418.72,2421.0,2417.0,2420.24,332.987747
2026-09-02 00:15:00+00:00,2420.24,2422.4,2410.89,2412.7,648.161754
2026-09-02 00:30:00+00:00,2412.43,2415.56,2406.02,2409.3,899.648381
2026-09-02 00:45:00+00:00,2409.3,2411.53,2407.15,2409.15,623.485318
2026-09-02 01:00:00+00:00,2408.97,2415.0,2407.13,2413.14,1845.6388
2026-09-02 01:15:00+00:00,2412.81,2415.09,2409.07,2409.2,576.451099
2026-09-02 01:30:00+00:00,2409.2,2411.6,2390.8,2395.49,2234.16586
2026-09-02 01:45:00+00:00,2395.29,2400.9,2386.8,2399.33,2518.000086
2026-09-02 02:00:00+00:00,2399.32,2406.05,2395.17,2401.9,1506.877637
2026-09-02 02:15:00+00:00,2401.89,2411.01,2401.35,2409.69,1026.702101
2026-09-02 02:30:00+00:00,2409.54,2410.5,2404.62,2406.91,593.702598
2026-09-02 02:45:00+00:00,2406.72,2409.8,2406.11,2409.76,342.797678
2026-09-02 03:00:00+00:00,2409.76,2420.4,2408.52,2415.6,1304.04948
2026-09-02 03:15:00+00:00,2415.73,2424.43,2413.64,2420.0,1338.067086
2026-09-02 03:30:00+00:00,2420.0,2420.39,2413.85,2414.79,859.573242
2026-09-02 03:45:00+00:00,2414.78,2417.28,2412.02,2414.3,520.880118
2026-09-02 04:00:00+00:00,2414.48,2415.45,2406.55,2408.1,979.856521
2026-09-02 04:15:00+00:00,2408.09,2413.33,2405.45,2412.62,388.450676
2026-09-02 04:30:00+00:00,2412.64,2416.19,2412.07,2415.91,348.500657
2026-09-02 04:45:00+00:00,2415.92,2416.27,2414.4,2415.43,173.920113
2026-09-02 05:00:00+00:00,2415.31,2416.28,2409.3,2415.17,543.241236
2026-09-02 05:15:00+00:00,2415.28,2423.37,2414.95,2422.35,857.446473
2026-09-02 05:30:00+00:00,2422.35,2423.0,2419.49,2420.61,532.332783
2026-09-02 05:45:00+00:00,2420.83,2425.42,2420.44,2422.53,415.283594
2026-09-02 06:00:00+00:00,2422.8,2424.8,2418.52,2418.53,683.124662
2026-09-02 06:15:00+00:00,2418.53,2422.4,2416.35,2418.16,408.045132
2026-09-02 06:30:00+00:00,2418.37,2425.42,2415.43,2422.8,827.958574
2026-09-02 06:45:00+00:00,2422.81,2422.84,2416.79,2420.76,300.677055
2026-09-02 07:00:00+00:00,2420.88,2429.0,2420.49,2426.65,843.54258
2026-09-02 07:15:00+00:00,2426.47,2426.64,2421.25,2422.06,382.574502
2026-09-02 07:30:00+00:00,2422.1,2424.6,2420.87,2421.72,1211.309013
2026-09-02 07:45:00+00:00,2421.71,2423.17,2417.48,2418.16,1371.757954
2026-09-02 08:00:00+00:00,2418.17,2420.82,2414.78,2417.55,568.384433
2026-09-02 08:15:00+00:00,2417.55,2419.18,2413.33,2414.0,704.699141
2026-09-02 08:30:00+00:00,2413.89,2414.12,2395.55,2396.3,1662.17529
2026-09-02 08:45:00+00:00,2396.29,2400.67,2390.26,2393.61,2474.745608
2026-09-02 09:00:00+00:00,2393.71,2400.66,2393.32,2396.27,1035.666139
2026-09-02 09:15:00+00:00,2396.26,2396.51,2377.68,2388.08,5457.731163
2026-09-02 09:30:00+00:00,2388.33,2388.6,2368.54,2369.97,4562.849101
2026-09-02 09:45:00+00:00,2369.97,2377.66,2367.23,2376.9,2268.480378
2026-09-02 10:00:00+00:00,2376.91,2377.24,2370.01,2373.34,1980.963324
2026-09-02 10:15:00+00:00,2373.33,2376.39,2369.5,2370.14,1289.341868
2026-09-02 10:30:00+00:00,2370.09,2370.88,2360.0,2366.44,2648.153489
2026-09-02 10:45:00+00:00,2366.44,2373.77,2356.72,2372.65,3203.174442
2026-09-02 11:00:00+00:00,2372.73,2377.43,2367.64,2376.62,1079.378843
2026-09-02 11:15:00+00:00,2376.62,2377.6,2369.3,2374.39,743.305529
2026-09-02 11:30:00+00:00,2374.68,2382.6,2373.68,2378.14,1454.786451
2026-09-02 11:45:00+00:00,2378.15,2382.52,2376.25,2381.94,893.791519
2026-09-02 12:00:00+00:00,2381.76,2383.08,2377.61,2382.62,1347.779618
2026-09-02 12:15:00+00:00,2382.62,2390.32,2379.56,2386.72,2970.990658
2026-09-02 12:30:00+00:00,2386.72,2387.17,2380.41,2382.49,2091.039004
2026-09-02 12:45:00+00:00,2382.49,2382.5,2377.1,2377.69,1409.783964
2026-09-02 13:00:00+00:00,2377.7,2385.52,2377.69,2381.99,1610.672274
2026-09-02 13:15:00+00:00,2381.98,2390.0,2381.98,2388.28,1421.582438
2026-09-02 13:30:00+00:00,2388.29,2417.34,2380.0,2417.21,4081.897969
2026-09-02 13:45:00+00:00,2417.3,2419.69,2397.75,2403.19,5071.499966
2026-09-02 14:00:00+00:00,2403.2,2408.38,2395.05,2406.89,1991.990033
2026-09-02 14:15:00+00:00,2406.89,2411.01,2400.81,2404.34,1122.699551
2026-09-02 14:30:00+00:00,2404.34,2404.41,2393.09,2403.63,1409.999239
2026-09-02 14:45:00+00:00,2403.63,2404.57,2394.02,2394.63,906.338182
2026-09-02 15:00:00+00:00,2394.59,2397.75,2379.68,2385.26,3192.932988
2026-09-02 15:15:00+00:00,2385.29,2393.75,2384.42,2388.75,1255.675647
2026-09-02 15:30:00+00:00,2388.79,2399.68,2385.35,2398.16,3045.872626
2026-09-02 15:45:00+00:00,2398.05,2398.33,2383.92,2391.25,1707.496745
2026-09-02 16:00:00+00:00,2391.24,2397.18,2387.21,2394.44,1383.843486
2026-09-02 16:15:00+00:00,2394.44,2404.87,2392.85,2398.79,2018.63812
2026-09-02 16:30:00+00:00,2398.82,2403.01,2388.53,2388.53,1494.759315
2026-09-02 16:45:00+00:00,2388.53,2392.37,2385.0,2386.65,1231.917667
2026-09-02 17:00:00+00:00,2386.44,2388.5,2375.6,2380.8,2500.646555
2026-09-02 17:15:00+00:00,2380.8,2381.79,2373.11,2380.0,2624.433181
2026-09-02 17:30:00+00:00,2380.0,2389.61,2378.95,2389.61,1511.215329
2026-09-02 17:45:00+00:00,2389.61,2394.38,2389.61,2393.99,709.546184
2026-09-02 18:00:00+00:00,2393.99,2397.09,2391.53,2395.45,857.549279
2026-09-02 18:15:00+00:00,2395.6,2400.41,2393.99,2396.52,853.885844
2026-09-02 18:30:00+00:00,2396.52,2398.03,2391.33,2392.39,478.487456
2026-09-02 18:45:00+00:00,2392.36,2395.93,2390.71,2395.2,210.058467
2026-09-02 19:00:00+00:00,2395.05,2396.75,2393.6,2396.09,200.316651
2026-09-02 19:15:00+00:00,2396.13,2396.86,2387.03,2387.03,412.446539
2026-09-02 19:30:00+00:00,2387.15,2388.49,2383.52,2387.23,484.297627
2026-09-02 19:45:00+00:00,2387.09,2393.31,2385.97,2393.31,411.398032
2026-09-02 20:00:00+00:00,2393.33,2399.99,2390.9,2393.19,593.064326
2026-09-02 20:15:00+00:00,2393.19,2397.09,2386.66,2391.77,573.708315
2026-09-02 20:30:00+00:00,2391.78,2395.98,2390.49,2390.91,570.265992
2026-09-02 20:45:00+00:00,2390.9,2395.67,2388.83,2393.94,499.16744
2026-09-02 21:00:00+00:00,2393.95,2395.01,2391.31,2393.08,310.211245
2026-09-02 21:15:00+00:00,2393.08,2393.61,2390.98,2391.26,175.379996
2026-09-02 21:30:00+00:00,2391.25,2395.36,2389.51,2394.46,298.847044
2026-09-02 21:45:00+00:00,2394.46,2394.46,2390.29,2390.63,492.825759
2026-09-02 22:00:00+00:00,2390.62,2390.63,2382.2,2385.22,1278.10638
2026-09-02 22:15:00+00:00,2385.19,2386.38,2379.0,2379.21,554.5997
2026-09-02 22:30:00+00:00,2379.23,2385.54,2379.02,2383.42,617.047726
2026-09-02 22:45:00+00:00,2383.41,2383.92,2379.52,2379.79,391.905764
2026-09-02 23:00:00+00:00,2379.79,2387.06,2377.9,2387.01,526.522812
2026-09-02 23:15:00+00:00,2386.92,2387.21,2383.13,2386.17,316.811455
2026-09-02 23:30:00+00:00,2386.09,2388.57,2383.39,2384.73,546.985456
2026-09-02 23:45:00+00:00,2384.73,2393.63,2384.73,2391.94,459.607398
2026-09-03 00:00:00+00:00,2391.91,2395.6,2387.74,2387.88,645.101479
2026-09-03 00:15:00+00:00,2387.87,2387.87,2381.0,2381.01,599.967139
2026-09-03 00:30:00+00:00,2381.01,2385.85,2379.47,2383.96,509.818621
2026-09-03 00:45:00+00:00,2384.0,2384.97,2379.59,2380.0,299.624432
2026-09-03 01:00:00+00:00,2379.87,2391.4,2370.0,2390.43,2480.231712
2026-09-03 01:15:00+00:00,2390.47,2392.48,2386.2,2392.48,653.259475
2026-09-03 01:30:00+00:00,2392.49,2394.61,2387.74,2389.34,1004.983492
2026-09-03 01:45:00+00:00,2389.1,2391.62,2384.8,2386.87,420.791551
2026-09-03 02:00:00+00:00,2386.74,2391.25,2382.69,2391.24,924.646805
2026-09-03 02:15:00+00:00,2391.11,2396.65,2389.0,2395.87,403.073266
2026-09-03 02:30:00+00:00,2395.68,2407.27,2394.28,2405.06,2397.883779
2026-09-03 02:45:00+00:00,2405.04,2409.7,2402.75,2406.0,997.550909
2026-09-03 03:00:00+00:00,2406.0,2408.73,2403.02,2407.73,354.17291
2026-09-03 03:15:00+00:00,2407.73,2410.82,2403.83,2403.83,707.863586
2026-09-03 03:30:00+00:00,2403.79,2405.62,2399.69,2400.33,604.323387
2026-09-03 03:45:00+00:00,2400.33,2403.59,2399.54,2403.32,178.574751
2026-09-03 04:00:00+00:00,2403.38,2407.36,2401.04,2401.74,378.084489
2026-09-03 04:15:00+00:00,2401.85,2402.21,2396.9,2398.5,650.636231
2026-09-03 04:30:00+00:00,2398.5,2400.1,2397.5,2397.67,316.308229
2026-09-03 04:45:00+00:00,2397.68,2408.53,2397.68,2408.32,705.800252
2026-09-03 05:00:00+00:00,2408.33,2409.99,2400.92,2402.23,648.667246
2026-09-03 05:15:00+00:00,2402.4,2403.01,2379.05,2385.35,2452.337674
2026-09-03 05:30:00+00:00,2385.4,2397.44,2384.02,2396.33,877.156818
2026-09-03 05:45:00+00:00,2396.3,2405.31,2393.71,2404.72,1043.910362
2026-09-03 06:00:00+00:00,2404.72,2406.66,2400.34,2401.37,658.512322
2026-09-03 06:15:00+00:00,2401.41,2408.55,2400.6,2407.82,691.819562
2026-09-03 06:30:00+00:00,2407.82,2409.79,2406.0,2409.75,393.730754
2026-09-03 06:45:00+00:00,2409.75,2410.13,2407.05,2408.26,282.998466
2026-09-03 07:00:00+00:00,2408.16,2419.6,2407.65,2413.16,1651.651189
2026-09-03 07:15:00+00:00,2413.37,2413.38,2405.11,2408.0,961.555911
2026-09-03 07:30:00+00:00,2408.0,2412.67,2403.64,2407.85,869.918164
2026-09-03 07:45:00+00:00,2407.86,2409.5,2395.56,2398.6,2076.424263
2026-09-03 08:00:00+00:00,2398.74,2412.99,2398.73,2405.78,1951.298167
2026-09-03 08:15:00+00:00,2405.78,2409.46,2400.5,2408.98,490.32196
2026-09-03 08:30:00+00:00,2408.99,2409.73,2405.37,2405.85,317.055881
2026-09-03 08:45:00+00:00,2405.86,2407.71,2401.26,2403.69,489.091383
2026-09-03 09:00:00+00:00,2403.7,2407.59,2401.39,2404.9,403.345504
2026-09-03 09:15:00+00:00,2404.89,2406.65,2399.4,2399.41,474.190288
2026-09-03 09:30:00+00:00,2399.4,2400.23,2394.06,2397.14,587.982616
2026-09-03 09:45:00+00:00,2397.27,2399.56,2393.74,2393.75,320.530444
2026-09-03 10:00:00+00:00,2393.75,2396.66,2390.8,2391.68,703.811622
2026-09-03 10:15:00+00:00,2391.75,2398.85,2390.26,2396.65,515.459436
2026-09-03 10:30:00+00:00,2396.46,2397.2,2390.12,2391.62,410.374536
2026-09-03 10:45:00+00:00,2391.61,2397.61,2391.34,2396.89,446.533527
2026-09-03 11:00:00+00:00,2396.96,2400.61,2395.62,2399.63,445.249438
2026-09-03 11:15:00+00:00,2399.69,2406.14,2399.69,2405.47,512.382601
2026-09-03 11:30:00+00:00,2405.54,2409.29,2402.13,2408.39,929.028924
2026-09-03 11:45:00+00:00,2408.4,2411.17,2405.49,2407.2,1248.487534
2026-09-03 12:00:00+00:00,2407.18,2411.04,2405.26,2409.71,412.113203
2026-09-03 12:15:00+00:00,2409.7,2411.87,2405.57,2408.08,267.527728
2026-09-03 12:30:00+00:00,2408.25,2423.72,2408.25,2413.75,3087.115645
2026-09-03 12:45:00+00:00,2413.52,2426.99,2412.83,2423.37,2003.498971
2026-09-03 13:00:00+00:00,2423.36,2424.84,2417.21,2419.53,1474.136046
2026-09-03 13:15:00+00:00,2419.56,2421.59,2415.87,2419.82,511.336443
2026-09-03 13:30:00+00:00,2419.83,2435.86,2418.37,2434.83,2954.056211
2026-09-03 13:45:00+00:00,2434.82,2436.13,2424.49,2430.09,1433.189604
2026-09-03 14:00:00+00:00,2430.0,2439.6,2425.5,2439.6,2770.988285
2026-09-03 14:15:00+00:00,2439.6,2451.4,2438.14,2450.65,3157.652752
2026-09-03 14:30:00+00:00,2450.65,2465.13,2448.39,2456.98,5859.13747
2026-09-03 14:45:00+00:00,2456.63,2490.0,2456.44,2489.31,11846.004019
2026-09-03 15:00:00+00:00,2489.31,2503.65,2479.43,2486.23,7565.205441
2026-09-03 15:15:00+00:00,2486.32,2493.17,2482.25,2490.4,2279.008035
2026-09-03 15:30:00+00:00,2490.39,2497.33,2488.04,2492.61,2109.283715
2026-09-03 15:45:00+00:00,2492.87,2517.37,2487.13,2516.9,5150.802671
2026-09-03 16:00:00+00:00,2516.89,2518.91,2496.55,2501.13,3645.929636
2026-09-03 16:15:00+00:00,2501.0,2501.22,2488.72,2492.0,2302.67645
2026-09-03 16:30:00+00:00,2491.81,2498.0,2488.83,2489.04,1107.972587
2026-09-03 16:45:00+00:00,2489.0,2496.36,2488.53,2494.1,599.10717
2026-09-03 17:00:00+00:00,2494.1,2499.5,2491.87,2499.49,951.420516
2026-09-03 17:15:00+00:00,2499.48,2503.48,2496.07,2499.74,996.382743
2026-09-03 17:30:00+00:00,2499.74,2506.08,2498.56,2501.91,850.361614
2026-09-03 17:45:00+00:00,2501.91,2505.5,2499.63,2500.3,969.516368
2026-09-03 18:00:00+00:00,2500.3,2511.99,2499.79,2507.85,1605.925269
2026-09-03 18:15:00+00:00,2507.85,2509.18,2499.51,2500.44,838.265422
2026-09-03 18:30:00+00:00,2500.44,2503.14,2498.13,2499.11,520.315556
2026-09-03 18:45:00+00:00,2499.12,2514.4,2498.86,2512.88,895.685389
2026-09-03 19:00:00+00:00,2512.7,2530.0,2508.69,2509.08,5700.35642
2026-09-03 19:15:00+00:00,2508.98,2519.3,2507.36,2514.67,1044.650092
2026-09-03 19:30:00+00:00,2514.63,2517.62,2508.33,2515.94,565.967625
2026-09-03 19:45:00+00:00,2515.77,2518.54,2510.04,2518.29,1304.892901
2026-09-03 20:00:00+00:00,2518.16,2518.38,2505.84,2510.68,1220.926595
2026-09-03 20:15:00+00:00,2510.65,2514.49,2506.76,2510.45,573.53142
2026-09-03 20:30:00+00:00,2510.39,2511.64,2502.5,2503.67,575.387757
2026-09-03 20:45:00+00:00,2503.68,2508.83,2503.46,2504.99,598.446973
2026-09-03 21:00:00+00:00,2505.0,2512.0,2500.32,2511.57,994.546943
2026-09-03 21:15:00+00:00,2511.66,2513.42,2507.11,2513.29,708.467025
2026-09-03 21:30:00+00:00,2513.3,2526.62,2508.79,2508.9,1618.572803
2026-09-03 21:45:00+00:00,2508.86,2516.49,2506.43,2511.18,673.875648
2026-09-03 22:00:00+00:00,2511.18,2512.56,2501.64,2504.18,675.518599
2026-09-03 22:15:00+00:00,2504.18,2506.18,2494.5,2494.5,1072.135885
2026-09-03 22:30:00+00:00,2494.59,2497.0,2490.0,2497.0,1138.406553
2026-09-03 22:45:00+00:00,2497.0,2501.46,2496.28,2496.47,696.845834
2026-09-03 23:00:00+00:00,2496.47,2499.4,2495.08,2496.87,611.062777
2026-09-03 23:15:00+00:00,2496.87,2501.99,2495.69,2501.99,854.05727
2026-09-03 23:30:00+00:00,2502.0,2508.32,2497.74,2506.84,649.734743
2026-09-03 23:45:00+00:00,2506.81,2509.09,2503.2,2507.51,712.66069
2026-09-04 00:00:00+00:00,2507.41,2509.53,2502.62,2507.84,963.488141
2026-09-04 00:15:00+00:00,2507.85,2512.09,2504.7,2506.2,903.494103
2026-09-04 00:30:00+00:00,2506.18,2515.62,2504.6,2506.39,1798.296271
2026-09-04 00:45:00+00:00,2506.51,2507.9,2500.85,2501.5,1270.805457
2026-09-04 01:00:00+00:00,2501.53,2507.74,2497.27,2504.09,1101.078718
2026-09-04 01:15:00+00:00,2504.2,2509.98,2502.01,2504.59,732.182562
2026-09-04 01:30:00+00:00,2504.55,2508.67,2498.44,2499.58,515.821814
2026-09-04 01:45:00+00:00,2499.58,2507.99,2498.44,2506.76,1203.662667
2026-09-04 02:00:00+00:00,2506.85,2506.96,2500.0,2502.5,273.860138
2026-09-04 02:15:00+00:00,2502.5,2505.3,2498.21,2499.16,447.334013
2026-09-04 02:30:00+00:00,2499.34,2504.65,2498.03,2500.8,430.950467
2026-09-04 02:45:00+00:00,2500.52,2507.61,2499.6,2507.61,1429.757002
2026-09-04 03:00:00+00:00,2507.61,2517.27,2507.44,2511.04,1720.835893
2026-09-04 03:15:00+00:00,2511.0,2511.96,2507.49,2507.58,2443.624731
2026-09-04 03:30:00+00:00,2507.58,2509.2,2505.26,2506.75,507.278659
2026-09-04 03:45:00+00:00,2506.75,2508.34,2504.86,2504.86,287.424478
2026-09-04 04:00:00+00:00,2504.86,2507.63,2502.49,2507.53,477.290667
2026-09-04 04:15:00+00:00,2507.53,2523.91,2506.91,2523.34,1856.724323
2026-09-04 04:30:00+00:00,2523.34,2524.98,2511.94,2512.12,1032.664545
2026-09-04 04:45:00+00:00,2512.12,2513.41,2508.45,2509.55,618.630862
2026-09-04 05:00:00+00:00,2509.44,2514.47,2506.45,2511.24,799.511875
2026-09-04 05:15:00+00:00,2511.23,2516.45,2510.61,2510.81,636.082922
2026-09-04 05:30:00+00:00,2510.61,2512.79,2507.41,2512.56,1480.24278
2026-09-04 05:45:00+00:00,2512.57,2514.51,2504.76,2509.41,1791.753013
2026-09-04 06:00:00+00:00,2509.4,2519.0,2507.28,2515.03,965.651973
2026-09-04 06:15:00+00:00,2515.02,2515.02,2505.0,2505.97,865.456242
2026-09-04 06:30:00+00:00,2505.84,2509.25,2500.38,2509.25,2106.540277
2026-09-04 06:45:00+00:00,2509.25,2509.42,2504.69,2508.42,1445.649388
2026-09-04 07:00:00+00:00,2508.42,2516.47,2507.62,2515.29,1963.950742
2026-09-04 07:15:00+00:00,2515.29,2516.05,2509.88,2511.73,1708.115582
2026-09-04 07:30:00+00:00,2511.77,2513.22,2505.3,2507.24,2757.876166
2026-09-04 07:45:00+00:00,2507.25,2509.2,2503.73,2504.35,2346.292184
2026-09-04 08:00:00+00:00,2504.35,2513.5,2503.23,2513.3,2212.253355
2026-09-04 08:15:00+00:00,2513.21,2517.5,2511.53,2516.74,1695.058883
2026-09-04 08:30:00+00:00,2516.92,2521.8,2514.28,2519.06,1337.233416
2026-09-04 08:45:00+00:00,2519.0,2534.67,2516.34,2527.47,5438.777821
2026-09-04 09:00:00+00:00,2527.59,2536.66,2525.66,2530.09,3022.289675
2026-09-04 09:15:00+00:00,2530.1,2547.1,2519.7,2522.59,4071.795095
2026-09-04 09:30:00+00:00,2522.3,2533.32,2520.0,2529.53,1353.404098
2026-09-04 09:45:00+00:00,2529.69,2531.25,2520.74,2521.28,991.613711
2026-09-04 10:00:00+00:00,2521.12,2525.0,2516.98,2520.15,1118.673384
2026-09-04 10:15:00+00:00,2520.2,2521.93,2514.99,2521.4,871.960577
2026-09-04 10:30:00+00:00,2521.29,2528.5,2519.67,2527.98,765.384305
2026-09-04 10:45:00+00:00,2527.92,2528.35,2522.82,2526.34,322.755592
2026-09-04 11:00:00+00:00,2526.34,2526.61,2520.38,2522.76,462.869452
2026-09-04 11:15:00+00:00,2522.83,2527.15,2521.72,2525.75,823.654729
2026-09-04 11:30:00+00:00,2525.74,2527.72,2523.16,2525.16,453.186438
2026-09-04 11:45:00+00:00,2525.15,2527.91,2522.01,2523.11,313.427915
2026-09-04 12:00:00+00:00,2523.11,2526.0,2520.72,2524.71,966.805132
2026-09-04 12:15:00+00:00,2524.65,2532.15,2519.27,2530.35,1054.15649
2026-09-04 12:30:00+00:00,2530.2,2530.2,2435.19,2451.07,39032.131394
2026-09-04 12:45:00+00:00,2451.2,2458.46,2435.0,2451.73,7890.033529
2026-09-04 13:00:00+00:00,2451.63,2454.58,2445.0,2446.21,2812.183255
2026-09-04 13:15:00+00:00,2446.2,2455.39,2445.12,2450.06,1642.617111
2026-09-04 13:30:00+00:00,2449.91,2456.97,2435.88,2450.73,4290.668498
2026-09-04 13:45:00+00:00,2451.0,2463.99,2447.71,2452.22,3145.268213
2026-09-04 14:00:00+00:00,2452.35,2458.41,2447.86,2454.32,2144.810648
2026-09-04 14:15:00+00:00,2454.13,2456.43,2443.17,2453.83,1863.756451
2026-09-04 14:30:00+00:00,2454.18,2458.32,2438.32,2444.18,2011.94525
2026-09-04 14:45:00+00:00,2444.16,2447.7,2431.0,2440.29,2876.141887
2026-09-04 15:00:00+00:00,2440.29,2448.74,2437.83,2448.74,1207.520215
2026-09-04 15:15:00+00:00,2448.75,2456.44,2448.05,2454.6,1051.094799
2026-09-04 15:30:00+00:00,2454.59,2458.69,2452.63,2456.11,727.877149
2026-09-04 15:45:00+00:00,2456.16,2456.44,2450.3,2452.2,728.250738
2026-09-04 16:00:00+00:00,2452.19,2454.61,2449.75,2450.73,629.307252
2026-09-04 16:15:00+00:00,2450.67,2454.65,2450.43,2454.43,405.119943
2026-09-04 16:30:00+00:00,2454.43,2462.0,2454.13,2461.34,1040.774826
2026-09-04 16:45:00+00:00,2461.36,2464.51,2459.13,2460.48,817.157113
2026-09-04 17:00:00+00:00,2460.57,2461.0,2451.58,2452.09,916.497193
2026-09-04 17:15:00+00:00,2452.08,2452.1,2447.0,2447.81,1823.984842
2026-09-04 17:30:00+00:00,2447.88,2450.84,2444.83,2447.16,829.467931
2026-09-04 17:45:00+00:00,2447.17,2447.46,2443.02,2445.4,574.430407
2026-09-04 18:00:00+00:00,2445.41,2450.2,2444.9,2445.3,531.502403
2026-09-04 18:15:00+00:00,2445.15,2449.62,2445.15,2448.27,244.789865
2026-09-04 18:30:00+00:00,2448.27,2452.46,2448.27,2451.35,331.642549
2026-09-04 18:45:00+00:00,2451.35,2451.85,2449.06,2450.72,210.183117
2026-09-04 19:00:00+00:00,2450.79,2455.41,2450.79,2454.37,388.607969
2026-09-04 19:15:00+00:00,2454.37,2457.8,2453.84,2457.41,500.31072
2026-09-04 19:30:00+00:00,2457.4,2457.4,2453.68,2454.8,357.166881
2026-09-04 19:45:00+00:00,2454.81,2457.44,2453.8,2456.11,608.398469
2026-09-04 20:00:00+00:00,2455.82,2458.97,2453.0,2453.65,373.288242
2026-09-04 20:15:00+00:00,2453.78,2457.75,2452.55,2453.23,453.94848
2026-09-04 20:30:00+00:00,2453.29,2454.93,2452.11,2454.11,299.456994
2026-09-04 20:45:00+00:00,2454.13,2455.6,2450.88,2451.32,308.942041
2026-09-04 21:00:00+00:00,2451.31,2454.88,2450.1,2453.52,511.828222
2026-09-04 21:15:00+00:00,2453.53,2455.0,2452.23,2453.04,124.297301
2026-09-04 21:30:00+00:00,2453.0,2456.86,2452.6,2456.21,321.742839
2026-09-04 21:45:00+00:00,2456.64,2456.86,2450.01,2452.09,331.880904
2026-09-04 22:00:00+00:00,2452.09,2454.42,2451.62,2452.86,193.570642
2026-09-04 22:15:00+00:00,2452.95,2453.28,2451.08,2452.78,192.186527
2026-09-04 22:30:00+00:00,2452.7,2454.5,2452.2,2452.2,72.895066
2026-09-04 22:45:00+00:00,2452.21,2452.63,2450.71,2451.13,203.853141
2026-09-04 23:00:00+00:00,2451.13,2452.13,2450.04,2450.6,843.913982
2026-09-04 23:15:00+00:00,2450.6,2455.07,2450.41,2453.71,953.063061
2026-09-04 23:30:00+00:00,2453.65,2453.81,2452.59,2453.49,84.273836
2026-09-04 23:45:00+00:00,2453.49,2456.03,2453.49,2456.03,188.697579
2026-09-05 00:00:00+00:00,2456.03,2456.67,2453.69,2454.65,315.726814
2026-09-05 00:15:00+00:00,2454.65,2454.73,2452.75,2452.93,284.541714
2026-09-05 00:30:00+00:00,2452.93,2455.76,2451.9,2454.09,366.334744
2026-09-05 00:45:00+00:00,2454.02,2455.0,2451.62,2452.1,429.308795
2026-09-05 01:00:00+00:00,2452.11,2455.78,2451.48,2453.42,507.208831
2026-09-05 01:15:00+00:00,2453.46,2456.17,2452.37,2456.17,357.627337
2026-09-05 01:30:00+00:00,2456.17,2456.17,2453.32,2453.75,110.91122
2026-09-05 01:45:00+00:00,2453.97,2455.35,2452.0,2452.0,451.527837
2026-09-05 02:00:00+00:00,2452.01,2452.6,2450.0,2452.13,241.512079
2026-09-05 02:15:00+00:00,2452.14,2453.24,2450.58,2450.71,301.186493
2026-09-05 02:30:00+00:00,2450.72,2453.0,2450.5,2452.74,237.226466
2026-09-05 02:45:00+00:00,2452.74,2453.31,2450.16,2453.23,361.086719
2026-09-05 03:00:00+00:00,2453.23,2453.23,2451.01,2452.44,221.997631
2026-09-05 03:15:00+00:00,2452.44,2454.78,2452.11,2453.62,372.547829
2026-09-05 03:30:00+00:00,2453.63,2455.99,2453.44,2454.0,182.126286
2026-09-05 03:45:00+00:00,2454.0,2454.74,2452.28,2452.6,172.109728
2026-09-05 04:00:00+00:00,2452.69,2453.12,2450.6,2451.24,328.00806
2026-09-05 04:15:00+00:00,2451.25,2452.72,2451.24,2452.46,195.829199
2026-09-05 04:30:00+00:00,2452.46,2452.58,2450.41,2451.29,234.548866
2026-09-05 04:45:00+00:00,2451.29,2451.73,2448.6,2449.12,518.664789
2026-09-05 05:00:00+00:00,2449.13,2450.0,2445.0,2450.0,825.996104
2026-09-05 05:15:00+00:00,2450.0,2451.0,2448.6,2451.0,446.951171
2026-09-05 05:30:00+00:00,2451.0,2452.41,2450.0,2450.0,300.286636
2026-09-05 05:45:00+00:00,2450.0,2451.93,2448.63,2450.99,363.000594
2026-09-05 06:00:00+00:00,2451.07,2452.99,2450.65,2451.86,329.616625
2026-09-05 06:15:00+00:00,2451.85,2452.15,2451.06,2451.25,177.847048
2026-09-05 06:30:00+00:00,2451.26,2454.77,2451.16,2452.68,398.899203
2026-09-05 06:45:00+00:00,2452.68,2454.0,2452.67,2453.47,328.312056
2026-09-05 07:00:00+00:00,2453.6,2455.0,2452.83,2455.0,218.919863
2026-09-05 07:15:00+00:00,2455.0,2458.32,2453.83,2456.65,372.999756
2026-09-05 07:30:00+00:00,2456.66,2459.9,2456.33,2458.9,5955.922978
2026-09-05 07:45:00+00:00,2458.9,2459.83,2456.68,2457.99,5713.491484
2026-09-05 08:00:00+00:00,2458.0,2458.0,2454.84,2455.19,782.151478
2026-09-05 08:15:00+00:00,2455.19,2457.34,2453.44,2455.41,443.583755
2026-09-05 08:30:00+00:00,2455.4,2455.76,2453.0,2455.43,617.332884
2026-09-05 08:45:00+00:00,2455.43,2457.04,2453.78,2456.89,229.407746
2026-09-05 09:00:00+00:00,2456.89,2460.14,2456.69,2459.21,517.089285
2026-09-05 09:15:00+00:00,2459.12,2459.12,2457.46,2458.0,275.611746
2026-09-05 09:30:00+00:00,2458.0,2460.16,2457.78,2460.16,313.258999
2026-09-05 09:45:00+00:00,2460.16,2460.32,2458.38,2458.49,149.899334
2026-09-05 10:00:00+00:00,2458.42,2458.75,2457.23,2457.41,206.61914
2026-09-05 10:15:00+00:00,2457.41,2457.8,2454.68,2454.92,272.415196
2026-09-05 10:30:00+00:00,2454.98,2456.83,2454.0,2455.47,221.095736
2026-09-05 10:45:00+00:00,2455.35,2455.77,2454.12,2454.25,146.636322
2026-09-05 11:00:00+00:00,2454.25,2455.65,2453.91,2454.47,238.482277
2026-09-05 11:15:00+00:00,2454.33,2454.43,2453.0,2453.78,142.279488
2026-09-05 11:30:00+00:00,2453.78,2454.39,2453.42,2453.75,85.990824
2026-09-05 11:45:00+00:00,2453.74,2456.2,2453.45,2453.85,189.726423
2026-09-05 12:00:00+00:00,2453.86,2455.8,2453.85,2455.32,82.94417
2026-09-05 12:15:00+00:00,2455.32,2455.63,2454.69,2454.86,158.807335
2026-09-05 12:30:00+00:00,2454.86,2459.89,2452.98,2459.0,395.120852
2026-09-05 12:45:00+00:00,2459.0,2462.0,2458.14,2458.87,464.217307
2026-09-05 13:00:00+00:00,2458.88,2461.14,2457.84,2459.61,279.086631
2026-09-05 13:15:00+00:00,2459.52,2462.0,2457.8,2459.66,387.845928
2026-09-05 13:30:00+00:00,2459.66,2460.66,2455.85,2456.86,421.466218
2026-09-05 13:45:00+00:00,2456.8,2457.79,2449.49,2454.19,990.858998
2026-09-05 14:00:00+00:00,2454.2,2456.47,2453.78,2455.18,162.399691
2026-09-05 14:15:00+00:00,2455.18,2457.18,2454.37,2457.17,154.440297
2026-09-05 14:30:00+00:00,2457.19,2458.32,2456.11,2456.29,287.038923
2026-09-05 14:45:00+00:00,2456.29,2459.01,2455.29,2457.5,370.158708
2026-09-05 15:00:00+00:00,2457.46,2459.57,2456.61,2458.99,366.489609
2026-09-05 15:15:00+00:00,2458.99,2460.0,2455.9,2457.46,604.304561
2026-09-05 15:30:00+00:00,2457.46,2459.93,2457.45,2458.21,180.331817
2026-09-05 15:45:00+00:00,2458.47,2459.97,2457.85,2459.92,306.800765
2026-09-05 16:00:00+00:00,2459.93,2460.51,2458.83,2459.61,298.452055
2026-09-05 16:15:00+00:00,2459.61,2463.63,2459.48,2463.63,499.794576
2026-09-05 16:30:00+00:00,2463.63,2470.26,2463.63,2466.36,1708.836268
2026-09-05 16:45:00+00:00,2466.36,2474.36,2466.36,2471.06,1578.849308
2026-09-05 17:00:00+00:00,2471.13,2482.2,2471.0,2480.64,1860.633505
2026-09-05 17:15:00+00:00,2480.63,2481.48,2475.77,2478.13,1795.133704
2026-09-05 17:30:00+00:00,2478.12,2485.71,2475.4,2477.12,1054.374806
2026-09-05 17:45:00+00:00,2477.31,2482.16,2476.67,2481.01,616.132796
2026-09-05 18:00:00+00:00,2481.28,2482.32,2477.45,2478.58,604.665592
2026-09-05 18:15:00+00:00,2478.58,2479.62,2476.06,2476.36,467.19771
2026-09-05 18:30:00+00:00,2476.4,2479.69,2476.01,2477.93,287.601912
2026-09-05 18:45:00+00:00,2478.01,2480.58,2476.2,2480.47,203.217308
2026-09-05 19:00:00+00:00,2480.47,2480.47,2476.0,2478.07,436.698373
2026-09-05 19:15:00+00:00,2478.07,2482.53,2477.47,2479.85,412.716251
2026-09-05 19:30:00+00:00,2479.96,2481.27,2472.73,2477.36,975.94329
2026-09-05 19:45:00+00:00,2477.37,2478.76,2472.76,2477.58,601.970273
2026-09-05 20:00:00+00:00,2477.59,2483.65,2475.28,2479.34,624.364856
2026-09-05 20:15:00+00:00,2479.36,2479.93,2475.2,2476.66,571.897483
2026-09-05 20:30:00+00:00,2476.71,2479.67,2475.1,2479.67,381.557072
2026-09-05 20:45:00+00:00,2479.68,2480.84,2476.61,2477.62,300.157435
2026-09-05 21:00:00+00:00,2477.61,2478.36,2476.61,2477.37,157.451699
2026-09-05 21:15:00+00:00,2477.37,2481.54,2476.64,2481.33,129.099759
2026-09-05 21:30:00+00:00,2481.29,2493.3,2480.83,2491.25,1148.503421
2026-09-05 21:45:00+00:00,2490.95,2491.38,2487.96,2489.0,376.63597
2026-09-05 22:00:00+00:00,2489.02,2491.07,2484.5,2487.4,424.316216
2026-09-05 22:15:00+00:00,2487.31,2488.67,2479.05,2480.9,545.208817
2026-09-05 22:30:00+00:00,2480.9,2484.86,2480.83,2481.94,422.853759
2026-09-05 22:45:00+00:00,2481.94,2482.01,2479.84,2480.97,207.600791
2026-09-05 23:00:00+00:00,2480.97,2481.0,2478.2,2478.8,198.945679
2026-09-05 23:15:00+00:00,2478.94,2482.52,2478.21,2480.72,295.713565
2026-09-05 23:30:00+00:00,2480.72,2483.79,2476.89,2480.97,444.53936
2026-09-05 23:45:00+00:00,2480.97,2483.39,2479.13,2480.19,486.344497
2026-09-06 00:00:00+00:00,2480.11,2481.8,2479.14,2481.8,273.532692
2026-09-06 00:15:00+00:00,2481.75,2488.8,2481.5,2486.94,243.927969
2026-09-06 00:30:00+00:00,2486.84,2490.0,2485.31,2487.45,640.322074
2026-09-06 00:45:00+00:00,2487.4,2492.39,2486.59,2490.0,944.694675
2026-09-06 01:00:00+00:00,2490.0,2499.99,2489.08,2497.28,2235.021659
2026-09-06 01:15:00+00:00,2497.19,2497.44,2491.41,2493.68,715.08326
2026-09-06 01:30:00+00:00,2493.66,2508.0,2493.66,2501.58,2059.180776
2026-09-06 01:45:00+00:00,2501.59,2507.49,2500.6,2505.49,956.492909
2026-09-06 02:00:00+00:00,2505.49,2511.0,2501.48,2507.0,1524.623624
2026-09-06 02:15:00+00:00,2507.0,2507.85,2501.26,2501.83,473.353027
2026-09-06 02:30:00+00:00,2501.84,2504.58,2500.59,2502.12,304.982242
2026-09-06 02:45:00+00:00,2502.12,2503.85,2501.09,2503.16,154.865205
2026-09-06 03:00:00+00:00,2503.2,2505.78,2500.92,2505.56,486.176123
2026-09-06 03:15:00+00:00,2505.57,2507.3,2500.25,2501.46,435.231731
2026-09-06 03:30:00+00:00,2501.46,2514.51,2501.46,2512.84,2409.772836
2026-09-06 03:45:00+00:00,2512.88,2514.19,2507.01,2509.56,780.794466
2026-09-06 04:00:00+00:00,2509.57,2510.97,2506.55,2507.35,342.484051
2026-09-06 04:15:00+00:00,2507.35,2508.19,2498.4,2503.13,722.015934
2026-09-06 04:30:00+00:00,2503.05,2504.15,2501.45,2503.9,285.441239
2026-09-06 04:45:00+00:00,2503.9,2505.6,2502.23,2504.33,328.032825
2026-09-06 05:00:00+00:00,2504.33,2506.16,2502.0,2502.31,189.946124
2026-09-06 05:15:00+00:00,2502.35,2506.8,2500.66,2505.0,537.224908
2026-09-06 05:30:00+00:00,2505.01,2524.0,2505.01,2515.92,3034.825422
2026-09-06 05:45:00+00:00,2515.92,2517.33,2510.94,2513.43,797.436742
2026-09-06 06:00:00+00:00,2513.54,2513.54,2509.21,2509.51,302.68795
2026-09-06 06:15:00+00:00,2509.66,2510.04,2505.95,2506.53,318.720913
2026-09-06 06:30:00+00:00,2506.46,2508.79,2505.59,2508.79,975.188908
2026-09-06 06:45:00+00:00,2508.79,2509.01,2503.58,2505.79,582.139709
2026-09-06 07:00:00+00:00,2505.79,2507.79,2481.87,2489.05,3111.815024
2026-09-06 07:15:00+00:00,2489.71,2499.52,2489.71,2495.76,1387.588605
2026-09-06 07:30:00+00:00,2495.8,2496.76,2492.44,2496.0,717.425166
2026-09-06 07:45:00+00:00,2495.97,2497.86,2494.73,2496.81,544.982175
2026-09-06 08:00:00+00:00,2496.78,2499.94,2495.0,2498.72,317.109979
2026-09-06 08:15:00+00:00,2498.75,2499.4,2495.0,2495.01,300.122562
2026-09-06 08:30:00+00:00,2495.01,2495.01,2492.4,2493.85,359.508111
2026-09-06 08:45:00+00:00,2493.89,2497.39,2491.93,2495.65,629.174987
2026-09-06 09:00:00+00:00,2495.75,2499.4,2494.1,2499.0,567.101569
2026-09-06 09:15:00+00:00,2499.03,2503.51,2498.04,2502.09,615.794398
2026-09-06 09:30:00+00:00,2501.91,2503.4,2494.0,2496.45,576.352139
2026-09-06 09:45:00+00:00,2496.41,2499.78,2495.76,2499.17,278.711192
2026-09-06 10:00:00+00:00,2499.21,2502.48,2498.78,2498.9,367.21537
2026-09-06 10:15:00+00:00,2498.91,2500.3,2498.14,2498.4,444.097092
2026-09-06 10:30:00+00:00,2498.35,2500.78,2497.59,2500.77,250.456143
2026-09-06 10:45:00+00:00,2500.62,2502.6,2499.14,2501.58,240.746422
2026-09-06 11:00:00+00:00,2501.58,2504.25,2499.67,2502.68,688.770962
2026-09-06 11:15:00+00:00,2502.71,2504.26,2500.27,2500.71,562.47696
2026-09-06 11:30:00+00:00,2500.71,2502.99,2499.74,2502.25,422.48875
2026-09-06 11:45:00+00:00,2502.24,2503.19,2500.61,2501.76,211.068357
2026-09-06 12:00:00+00:00,2501.77,2503.39,2499.16,2503.38,1194.947183
2026-09-06 12:15:00+00:00,2503.38,2504.7,2501.3,2501.72,347.646517
2026-09-06 12:30:00+00:00,2501.95,2504.7,2499.53,2499.78,1081.921974
2026-09-06 12:45:00+00:00,2499.9,2503.35,2497.41,2500.38,642.467438
2026-09-06 13:00:00+00:00,2500.39,2500.8,2495.21,2497.3,1310.685961
2026-09-06 13:15:00+00:00,2497.31,2497.34,2491.49,2491.59,732.765762
2026-09-06 13:30:00+00:00,2491.6,2494.28,2486.66,2492.83,831.819113
2026-09-06 13:45:00+00:00,2492.79,2495.95,2492.07,2494.63,472.933201
2026-09-06 14:00:00+00:00,2494.64,2495.0,2487.64,2488.27,702.204309
2026-09-06 14:15:00+00:00,2488.33,2489.1,2475.0,2482.02,2530.516737
2026-09-06 14:30:00+00:00,2481.99,2485.71,2460.0,2485.11,4288.82181
2026-09-06 14:45:00+00:00,2485.11,2486.0,2477.77,2478.5,939.269348
2026-09-06 15:00:00+00:00,2478.56,2479.0,2470.09,2477.1,1033.500629
2026-09-06 15:15:00+00:00,2477.08,2481.24,2476.62,2479.11,286.225464
2026-09-06 15:30:00+00:00,2479.06,2481.89,2475.95,2481.14,475.249764
2026-09-06 15:45:00+00:00,2481.13,2482.65,2479.38,2479.86,860.082037
2026-09-06 16:00:00+00:00,2479.8,2483.36,2475.09,2482.65,716.833406
2026-09-06 16:15:00+00:00,2482.65,2483.46,2478.62,2483.0,730.593443
2026-09-06 16:30:00+00:00,2482.99,2487.52,2481.2,2483.86,458.876717
2026-09-06 16:45:00+00:00,2484.0,2485.19,2481.8,2484.63,293.303308
2026-09-06 17:00:00+00:00,2484.62,2486.32,2480.34,2485.53,834.784179
2026-09-06 17:15:00+00:00,2485.53,2494.66,2485.48,2489.6,1019.555467
2026-09-06 17:30:00+00:00,2489.47,2494.31,2487.89,2492.91,478.451775
2026-09-06 17:45:00+00:00,2493.02,2494.02,2490.91,2491.34,189.485177
2026-09-06 18:00:00+00:00,2491.46,2495.08,2491.46,2493.74,226.453576
2026-09-06 18:15:00+00:00,2493.78,2497.07,2493.2,2495.82,289.204958
2026-09-06 18:30:00+00:00,2495.82,2500.1,2495.81,2498.0,680.422906
2026-09-06 18:45:00+00:00,2498.0,2498.0,2493.46,2494.51,331.358067
2026-09-06 19:00:00+00:00,2494.5,2494.55,2491.59,2491.59,394.353534
2026-09-06 19:15:00+00:00,2491.6,2493.5,2490.24,2492.27,201.405277
2026-09-06 19:30:00+00:00,2492.26,2492.54,2490.05,2490.62,57.591169
2026-09-06 19:45:00+00:00,2490.67,2491.06,2489.73,2490.75,262.537932
2026-09-06 20:00:00+00:00,2490.78,2493.0,2488.77,2492.44,210.289781
2026-09-06 20:15:00+00:00,2492.43,2497.36,2491.4,2495.95,371.544048
2026-09-06 20:30:00+00:00,2496.09,2497.39,2494.78,2497.09,238.079518
2026-09-06 20:45:00+00:00,2497.1,2500.4,2497.06,2499.38,160.429085
2026-09-06 21:00:00+00:00,2499.6,2513.96,2499.46,2510.98,2831.749045
2026-09-06 21:15:00+00:00,2510.97,2515.83,2505.55,2506.0,762.316978
2026-09-06 21:30:00+00:00,2506.0,2510.6,2504.58,2507.4,342.444746
2026-09-06 21:45:00+00:00,2507.4,2512.2,2506.11,2508.33,314.647495
2026-09-06 22:00:00+00:00,2508.28,2508.42,2495.72,2497.99,1024.517982
2026-09-06 22:15:00+00:00,2497.91,2499.98,2487.41,2499.06,1501.883086
2026-09-06 22:30:00+00:00,2498.99,2507.5,2498.61,2506.57,1109.717614
2026-09-06 22:45:00+00:00,2506.57,2510.7,2505.0,2508.17,787.273209
2026-09-06 23:00:00+00:00,2508.17,2517.14,2506.71,2510.85,921.536959
2026-09-06 23:15:00+00:00,2510.85,2515.15,2508.9,2512.67,581.118625
2026-09-06 23:30:00+00:00,2512.7,2522.66,2512.56,2520.09,1571.215809
2026-09-06 23:45:00+00:00,2520.1,2526.57,2512.51,2514.77,1898.410112
2026-09-07 00:00:00+00:00,2514.61,2518.09,2510.11,2515.63,782.196157
2026-09-07 00:15:00+00:00,2515.61,2518.1,2509.46,2517.77,695.527929
2026-09-07 00:30:00+00:00,2517.91,2522.39,2512.79,2515.18,963.502107
2026-09-07 00:45:00+00:00,2515.1,2516.91,2509.75,2513.22,625.316662
2026-09-07 01:00:00+00:00,2513.23,2516.25,2503.25,2507.42,1085.527281
2026-09-07 01:15:00+00:00,2507.42,2509.82,2501.3,2504.9,840.433442
2026-09-07 01:30:00+00:00,2504.9,2508.07,2499.6,2500.94,511.843569
2026-09-07 01:45:00+00:00,2500.94,2505.61,2499.8,2504.0,331.309289
2026-09-07 02:00:00+00:00,2503.83,2504.87,2498.68,2501.0,602.319088
2026-09-07 02:15:00+00:00,2500.83,2511.75,2500.79,2510.87,737.363797
2026-09-07 02:30:00+00:00,2510.88,2536.54,2509.58,2527.16,4004.738183
2026-09-07 02:45:00+00:00,2527.18,2527.83,2510.61,2511.79,948.044552
2026-09-07 03:00:00+00:00,2511.8,2516.25,2507.01,2507.64,1235.533155
2026-09-07 03:15:00+00:00,2507.67,2511.04,2504.2,2504.64,758.81503
2026-09-07 03:30:00+00:00,2504.63,2506.59,2496.64,2497.94,1325.679133
2026-09-07 03:45:00+00:00,2497.94,2500.8,2496.81,2497.55,754.080228
2026-09-07 04:00:00+00:00,2497.55,2498.99,2493.99,2498.22,547.64799
2026-09-07 04:15:00+00:00,2498.23,2499.99,2496.79,2496.87,491.910258
2026-09-07 04:30:00+00:00,2496.76,2498.21,2492.46,2497.49,682.365568
2026-09-07 04:45:00+00:00,2497.49,2499.26,2494.63,2497.95,481.238869
2026-09-07 05:00:00+00:00,2497.95,2505.49,2497.11,2503.81,1357.739017
2026-09-07 05:15:00+00:00,2503.82,2513.94,2503.65,2512.59,1376.469839
2026-09-07 05:30:00+00:00,2512.59,2513.61,2509.48,2511.77,301.854453
2026-09-07 05:45:00+00:00,2511.75,2511.79,2503.99,2504.7,1230.800646
2026-09-07 06:00:00+00:00,2504.71,2510.0,2503.85,2509.72,295.127821
2026-09-07 06:15:00+00:00,2509.71,2509.77,2503.57,2503.75,456.034452
2026-09-07 06:30:00+00:00,2503.76,2504.83,2499.27,2499.36,693.929104
2026-09-07 06:45:00+00:00,2499.36,2500.78,2497.9,2498.2,628.517274
2026-09-07 07:00:00+00:00,2498.2,2502.2,2496.05,2500.03,405.613859
2026-09-07 07:15:00+00:00,2499.98,2501.13,2486.0,2488.95,1682.729715
2026-09-07 07:30:00+00:00,2488.82,2493.18,2475.0,2485.52,3104.268124
2026-09-07 07:45:00+00:00,2485.68,2489.72,2485.68,2489.58,1150.081339
2026-09-07 08:00:00+00:00,2489.59,2491.35,2489.0,2489.27,757.269069
2026-09-07 08:15:00+00:00,2489.26,2492.92,2489.01,2490.71,721.905906
2026-09-07 08:30:00+00:00,2490.7,2493.54,2489.9,2493.1,644.124506
2026-09-07 08:45:00+00:00,2493.09,2493.96,2490.61,2491.46,692.160685
2026-09-07 09:00:00+00:00,2491.5,2497.0,2490.61,2496.28,483.605985
2026-09-07 09:15:00+00:00,2496.21,2497.56,2493.25,2494.91,602.947995
2026-09-07 09:30:00+00:00,2494.91,2495.09,2489.21,2490.76,1404.925921
2026-09-07 09:45:00+00:00,2490.75,2493.27,2484.23,2484.81,932.029361
2026-09-07 10:00:00+00:00,2484.89,2489.65,2484.89,2487.83,924.08824
2026-09-07 10:15:00+00:00,2487.83,2490.27,2487.6,2490.04,241.037688
2026-09-07 10:30:00+00:00,2490.05,2491.89,2488.28,2491.65,257.910946
2026-09-07 10:45:00+00:00,2491.66,2492.55,2488.03,2489.0,569.957421
2026-09-07 11:00:00+00:00,2489.01,2490.72,2486.5,2490.72,422.202671
2026-09-07 11:15:00+00:00,2490.72,2493.25,2489.94,2492.5,405.92054
2026-09-07 11:30:00+00:00,2492.4,2493.74,2490.35,2490.88,159.427108
2026-09-07 11:45:00+00:00,2490.87,2491.53,2488.01,2489.3,909.8931
2026-09-07 12:00:00+00:00,2489.3,2492.79,2488.81,2488.81,220.460925
2026-09-07 12:15:00+00:00,2488.81,2494.08,2488.81,2493.76,424.946256
2026-09-07 12:30:00+00:00,2493.76,2494.53,2493.22,2494.22,453.42778
2026-09-07 12:45:00+00:00,2494.22,2507.55,2494.22,2505.6,1596.029674
2026-09-07 13:00:00+00:00,2505.51,2510.2,2503.16,2510.04,1268.837711
2026-09-07 13:15:00+00:00,2510.13,2511.4,2506.3,2508.69,463.509832
2026-09-07 13:30:00+00:00,2508.7,2508.97,2495.35,2498.55,787.076556
2026-09-07 13:45:00+00:00,2498.55,2502.5,2496.77,2498.89,342.646363
2026-09-07 14:00:00+00:00,2498.9,2499.8,2483.71,2487.24,1918.222078
2026-09-07 14:15:00+00:00,2487.23,2490.7,2482.81,2483.05,1156.993766
2026-09-07 14:30:00+00:00,2483.05,2484.28,2476.36,2481.7,2266.320879
2026-09-07 14:45:00+00:00,2481.7,2491.92,2481.31,2490.41,1097.796202
2026-09-07 15:00:00+00:00,2490.4,2490.41,2482.85,2483.5,784.947542
2026-09-07 15:15:00+00:00,2483.51,2488.87,2475.64,2482.42,1571.439584
2026-09-07 15:30:00+00:00,2482.42,2482.55,2466.0,2470.12,3961.93613
2026-09-07 15:45:00+00:00,2470.12,2474.86,2466.86,2470.49,1692.18358
2026-09-07 16:00:00+00:00,2470.5,2476.42,2470.48,2475.34,990.626784
2026-09-07 16:15:00+00:00,2475.35,2475.83,2470.96,2470.96,1039.613157
2026-09-07 16:30:00+00:00,2470.96,2483.7,2470.32,2481.09,1153.084228
2026-09-07 16:45:00+00:00,2481.1,2483.31,2479.72,2483.05,510.589632
2026-09-07 17:00:00+00:00,2483.06,2490.6,2482.32,2489.93,1023.864213
2026-09-07 17:15:00+00:00,2489.88,2491.54,2486.42,2488.4,1313.720375
2026-09-07 17:30:00+00:00,2488.39,2494.02,2485.68,2493.0,401.843778
2026-09-07 17:45:00+00:00,2493.03,2499.24,2491.85,2495.39,849.1844
2026-09-07 18:00:00+00:00,2495.39,2497.39,2493.2,2494.28,342.121691
2026-09-07 18:15:00+00:00,2494.36,2495.17,2489.54,2490.26,668.980201
2026-09-07 18:30:00+00:00,2490.26,2490.26,2487.27,2489.17,293.674571
2026-09-07 18:45:00+00:00,2489.29,2494.39,2488.01,2491.67,160.830981
2026-09-07 19:00:00+00:00,2491.66,2492.08,2489.27,2490.97,96.910671
2026-09-07 19:15:00+00:00,2490.97,2493.49,2490.85,2492.33,152.975157
2026-09-07 19:30:00+00:00,2492.33,2497.83,2492.33,2496.17,325.107689
2026-09-07 19:45:00+00:00,2496.17,2496.86,2494.45,2495.99,197.878837
2026-09-07 20:00:00+00:00,2495.87,2497.41,2488.48,2489.32,643.22464
2026-09-07 20:15:00+00:00,2489.31,2490.0,2487.3,2489.61,330.249899
2026-09-07 20:30:00+00:00,2489.54,2492.6,2489.29,2491.95,143.260901
2026-09-07 20:45:00+00:00,2491.92,2496.38,2490.4,2494.96,503.709802
2026-09-07 21:00:00+00:00,2495.02,2496.09,2491.91,2496.06,223.624846
2026-09-07 21:15:00+00:00,2496.08,2496.82,2492.42,2492.73,377.471661
2026-09-07 21:30:00+00:00,2492.77,2493.77,2491.48,2492.91,262.441636
2026-09-07 21:45:00+00:00,2492.87,2493.48,2490.4,2491.01,184.528163
2026-09-07 22:00:00+00:00,2491.05,2492.15,2485.0,2489.1,584.517479
2026-09-07 22:15:00+00:00,2489.11,2492.05,2482.51,2486.68,927.486752
2026-09-07 22:30:00+00:00,2486.68,2486.68,2475.4,2478.92,836.26406
2026-09-07 22:45:00+00:00,2478.97,2483.39,2478.97,2482.91,356.711658
2026-09-07 23:00:00+00:00,2482.91,2489.46,2482.26,2488.4,623.417975
2026-09-07 23:15:00+00:00,2488.39,2489.11,2482.51,2484.65,333.022677
2026-09-07 23:30:00+00:00,2484.67,2490.82,2483.51,2490.74,882.285649
2026-09-07 23:45:00+00:00,2490.73,2494.26,2490.05,2490.15,582.393803
2026-09-08 00:00:00+00:00,2490.15,2491.0,2484.95,2488.08,829.022891
2026-09-08 00:15:00+00:00,2488.15,2491.19,2483.49,2483.8,538.843745
2026-09-08 00:30:00+00:00,2483.81,2494.43,2483.49,2490.8,386.099785
2026-09-08 00:45:00+00:00,2490.75,2495.76,2490.17,2495.76,266.326744
2026-09-08 01:00:00+00:00,2495.71,2497.63,2493.61,2496.52,660.079377
2026-09-08 01:15:00+00:00,2496.6,2505.73,2495.8,2502.65,1301.357808
2026-09-08 01:30:00+00:00,2502.6,2502.6,2499.0,2499.87,414.596796
2026-09-08 01:45:00+00:00,2499.86,2504.49,2499.05,2504.28,533.491883
2026-09-08 02:00:00+00:00,2504.28,2504.47,2494.5,2499.16,845.77275
2026-09-08 02:15:00+00:00,2499.16,2507.74,2496.0,2496.91,1049.301422
2026-09-08 02:30:00+00:00,2496.91,2497.54,2490.17,2491.55,647.454932
2026-09-08 02:45:00+00:00,2491.62,2493.18,2484.59,2484.85,614.819056
2026-09-08 03:00:00+00:00,2484.85,2487.68,2483.01,2483.58,734.585999
2026-09-08 03:15:00+00:00,2483.44,2485.06,2478.37,2481.19,818.879952
2026-09-08 03:30:00+00:00,2480.99,2488.52,2480.73,2486.79,1179.251454
2026-09-08 03:45:00+00:00,2486.79,2487.29,2484.32,2486.18,244.66308
2026-09-08 04:00:00+00:00,2486.21,2486.63,2482.0,2482.95,424.590292
2026-09-08 04:15:00+00:00,2482.92,2485.99,2480.43,2482.98,865.889705
2026-09-08 04:30:00+00:00,2482.99,2485.69,2481.35,2483.2,563.8109
2026-09-08 04:45:00+00:00,2483.19,2484.49,2479.02,2479.33,829.491234
2026-09-08 05:00:00+00:00,2479.31,2484.71,2476.0,2478.15,1385.119127
2026-09-08 05:15:00+00:00,2478.15,2484.72,2476.93,2482.33,1255.428117
2026-09-08 05:30:00+00:00,2482.36,2482.65,2473.73,2474.07,1206.968469
2026-09-08 05:45:00+00:00,2474.1,2477.85,2472.8,2473.56,622.615498
2026-09-08 06:00:00+00:00,2473.57,2475.89,2470.43,2475.2,1668.664393
2026-09-08 06:15:00+00:00,2475.2,2477.41,2463.25,2466.6,2179.380397
2026-09-08 06:30:00+00:00,2466.52,2468.87,2463.96,2465.81,616.779717
2026-09-08 06:45:00+00:00,2465.81,2469.74,2463.98,2468.59,1238.211238
2026-09-08 07:00:00+00:00,2468.51,2475.84,2467.89,2474.56,780.83501
2026-09-08 07:15:00+00:00,2474.56,2479.58,2473.25,2478.22,839.74507
2026-09-08 07:30:00+00:00,2478.22,2485.17,2478.01,2478.99,1056.207294
2026-09-08 07:45:00+00:00,2479.0,2480.0,2471.42,2479.59,814.002855
2026-09-08 08:00:00+00:00,2479.59,2479.59,2469.49,2473.1,1050.540306
2026-09-08 08:15:00+00:00,2473.1,2477.56,2470.56,2476.36,815.98212
2026-09-08 08:30:00+00:00,2476.35,2483.06,2474.85,2481.4,1498.562509
2026-09-08 08:45:00+00:00,2481.31,2483.6,2476.27,2477.8,498.964678
2026-09-08 09:00:00+00:00,2477.84,2481.29,2475.87,2480.59,533.834016
2026-09-08 09:15:00+00:00,2480.64,2482.26,2476.95,2481.21,648.588939
2026-09-08 09:30:00+00:00,2481.21,2495.41,2480.72,2493.66,2738.860067
2026-09-08 09:45:00+00:00,2493.65,2495.4,2490.81,2492.0,1177.82403
2026-09-08 10:00:00+00:00,2492.0,2492.0,2486.87,2489.53,933.448986
2026-09-08 10:15:00+00:00,2489.53,2499.99,2489.04,2492.2,2438.781056
2026-09-08 10:30:00+00:00,2492.2,2493.06,2483.17,2484.22,969.793623
2026-09-08 10:45:00+00:00,2484.22,2485.6,2481.2,2481.29,710.158421
2026-09-08 11:00:00+00:00,2481.29,2482.7,2471.64,2472.54,894.110049
2026-09-08 11:15:00+00:00,2472.38,2477.87,2472.2,2475.29,577.288248
2026-09-08 11:30:00+00:00,2475.28,2477.6,2474.0,2474.94,604.898678
2026-09-08 11:45:00+00:00,2474.94,2475.5,2471.76,2474.67,992.266681
2026-09-08 12:00:00+00:00,2474.71,2474.71,2468.37,2469.64,1229.897757
2026-09-08 12:15:00+00:00,2469.64,2476.01,2469.64,2475.64,573.462649
2026-09-08 12:30:00+00:00,2475.78,2476.01,2470.75,2473.07,1028.80795
2026-09-08 12:45:00+00:00,2473.08,2476.25,2471.63,2472.9,760.572867
2026-09-08 13:00:00+00:00,2472.91,2475.8,2471.01,2473.35,541.067274
2026-09-08 13:15:00+00:00,2473.34,2474.41,2466.68,2469.82,1368.686034
2026-09-08 13:30:00+00:00,2469.82,2470.2,2441.67,2449.92,8011.087415
2026-09-08 13:45:00+00:00,2449.95,2464.28,2446.0,2459.4,2463.72693
2026-09-08 14:00:00+00:00,2459.39,2477.61,2457.11,2472.76,2771.262211
2026-09-08 14:15:00+00:00,2472.76,2485.0,2472.76,2479.19,3488.686656
2026-09-08 14:30:00+00:00,2479.2,2483.37,2475.76,2480.8,1446.438017
2026-09-08 14:45:00+00:00,2480.81,2486.53,2479.66,2485.7,2288.09554
2026-09-08 15:00:00+00:00,2485.7,2491.65,2483.61,2488.84,1836.623497
2026-09-08 15:15:00+00:00,2488.8,2492.3,2480.0,2482.17,1349.448654
2026-09-08 15:30:00+00:00,2482.17,2497.59,2482.17,2495.97,1889.97737
2026-09-08 15:45:00+00:00,2495.98,2501.72,2493.74,2498.78,2466.166142
2026-09-08 16:00:00+00:00,2498.78,2498.82,2488.89,2490.02,1596.750091
2026-09-08 16:15:00+00:00,2489.95,2492.97,2487.08,2490.17,652.893464
2026-09-08 16:30:00+00:00,2490.18,2505.2,2489.77,2496.69,1670.400444
2026-09-08 16:45:00+00:00,2496.8,2500.8,2493.74,2496.41,1370.791095
2026-09-08 17:00:00+00:00,2496.4,2502.48,2493.39,2495.98,1254.210136
2026-09-08 17:15:00+00:00,2495.98,2496.59,2489.06,2491.48,712.995587
2026-09-08 17:30:00+00:00,2491.48,2494.62,2487.83,2487.84,368.832092
2026-09-08 17:45:00+00:00,2487.84,2494.36,2487.83,2488.11,656.832367
2026-09-08 18:00:00+00:00,2488.12,2498.36,2487.83,2497.33,1042.298097
2026-09-08 18:15:00+00:00,2497.35,2508.0,2497.35,2500.31,985.311056
2026-09-08 18:30:00+00:00,2500.35,2503.0,2494.47,2495.76,398.256737
2026-09-08 18:45:00+00:00,2495.77,2497.2,2475.49,2486.94,3290.220568
2026-09-08 19:00:00+00:00,2486.95,2491.72,2484.47,2486.07,919.192249
2026-09-08 19:15:00+00:00,2486.03,2489.89,2482.42,2486.84,953.425792
2026-09-08 19:30:00+00:00,2487.0,2488.66,2479.4,2482.03,1289.005406
2026-09-08 19:45:00+00:00,2482.02,2482.44,2476.34,2482.44,797.908404
2026-09-08 20:00:00+00:00,2482.43,2491.59,2480.46,2490.68,655.548894
2026-09-08 20:15:00+00:00,2490.69,2491.11,2483.05,2487.25,615.763227
2026-09-08 20:30:00+00:00,2487.31,2487.31,2480.96,2484.0,253.319469
2026-09-08 20:45:00+00:00,2483.99,2486.29,2482.81,2483.11,324.918182
2026-09-08 21:00:00+00:00,2483.11,2486.74,2482.48,2485.43,288.876308
2026-09-08 21:15:00+00:00,2485.46,2487.35,2482.28,2483.0,521.611505
2026-09-08 21:30:00+00:00,2483.0,2484.5,2480.47,2483.06,639.162822
2026-09-08 21:45:00+00:00,2483.06,2484.0,2478.61,2482.74,425.012582
2026-09-08 22:00:00+00:00,2482.73,2489.0,2481.8,2483.95,369.338271
2026-09-08 22:15:00+00:00,2483.96,2486.67,2483.27,2484.4,459.187219
2026-09-08 22:30:00+00:00,2484.41,2487.0,2482.43,2484.39,372.764353
2026-09-08 22:45:00+00:00,2484.39,2490.0,2484.38,2489.01,375.396273
2026-09-08 23:00:00+00:00,2489.01,2490.59,2483.96,2485.4,602.908206
2026-09-08 23:15:00+00:00,2485.4,2485.4,2482.78,2484.34,392.74732
2026-09-08 23:30:00+00:00,2484.46,2485.71,2484.34,2485.23,285.620772
2026-09-08 23:45:00+00:00,2485.27,2486.32,2484.0,2485.06,133.235941
2026-09-09 00:00:00+00:00,2485.06,2495.0,2485.06,2494.68,442.684555
2026-09-09 00:15:00+00:00,2494.64,2494.73,2489.04,2490.97,361.705009
2026-09-09 00:30:00+00:00,2490.97,2493.23,2487.81,2493.23,203.260652
2026-09-09 00:45:00+00:00,2493.22,2497.14,2493.19,2496.08,678.020904
2026-09-09 01:00:00+00:00,2496.09,2499.0,2492.46,2494.46,715.169569
2026-09-09 01:15:00+00:00,2494.47,2495.35,2489.4,2492.26,338.379499
2026-09-09 01:30:00+00:00,2492.27,2499.0,2490.43,2496.68,375.064299
2026-09-09 01:45:00+00:00,2496.76,2499.57,2495.77,2497.48,772.796031
2026-09-09 02:00:00+00:00,2497.48,2499.99,2494.05,2494.6,625.959746
2026-09-09 02:15:00+00:00,2494.6,2497.63,2490.0,2496.87,982.945315
2026-09-09 02:30:00+00:00,2496.86,2497.62,2494.6,2497.07,254.500618
2026-09-09 02:45:00+00:00,2497.06,2497.44,2493.75,2493.75,245.612234
2026-09-09 03:00:00+00:00,2493.74,2493.9,2487.17,2487.69,480.81537
2026-09-09 03:15:00+00:00,2487.74,2490.22,2486.86,2487.66,222.589174
2026-09-09 03:30:00+00:00,2487.71,2491.72,2487.61,2490.68,275.884461
2026-09-09 03:45:00+00:00,2490.68,2492.44,2486.86,2489.03,438.530927
2026-09-09 04:00:00+00:00,2489.03,2503.0,2489.03,2496.79,1758.138385
2026-09-09 04:15:00+00:00,2496.79,2499.78,2494.47,2497.11,637.809803
2026-09-09 04:30:00+00:00,2497.11,2513.91,2496.61,2512.39,2457.434403
2026-09-09 04:45:00+00:00,2512.39,2513.94,2505.23,2509.22,1155.557038
2026-09-09 05:00:00+00:00,2509.4,2510.2,2503.21,2508.01,908.024805
2026-09-09 05:15:00+00:00,2508.08,2511.35,2502.41,2502.95,805.179611
2026-09-09 05:30:00+00:00,2503.0,2503.81,2493.62,2495.75,1410.561665
2026-09-09 05:45:00+00:00,2495.73,2497.13,2491.45,2496.6,817.751587
2026-09-09 06:00:00+00:00,2496.61,2501.5,2492.61,2500.86,489.886234
2026-09-09 06:15:00+00:00,2500.87,2505.54,2499.79,2499.95,721.622922
2026-09-09 06:30:00+00:00,2499.97,2502.0,2498.46,2500.98,511.589521
2026-09-09 06:45:00+00:00,2500.98,2501.77,2499.18,2501.41,178.13638
2026-09-09 07:00:00+00:00,2501.41,2517.14,2500.2,2510.93,2446.893567
2026-09-09 07:15:00+00:00,2510.93,2515.0,2509.77,2514.99,1238.580506
2026-09-09 07:30:00+00:00,2515.0,2516.24,2510.39,2511.54,895.631244
2026-09-09 07:45:00+00:00,2511.54,2512.4,2508.64,2510.19,1433.449583
2026-09-09 08:00:00+00:00,2510.2,2518.94,2510.11,2514.71,1316.852365
2026-09-09 08:15:00+00:00,2514.71,2521.99,2513.98,2521.01,1210.654807
2026-09-09 08:30:00+00:00,2521.0,2523.51,2516.66,2517.4,1100.34792
2026-09-09 08:45:00+00:00,2517.4,2521.58,2515.51,2519.83,581.284839
2026-09-09 09:00:00+00:00,2519.84,2520.52,2510.18,2512.68,842.940627
2026-09-09 09:15:00+00:00,2512.68,2513.29,2508.74,2508.8,527.649957
2026-09-09 09:30:00+00:00,2508.79,2509.39,2492.45,2495.6,1391.211779
2026-09-09 09:45:00+00:00,2495.62,2497.66,2490.61,2490.69,1514.39629
2026-09-09 10:00:00+00:00,2490.7,2494.62,2489.13,2491.82,1652.521074
2026-09-09 10:15:00+00:00,2491.84,2493.08,2486.95,2491.41,1280.079197
2026-09-09 10:30:00+00:00,2491.27,2493.75,2489.85,2490.75,703.633222
2026-09-09 10:45:00+00:00,2490.78,2490.79,2482.67,2487.58,1301.163906
2026-09-09 11:00:00+00:00,2487.58,2488.38,2482.59,2487.0,612.830944
2026-09-09 11:15:00+00:00,2487.02,2492.83,2484.04,2492.67,472.194912
2026-09-09 11:30:00+00:00,2492.66,2495.59,2490.59,2493.72,861.339072
2026-09-09 11:45:00+00:00,2493.72,2505.96,2493.72,2501.01,1720.00509
2026-09-09 12:00:00+00:00,2501.01,2505.15,2498.61,2501.08,662.409491
2026-09-09 12:15:00+00:00,2501.07,2502.6,2499.03,2501.74,711.900158
2026-09-09 12:30:00+00:00,2501.76,2510.72,2501.38,2507.91,1353.056352
2026-09-09 12:45:00+00:00,2507.95,2512.53,2507.95,2511.49,2537.051376
2026-09-09 13:00:00+00:00,2511.49,2513.84,2507.34,2513.6,1306.276645
2026-09-09 13:15:00+00:00,2513.6,2516.0,2510.78,2514.9,871.117889
2026-09-09 13:30:00+00:00,2514.89,2521.62,2499.8,2504.18,2655.836229
2026-09-09 13:45:00+00:00,2504.31,2513.58,2500.55,2502.49,1530.029095
2026-09-09 14:00:00+00:00,2502.49,2508.69,2495.41,2502.42,1521.857312
2026-09-09 14:15:00+00:00,2502.23,2512.58,2495.81,2512.58,1026.268125
2026-09-09 14:30:00+00:00,2512.58,2514.37,2500.57,2501.74,1409.822841
2026-09-09 14:45:00+00:00,2501.8,2507.67,2496.89,2499.59,1052.171291
2026-09-09 15:00:00+00:00,2499.6,2512.83,2480.0,2485.01,5498.160517
2026-09-09 15:15:00+00:00,2485.03,2491.32,2470.46,2479.66,3365.821426
2026-09-09 15:30:00+00:00,2479.67,2495.64,2478.68,2493.28,2329.710428
2026-09-09 15:45:00+00:00,2493.26,2494.74,2490.01,2490.41,610.310658
2026-09-09 16:00:00+00:00,2490.42,2497.61,2487.22,2492.04,1154.10346
2026-09-09 16:15:00+00:00,2492.04,2492.05,2484.87,2490.5,818.375459
2026-09-09 16:30:00+00:00,2490.6,2499.68,2490.6,2498.69,1698.865004
2026-09-09 16:45:00+00:00,2498.76,2498.76,2494.68,2496.03,350.266874
2026-09-09 17:00:00+00:00,2495.9,2499.62,2492.84,2496.96,1418.932198
2026-09-09 17:15:00+00:00,2496.97,2499.62,2494.81,2496.66,656.939794
2026-09-09 17:30:00+00:00,2496.82,2497.0,2490.39,2491.3,445.451075
2026-09-09 17:45:00+00:00,2491.33,2495.93,2488.63,2493.75,306.607411
2026-09-09 18:00:00+00:00,2493.74,2495.95,2489.32,2490.19,272.957315
2026-09-09 18:15:00+00:00,2490.18,2492.5,2488.18,2491.23,212.308354
2026-09-09 18:30:00+00:00,2491.22,2492.59,2487.71,2489.04,284.576337
2026-09-09 18:45:00+00:00,2489.07,2489.23,2481.53,2481.55,905.152193
2026-09-09 19:00:00+00:00,2481.55,2483.19,2476.37,2482.44,1685.97255
2026-09-09 19:15:00+00:00,2482.43,2485.04,2481.81,2482.81,293.549835
2026-09-09 19:30:00+00:00,2482.81,2482.92,2471.66,2471.76,1472.053267
2026-09-09 19:45:00+00:00,2471.8,2473.0,2462.85,2465.6,2244.252165
2026-09-09 20:00:00+00:00,2465.59,2469.02,2464.07,2466.45,607.832227
2026-09-09 20:15:00+00:00,2466.53,2472.3,2454.0,2461.49,2103.065437
2026-09-09 20:30:00+00:00,2461.49,2470.65,2460.63,2468.77,1320.704752
2026-09-09 20:45:00+00:00,2468.77,2472.17,2460.42,2471.95,817.265615
2026-09-09 21:00:00+00:00,2471.91,2472.63,2467.21,2470.05,732.676406
2026-09-09 21:15:00+00:00,2470.19,2471.56,2463.93,2471.16,792.612606
2026-09-09 21:30:00+00:00,2471.16,2471.16,2463.91,2464.87,540.573658
2026-09-09 21:45:00+00:00,2464.87,2465.15,2456.67,2461.86,1452.533787
2026-09-09 22:00:00+00:00,2461.86,2463.53,2444.27,2447.72,4594.94068
2026-09-09 22:15:00+00:00,2447.71,2456.0,2443.13,2455.23,1295.423681
2026-09-09 22:30:00+00:00,2455.35,2457.88,2452.31,2457.6,1452.225497
2026-09-09 22:45:00+00:00,2457.59,2457.67,2450.24,2450.45,1459.870644
2026-09-09 23:00:00+00:00,2450.45,2461.6,2450.29,2460.76,713.250799
2026-09-09 23:15:00+00:00,2460.75,2462.65,2459.13,2462.65,257.927412
2026-09-09 23:30:00+00:00,2462.65,2467.96,2462.41,2466.05,648.927475
2026-09-09 23:45:00+00:00,2466.04,2469.02,2465.5,2468.26,466.50554
2026-09-10 00:00:00+00:00,2468.42,2471.1,2467.0,2467.98,733.901132
2026-09-10 00:15:00+00:00,2468.04,2471.72,2465.38,2470.38,662.344998
2026-09-10 00:30:00+00:00,2470.31,2470.59,2463.99,2464.11,734.671302
2026-09-10 00:45:00+00:00,2463.99,2469.6,2462.84,2465.01,882.294877
2026-09-10 01:00:00+00:00,2465.01,2479.28,2464.8,2470.39,1027.745017
2026-09-10 01:15:00+00:00,2470.26,2470.47,2464.0,2464.12,751.27385
2026-09-10 01:30:00+00:00,2464.12,2467.29,2455.0,2462.54,1127.377457
2026-09-10 01:45:00+00:00,2462.54,2465.67,2458.3,2463.82,422.249023
2026-09-10 02:00:00+00:00,2463.83,2464.5,2461.11,2463.09,374.046993
2026-09-10 02:15:00+00:00,2463.09,2464.51,2460.2,2461.75,426.652893
2026-09-10 02:30:00+00:00,2461.75,2471.99,2460.94,2471.23,650.470815
2026-09-10 02:45:00+00:00,2471.23,2475.95,2471.23,2475.11,665.193678
2026-09-10 03:00:00+00:00,2475.03,2478.9,2474.95,2475.24,363.169681
2026-09-10 03:15:00+00:00,2475.15,2476.8,2471.74,2476.6,1687.313041
2026-09-10 03:30:00+00:00,2476.59,2478.98,2472.57,2476.21,540.773507
2026-09-10 03:45:00+00:00,2476.2,2479.08,2473.24,2475.48,554.929385
2026-09-10 04:00:00+00:00,2475.45,2479.0,2474.93,2475.28,227.357957
2026-09-10 04:15:00+00:00,2475.26,2480.0,2475.18,2478.17,314.118428
2026-09-10 04:30:00+00:00,2478.19,2480.95,2477.0,2477.0,483.635289
2026-09-10 04:45:00+00:00,2477.0,2480.36,2475.93,2478.88,596.746611
2026-09-10 05:00:00+00:00,2479.0,2482.04,2473.91,2481.83,477.111297
2026-09-10 05:15:00+00:00,2481.82,2482.01,2477.6,2480.65,616.120308
2026-09-10 05:30:00+00:00,2480.71,2482.84,2479.2,2480.31,289.433282
2026-09-10 05:45:00+00:00,2480.3,2484.0,2480.21,2482.21,371.504306
2026-09-10 06:00:00+00:00,2482.22,2482.81,2475.5,2475.73,202.394092
2026-09-10 06:15:00+00:00,2475.73,2475.73,2471.91,2473.61,381.666119
2026-09-10 06:30:00+00:00,2473.61,2477.16,2472.25,2475.44,257.770162
2026-09-10 06:45:00+00:00,2475.44,2484.73,2475.44,2480.3,739.601358
2026-09-10 07:00:00+00:00,2480.3,2480.3,2473.44,2475.35,417.480839
2026-09-10 07:15:00+00:00,2475.35,2475.58,2468.01,2468.02,731.673449
2026-09-10 07:30:00+00:00,2468.01,2468.49,2464.29,2467.99,977.219054
2026-09-10 07:45:00+00:00,2467.99,2474.29,2467.54,2473.11,959.487279
2026-09-10 08:00:00+00:00,2473.1,2474.79,2469.55,2470.36,783.147854
2026-09-10 08:15:00+00:00,2470.37,2474.98,2469.39,2474.63,876.539379
2026-09-10 08:30:00+00:00,2474.62,2474.63,2469.27,2471.0,596.601527
2026-09-10 08:45:00+00:00,2471.0,2473.19,2470.6,2471.64,489.780262
2026-09-10 09:00:00+00:00,2471.64,2474.75,2471.42,2474.46,363.966179
2026-09-10 09:15:00+00:00,2474.47,2477.89,2474.05,2477.27,684.432815
2026-09-10 09:30:00+00:00,2477.27,2477.27,2465.0,2467.85,917.632756
2026-09-10 09:45:00+00:00,2467.85,2471.03,2466.86,2468.74,826.582013
2026-09-10 10:00:00+00:00,2468.74,2472.0,2467.82,2470.25,882.494341
2026-09-10 10:15:00+00:00,2470.26,2470.95,2466.16,2468.34,469.46057
2026-09-10 10:30:00+00:00,2468.34,2470.5,2463.3,2468.28,585.380184
2026-09-10 10:45:00+00:00,2468.07,2470.88,2464.49,2464.58,322.420269
2026-09-10 11:00:00+00:00,2464.48,2464.48,2458.34,2462.51,684.748806
2026-09-10 11:15:00+00:00,2462.51,2468.23,2462.51,2467.4,690.812151
2026-09-10 11:30:00+00:00,2467.4,2469.64,2466.96,2467.86,753.941592
2026-09-10 11:45:00+00:00,2467.69,2468.61,2461.31,2462.55,1179.580099
2026-09-10 12:00:00+00:00,2462.56,2464.22,2456.8,2460.55,640.677761
2026-09-10 12:15:00+00:00,2460.53,2460.94,2455.37,2460.12,1088.637793
2026-09-10 12:30:00+00:00,2460.17,2467.18,2430.32,2437.63,8732.619853
2026-09-10 12:45:00+00:00,2437.57,2438.19,2408.19,2415.1,10595.701548
2026-09-10 13:00:00+00:00,2414.9,2424.98,2405.91,2410.87,6232.186115
2026-09-10 13:15:00+00:00,2410.87,2421.45,2409.77,2420.27,2205.415009
2026-09-10 13:30:00+00:00,2420.28,2429.97,2417.13,2425.24,3611.456194
2026-09-10 13:45:00+00:00,2425.24,2436.93,2424.53,2435.4,2522.286264
2026-09-10 14:00:00+00:00,2435.39,2441.51,2426.77,2432.02,2685.153123
2026-09-10 14:15:00+00:00,2431.82,2443.99,2428.43,2439.34,4744.927329
2026-09-10 14:30:00+00:00,2439.33,2443.0,2438.62,2440.07,984.141856
2026-09-10 14:45:00+00:00,2440.09,2444.28,2437.6,2443.97,1257.056483
2026-09-10 15:00:00+00:00,2443.88,2444.94,2438.25,2442.0,1118.297766
2026-09-10 15:15:00+00:00,2442.01,2443.0,2432.46,2435.18,1636.046574
2026-09-10 15:30:00+00:00,2435.19,2444.09,2435.19,2437.81,1086.465869
2026-09-10 15:45:00+00:00,2438.01,2441.77,2435.43,2441.34,2114.524673
2026-09-10 16:00:00+00:00,2441.34,2443.98,2434.58,2437.49,3720.090401
2026-09-10 16:15:00+00:00,2437.49,2442.26,2432.8,2438.9,4201.202097
2026-09-10 16:30:00+00:00,2438.89,2441.62,2432.5,2440.36,1431.46217
2026-09-10 16:45:00+00:00,2440.36,2450.92,2440.36,2448.88,2285.414715
2026-09-10 17:00:00+00:00,2448.85,2454.78,2447.01,2453.34,1143.383402
2026-09-10 17:15:00+00:00,2453.34,2460.61,2452.08,2459.71,1895.625861
2026-09-10 17:30:00+00:00,2459.71,2474.91,2459.67,2466.5,3068.129973
2026-09-10 17:45:00+00:00,2466.5,2471.4,2463.81,2465.96,972.716506
2026-09-10 18:00:00+00:00,2465.97,2466.99,2455.44,2456.18,960.883294
2026-09-10 18:15:00+00:00,2456.12,2464.37,2454.63,2459.77,997.950884
2026-09-10 18:30:00+00:00,2459.77,2464.42,2456.33,2462.77,323.600906
2026-09-10 18:45:00+00:00,2462.76,2469.19,2459.6,2468.42,663.009359
2026-09-10 19:00:00+00:00,2468.42,2468.57,2462.61,2464.68,441.483044
2026-09-10 19:15:00+00:00,2464.79,2468.0,2462.22,2466.84,944.552676
2026-09-10 19:30:00+00:00,2466.79,2472.0,2462.17,2469.6,1094.646396
2026-09-10 19:45:00+00:00,2469.59,2469.59,2460.65,2462.72,706.585848
2026-09-10 20:00:00+00:00,2462.78,2468.38,2461.11,2468.29,479.221908
2026-09-10 20:15:00+00:00,2468.35,2469.06,2464.85,2466.49,316.861126
2026-09-10 20:30:00+00:00,2466.43,2466.52,2463.17,2464.58,315.521208
2026-09-10 20:45:00+00:00,2464.62,2465.06,2461.64,2461.72,346.388789
2026-09-10 21:00:00+00:00,2461.72,2462.85,2460.37,2460.37,679.849304
2026-09-10 21:15:00+00:00,2460.38,2461.77,2459.64,2461.72,177.841292
2026-09-10 21:30:00+00:00,2461.76,2461.77,2457.6,2459.35,502.553842
2026-09-10 21:45:00+00:00,2459.36,2463.06,2458.21,2460.2,170.12916
2026-09-10 22:00:00+00:00,2460.2,2462.09,2456.73,2458.8,720.995386
2026-09-10 22:15:00+00:00,2458.79,2459.98,2453.66,2453.8,550.213613
2026-09-10 22:30:00+00:00,2453.81,2455.92,2445.14,2446.97,632.603071
2026-09-10 22:45:00+00:00,2446.98,2451.72,2443.86,2445.23,439.648326
2026-09-10 23:00:00+00:00,2445.23,2447.69,2435.34,2436.65,822.1336
2026-09-10 23:15:00+00:00,2436.65,2445.91,2434.03,2443.46,709.562365
2026-09-10 23:30:00+00:00,2443.7,2445.11,2440.61,2441.92,250.554284
2026-09-10 23:45:00+00:00,2441.92,2442.32,2436.7,2438.2,436.006985
2026-09-11 00:00:00+00:00,2438.28,2450.4,2437.7,2449.06,597.578647
2026-09-11 00:15:00+00:00,2448.9,2454.41,2447.4,2451.7,556.337176
2026-09-11 00:30:00+00:00,2451.68,2452.88,2445.49,2450.64,518.16225
2026-09-11 00:45:00+00:00,2450.52,2458.53,2450.41,2456.63,258.600368
2026-09-11 01:00:00+00:00,2456.6,2460.42,2455.81,2455.88,531.07729
2026-09-11 01:15:00+00:00,2455.88,2457.91,2450.46,2450.46,413.040482
2026-09-11 01:30:00+00:00,2450.46,2454.37,2446.47,2451.8,726.55562
2026-09-11 01:45:00+00:00,2451.8,2454.51,2449.05,2454.5,222.981785
2026-09-11 02:00:00+00:00,2454.47,2455.26,2451.51,2454.44,471.825539
2026-09-11 02:15:00+00:00,2454.43,2454.43,2445.91,2447.3,378.990885
2026-09-11 02:30:00+00:00,2447.22,2450.39,2445.8,2448.6,283.604174
2026-09-11 02:45:00+00:00,2448.6,2450.87,2444.94,2447.03,484.373005
2026-09-11 03:00:00+00:00,2447.04,2448.04,2441.66,2448.04,602.877581
2026-09-11 03:15:00+00:00,2448.04,2448.75,2441.41,2443.24,824.786809
2026-09-11 03:30:00+00:00,2443.13,2447.12,2440.34,2447.0,307.089995
2026-09-11 03:45:00+00:00,2446.99,2447.03,2443.0,2447.0,429.621141
2026-09-11 04:00:00+00:00,2447.0,2451.5,2446.36,2450.47,846.94373
2026-09-11 04:15:00+00:00,2450.52,2462.44,2448.98,2461.86,1246.397978
2026-09-11 04:30:00+00:00,2461.9,2464.55,2456.04,2457.43,591.850945
2026-09-11 04:45:00+00:00,2457.43,2460.17,2456.78,2459.13,942.536874
2026-09-11 05:00:00+00:00,2459.07,2462.2,2457.63,2461.4,395.983043
2026-09-11 05:15:00+00:00,2461.48,2461.64,2457.52,2458.89,984.521535
2026-09-11 05:30:00+00:00,2458.89,2465.2,2458.2,2465.2,591.314465
2026-09-11 05:45:00+00:00,2465.2,2468.7,2463.8,2468.7,486.724996
2026-09-11 06:00:00+00:00,2468.69,2471.16,2466.72,2470.17,758.411585
2026-09-11 06:15:00+00:00,2470.16,2470.76,2465.47,2466.67,446.815723
2026-09-11 06:30:00+00:00,2466.67,2466.95,2463.49,2466.4,350.718813
2026-09-11 06:45:00+00:00,2466.43,2468.09,2466.35,2467.0,358.749125
2026-09-11 07:00:00+00:00,2467.01,2470.75,2466.27,2468.61,429.418069
2026-09-11 07:15:00+00:00,2468.61,2473.59,2468.61,2469.06,705.629567
2026-09-11 07:30:00+00:00,2469.07,2471.24,2466.99,2467.59,560.527323
2026-09-11 07:45:00+00:00,2467.6,2469.01,2466.15,2467.51,521.666121
2026-09-11 08:00:00+00:00,2467.51,2468.69,2463.58,2465.21,719.300148
2026-09-11 08:15:00+00:00,2465.21,2476.72,2465.21,2474.36,1219.608892
2026-09-11 08:30:00+00:00,2474.36,2484.59,2474.36,2478.31,1302.70055
2026-09-11 08:45:00+00:00,2478.32,2479.57,2475.0,2476.72,605.655756
2026-09-11 09:00:00+00:00,2476.72,2477.66,2473.47,2473.89,820.275829
2026-09-11 09:15:00+00:00,2473.89,2475.25,2472.91,2472.92,350.166307
2026-09-11 09:30:00+00:00,2472.91,2473.89,2462.24,2465.89,1174.325855
2026-09-11 09:45:00+00:00,2466.06,2470.55,2465.65,2469.4,303.650996
2026-09-11 10:00:00+00:00,2469.4,2475.23,2465.41,2468.25,708.709807
2026-09-11 10:15:00+00:00,2468.38,2469.87,2464.66,2465.38,402.55515
2026-09-11 10:30:00+00:00,2465.43,2466.71,2462.89,2464.0,283.968816
2026-09-11 10:45:00+00:00,2463.94,2465.52,2462.38,2462.38,370.939185
2026-09-11 11:00:00+00:00,2462.39,2462.41,2452.63,2454.09,1539.874089
2026-09-11 11:15:00+00:00,2454.12,2459.02,2453.22,2456.11,534.951841
2026-09-11 11:30:00+00:00,2456.3,2459.4,2454.14,2459.07,191.325375
2026-09-11 11:45:00+00:00,2459.07,2460.42,2456.12,2458.63,352.947774
2026-09-11 12:00:00+00:00,2458.59,2460.52,2450.67,2452.7,941.747053
2026-09-11 12:15:00+00:00,2452.69,2479.46,2451.34,2465.52,3818.697905
2026-09-11 12:30:00+00:00,2465.86,2505.0,2434.2,2493.94,20212.726672
2026-09-11 12:45:00+00:00,2494.03,2515.78,2493.5,2511.29,8241.444258
2026-09-11 13:00:00+00:00,2511.29,2512.0,2495.76,2502.0,3593.442066
2026-09-11 13:15:00+00:00,2502.0,2511.48,2498.21,2500.8,2337.359993
2026-09-11 13:30:00+00:00,2500.8,2524.76,2490.68,2524.0,9879.728409
2026-09-11 13:45:00+00:00,2524.0,2647.57,2519.36,2630.02,41728.095958
2026-09-11 14:00:00+00:00,2629.8,2667.0,2598.98,2612.57,26477.296299
2026-09-11 14:15:00+00:00,2612.57,2624.26,2605.06,2618.7,7396.853251
2026-09-11 14:30:00+00:00,2618.92,2619.99,2602.19,2607.8,5072.8149
2026-09-11 14:45:00+00:00,2607.92,2614.0,2592.87,2607.99,5537.830192
2026-09-11 15:00:00+00:00,2608.17,2612.0,2599.7,2603.58,3368.231425
2026-09-11 15:15:00+00:00,2603.63,2616.84,2602.81,2611.2,2129.719574
2026-09-11 15:30:00+00:00,2611.2,2615.73,2607.41,2608.41,1017.692934
2026-09-11 15:45:00+00:00,2608.4,2610.91,2544.21,2559.3,19681.173048
2026-09-11 16:00:00+00:00,2559.31,2577.77,2557.59,2560.91,8760.614639
2026-09-11 16:15:00+00:00,2560.92,2568.0,2544.45,2564.95,5199.468319
2026-09-11 16:30:00+00:00,2564.96,2572.25,2559.94,2571.6,1959.061451
2026-09-11 16:45:00+00:00,2571.6,2583.33,2570.28,2577.56,3648.516732
2026-09-11 17:00:00+00:00,2577.42,2581.94,2570.4,2570.76,1422.551614
2026-09-11 17:15:00+00:00,2570.81,2579.8,2570.61,2576.2,971.281119
2026-09-11 17:30:00+00:00,2576.2,2579.25,2567.16,2569.37,886.585313
2026-09-11 17:45:00+00:00,2569.39,2572.98,2563.23,2566.63,1103.636966
2026-09-11 18:00:00+00:00,2566.63,2568.59,2529.51,2539.8,6961.1635
2026-09-11 18:15:00+00:00,2539.4,2549.18,2536.26,2544.38,1875.033798
2026-09-11 18:30:00+00:00,2544.4,2548.96,2540.61,2541.85,1416.967407
2026-09-11 18:45:00+00:00,2541.74,2550.89,2531.13,2537.66,2541.601764
2026-09-11 19:00:00+00:00,2537.56,2547.56,2532.92,2545.59,945.353084
2026-09-11 19:15:00+00:00,2545.41,2548.47,2538.61,2545.6,794.201589
2026-09-11 19:30:00+00:00,2545.81,2547.34,2541.7,2544.09,669.903139
2026-09-11 19:45:00+00:00,2544.12,2544.49,2538.18,2539.52,996.198333
2026-09-11 20:00:00+00:00,2539.65,2548.19,2538.18,2545.0,644.978682
2026-09-11 20:15:00+00:00,2545.01,2545.01,2535.72,2536.59,858.488319
2026-09-11 20:30:00+00:00,2536.45,2541.52,2525.0,2537.24,2076.753295
2026-09-11 20:45:00+00:00,2537.23,2537.89,2523.3,2530.59,2211.127384
2026-09-11 21:00:00+00:00,2530.47,2540.62,2530.46,2539.37,1091.579513
2026-09-11 21:15:00+00:00,2539.4,2540.59,2535.66,2535.83,367.298286
2026-09-11 21:30:00+00:00,2535.83,2538.5,2534.01,2534.91,364.503187
2026-09-11 21:45:00+00:00,2534.93,2535.78,2513.77,2516.58,2644.4581
2026-09-11 22:00:00+00:00,2516.34,2520.54,2506.45,2520.02,3670.452131
2026-09-11 22:15:00+00:00,2520.02,2523.72,2516.7,2518.03,1165.156319
2026-09-11 22:30:00+00:00,2518.02,2522.99,2510.23,2517.4,1447.567024
2026-09-11 22:45:00+00:00,2517.4,2517.52,2507.23,2511.77,1694.700361
2026-09-11 23:00:00+00:00,2511.8,2515.14,2509.23,2513.27,629.998616
2026-09-11 23:15:00+00:00,2513.29,2515.57,2510.06,2512.23,356.452117
2026-09-11 23:30:00+00:00,2512.24,2514.59,2511.32,2511.4,480.569178
2026-09-11 23:45:00+00:00,2511.4,2516.51,2511.37,2516.5,1143.073557
2026-09-12 00:00:00+00:00,2516.51,2517.83,2511.75,2517.59,944.627513
2026-09-12 00:15:00+00:00,2517.59,2517.85,2515.4,2515.53,343.139068
2026-09-12 00:30:00+00:00,2515.52,2515.58,2512.87,2513.56,336.18436
2026-09-12 00:45:00+00:00,2513.56,2514.25,2510.79,2511.01,217.766319
2026-09-12 01:00:00+00:00,2511.01,2516.27,2509.61,2516.26,475.094507
2026-09-12 01:15:00+00:00,2516.21,2517.38,2512.01,2514.33,487.758919
2026-09-12 01:30:00+00:00,2514.34,2515.99,2512.0,2513.79,272.390382
2026-09-12 01:45:00+00:00,2513.95,2517.08,2513.0,2513.92,596.542477
2026-09-12 02:00:00+00:00,2513.93,2516.06,2513.01,2513.47,269.081462
2026-09-12 02:15:00+00:00,2513.47,2515.52,2513.05,2514.29,205.953151
2026-09-12 02:30:00+00:00,2514.29,2515.99,2512.63,2513.86,541.699734
2026-09-12 02:45:00+00:00,2513.85,2515.51,2512.21,2514.5,829.762365
2026-09-12 03:00:00+00:00,2514.4,2516.25,2512.04,2513.92,408.000843
2026-09-12 03:15:00+00:00,2513.83,2516.1,2510.0,2513.77,2645.55684
2026-09-12 03:30:00+00:00,2513.68,2514.1,2512.01,2513.17,121.848126
2026-09-12 03:45:00+00:00,2513.1,2514.19,2511.81,2513.46,167.289433
2026-09-12 04:00:00+00:00,2513.46,2514.03,2512.63,2513.02,266.480706
2026-09-12 04:15:00+00:00,2513.02,2513.7,2510.13,2512.29,397.111654
2026-09-12 04:30:00+00:00,2512.29,2515.51,2512.29,2513.35,379.28196
2026-09-12 04:45:00+00:00,2513.35,2513.99,2512.22,2513.04,190.285925
2026-09-12 05:00:00+00:00,2513.05,2513.05,2510.53,2511.27,250.60718
2026-09-12 05:15:00+00:00,2511.26,2512.88,2509.79,2509.79,611.261515
2026-09-12 05:30:00+00:00,2509.79,2513.27,2509.06,2511.94,558.552802
2026-09-12 05:45:00+00:00,2511.95,2512.99,2511.71,2511.91,832.417775
2026-09-12 06:00:00+00:00,2511.91,2512.34,2510.29,2511.01,282.804514
2026-09-12 06:15:00+00:00,2511.0,2513.27,2510.76,2512.3,221.580015
2026-09-12 06:30:00+00:00,2512.31,2518.66,2512.31,2518.66,751.051163
2026-09-12 06:45:00+00:00,2518.65,2522.93,2518.2,2519.69,877.197093
2026-09-12 07:00:00+00:00,2519.7,2524.82,2519.7,2524.47,405.602089
2026-09-12 07:15:00+00:00,2524.47,2524.6,2522.01,2523.21,364.673188
2026-09-12 07:30:00+00:00,2523.22,2523.5,2521.82,2522.64,940.039924
2026-09-12 07:45:00+00:00,2522.83,2524.31,2521.98,2523.8,982.7926
2026-09-12 08:00:00+00:00,2523.8,2528.37,2523.01,2525.79,790.909782
2026-09-12 08:15:00+00:00,2525.8,2529.6,2525.6,2529.24,809.640144
2026-09-12 08:30:00+00:00,2529.32,2533.33,2527.77,2533.01,2237.471447
2026-09-12 08:45:00+00:00,2533.0,2536.75,2532.46,2533.44,702.787181
2026-09-12 09:00:00+00:00,2533.45,2536.8,2532.33,2535.36,605.767556
2026-09-12 09:15:00+00:00,2535.35,2537.29,2533.0,2535.78,824.734283
2026-09-12 09:30:00+00:00,2535.79,2537.18,2531.84,2532.29,1027.465456
2026-09-12 09:45:00+00:00,2532.29,2532.85,2529.17,2531.12,816.148229
2026-09-12 10:00:00+00:00,2531.12,2536.59,2531.11,2534.23,321.471082
2026-09-12 10:15:00+00:00,2534.24,2534.24,2532.07,2532.29,157.057232
2026-09-12 10:30:00+00:00,2532.3,2533.77,2531.33,2533.27,154.183229
2026-09-12 10:45:00+00:00,2533.27,2534.74,2531.27,2533.4,390.039092
2026-09-12 11:00:00+00:00,2533.4,2535.14,2531.41,2532.05,405.074048
2026-09-12 11:15:00+00:00,2532.01,2532.98,2530.86,2532.9,183.094764
2026-09-12 11:30:00+00:00,2532.94,2537.0,2532.89,2536.95,267.987894
2026-09-12 11:45:00+00:00,2536.88,2537.35,2535.41,2536.28,164.205332
2026-09-12 12:00:00+00:00,2536.29,2536.29,2533.69,2534.12,329.777983
2026-09-12 12:15:00+00:00,2534.13,2535.64,2533.11,2533.69,317.129662
2026-09-12 12:30:00+00:00,2533.7,2536.59,2533.17,2534.48,277.785935
2026-09-12 12:45:00+00:00,2534.44,2536.42,2532.0,2535.56,272.32717
2026-09-12 13:00:00+00:00,2535.56,2547.0,2533.24,2539.29,1533.747251
2026-09-12 13:15:00+00:00,2539.25,2542.32,2536.63,2540.85,767.016668
2026-09-12 13:30:00+00:00,2540.85,2541.59,2537.51,2538.64,466.977326
2026-09-12 13:45:00+00:00,2538.64,2546.48,2537.72,2544.59,767.844585
2026-09-12 14:00:00+00:00,2544.59,2545.7,2541.01,2541.27,269.388228
2026-09-12 14:15:00+00:00,2541.27,2543.65,2540.8,2542.53,389.121549
2026-09-12 14:30:00+00:00,2542.49,2544.67,2539.22,2539.71,480.916158
2026-09-12 14:45:00+00:00,2539.71,2542.03,2539.2,2540.1,864.293647
2026-09-12 15:00:00+00:00,2540.1,2540.85,2537.14,2540.23,1019.904861
2026-09-12 15:15:00+00:00,2540.11,2542.97,2538.88,2540.12,786.708575
2026-09-12 15:30:00+00:00,2540.14,2540.84,2531.43,2535.08,920.78629
2026-09-12 15:45:00+00:00,2535.28,2536.8,2532.11,2535.12,743.324078
2026-09-12 16:00:00+00:00,2535.12,2536.55,2532.57,2534.86,787.619045
2026-09-12 16:15:00+00:00,2534.87,2535.24,2532.55,2532.65,145.702026
2026-09-12 16:30:00+00:00,2532.64,2533.08,2530.76,2530.77,516.579511
2026-09-12 16:45:00+00:00,2530.8,2532.79,2530.48,2531.5,1095.557019
2026-09-12 17:00:00+00:00,2531.51,2534.86,2530.69,2531.52,1127.632259
2026-09-12 17:15:00+00:00,2531.69,2533.61,2527.01,2527.5,1279.883037
2026-09-12 17:30:00+00:00,2527.51,2527.79,2524.45,2526.81,557.589419
2026-09-12 17:45:00+00:00,2526.81,2526.81,2525.15,2526.01,306.145202
2026-09-12 18:00:00+00:00,2526.02,2527.7,2523.62,2523.86,429.1741
2026-09-12 18:15:00+00:00,2523.87,2527.39,2522.49,2524.94,468.598945
2026-09-12 18:30:00+00:00,2524.95,2526.09,2521.49,2524.0,777.255564
2026-09-12 18:45:00+00:00,2524.0,2524.16,2520.5,2522.45,710.864445
2026-09-12 19:00:00+00:00,2522.46,2523.22,2519.05,2522.72,925.462507
2026-09-12 19:15:00+00:00,2522.71,2522.71,2519.28,2519.79,414.390866
2026-09-12 19:30:00+00:00,2519.82,2520.48,2515.0,2515.83,867.071834
2026-09-12 19:45:00+00:00,2515.68,2519.8,2515.47,2519.38,338.445296
2026-09-12 20:00:00+00:00,2519.39,2522.62,2519.39,2522.51,441.826049
2026-09-12 20:15:00+00:00,2522.5,2524.2,2520.94,2522.75,309.563638
2026-09-12 20:30:00+00:00,2522.88,2523.5,2521.1,2522.48,241.89575
2026-09-12 20:45:00+00:00,2522.35,2524.37,2520.29,2520.66,448.772505
2026-09-12 21:00:00+00:00,2520.66,2528.75,2520.03,2525.57,1108.380323
2026-09-12 21:15:00+00:00,2525.52,2525.71,2523.01,2524.6,480.996405
2026-09-12 21:30:00+00:00,2524.77,2525.8,2523.57,2523.94,276.876121
2026-09-12 21:45:00+00:00,2523.97,2524.75,2522.26,2524.01,204.209566
2026-09-12 22:00:00+00:00,2524.01,2524.6,2521.6,2523.55,476.438076
2026-09-12 22:15:00+00:00,2523.56,2526.4,2520.74,2520.74,419.706191
2026-09-12 22:30:00+00:00,2520.74,2523.0,2520.08,2521.55,475.744809
2026-09-12 22:45:00+00:00,2521.55,2523.38,2521.54,2523.0,111.248994
2026-09-12 23:00:00+00:00,2523.0,2524.68,2522.3,2524.57,216.347884
2026-09-12 23:15:00+00:00,2524.56,2525.25,2524.0,2524.72,246.363408
2026-09-12 23:30:00+00:00,2524.66,2525.6,2524.03,2524.99,247.673925
2026-09-12 23:45:00+00:00,2524.99,2526.76,2524.98,2525.95,276.09547
2026-09-13 00:00:00+00:00,2525.89,2527.39,2524.96,2525.0,348.69479
2026-09-13 00:15:00+00:00,2525.0,2526.75,2525.0,2525.54,399.685444
2026-09-13 00:30:00+00:00,2525.54,2526.36,2523.26,2523.93,660.242533
2026-09-13 00:45:00+00:00,2524.0,2525.8,2523.99,2525.11,174.112986
2026-09-13 01:00:00+00:00,2525.11,2526.12,2524.0,2524.94,393.707199
2026-09-13 01:15:00+00:00,2524.94,2527.63,2523.54,2524.42,541.38672
2026-09-13 01:30:00+00:00,2524.49,2525.99,2522.46,2525.24,322.807209
2026-09-13 01:45:00+00:00,2525.29,2526.53,2524.91,2525.83,158.391188
2026-09-13 02:00:00+00:00,2525.83,2525.83,2522.57,2523.13,150.829966
2026-09-13 02:15:00+00:00,2523.14,2523.32,2521.62,2522.15,343.025282
2026-09-13 02:30:00+00:00,2522.14,2523.91,2520.95,2523.17,746.738925
2026-09-13 02:45:00+00:00,2523.17,2523.7,2520.87,2521.42,540.759086
2026-09-13 03:00:00+00:00,2521.43,2522.88,2520.2,2520.82,407.989995
2026-09-13 03:15:00+00:00,2520.82,2522.43,2520.25,2520.76,131.755048
2026-09-13 03:30:00+00:00,2520.76,2521.89,2519.29,2521.86,333.930891
2026-09-13 03:45:00+00:00,2521.87,2522.67,2519.68,2520.95,543.756923
2026-09-13 04:00:00+00:00,2520.95,2523.68,2520.35,2521.44,649.735762
2026-09-13 04:15:00+00:00,2521.52,2523.51,2521.52,2523.07,142.350903
2026-09-13 04:30:00+00:00,2523.06,2523.07,2519.0,2519.99,348.791728
2026-09-13 04:45:00+00:00,2520.07,2520.79,2519.5,2520.39,194.927088
2026-09-13 05:00:00+00:00,2520.4,2522.52,2520.4,2522.02,176.810796
2026-09-13 05:15:00+00:00,2522.02,2523.08,2521.36,2522.91,215.615298
2026-09-13 05:30:00+00:00,2522.91,2524.64,2522.91,2523.48,226.743621
2026-09-13 05:45:00+00:00,2523.48,2524.16,2522.85,2522.86,365.943269
2026-09-13 06:00:00+00:00,2522.86,2523.49,2522.35,2522.8,150.459653
2026-09-13 06:15:00+00:00,2522.79,2522.8,2520.95,2521.94,251.538885
2026-09-13 06:30:00+00:00,2521.95,2521.99,2518.75,2519.92,213.531755
2026-09-13 06:45:00+00:00,2519.92,2519.92,2510.0,2513.22,1183.995083
2026-09-13 07:00:00+00:00,2513.22,2515.74,2512.01,2515.2,490.90993
2026-09-13 07:15:00+00:00,2515.2,2516.18,2513.57,2515.98,633.532495
2026-09-13 07:30:00+00:00,2515.87,2521.19,2514.16,2520.62,7353.765812
2026-09-13 07:45:00+00:00,2520.5,2520.93,2517.6,2518.16,7703.562839
2026-09-13 08:00:00+00:00,2518.15,2519.97,2513.03,2515.39,713.67016
2026-09-13 08:15:00+00:00,2515.38,2515.38,2510.72,2510.72,481.883782
2026-09-13 08:30:00+00:00,2510.73,2510.73,2488.17,2493.21,6496.116224
2026-09-13 08:45:00+00:00,2493.21,2496.68,2492.38,2494.6,995.998747
2026-09-13 09:00:00+00:00,2494.6,2497.85,2493.14,2493.22,982.970372
2026-09-13 09:15:00+00:00,2493.24,2495.02,2475.44,2481.8,5216.483514
2026-09-13 09:30:00+00:00,2481.8,2484.6,2470.65,2480.96,3488.645822
2026-09-13 09:45:00+00:00,2480.91,2486.1,2480.0,2485.2,893.565719
2026-09-13 10:00:00+00:00,2485.19,2486.3,2482.26,2483.58,353.048009
2026-09-13 10:15:00+00:00,2483.56,2484.27,2480.0,2480.2,355.411538
2026-09-13 10:30:00+00:00,2480.2,2484.01,2473.64,2475.4,849.370802
2026-09-13 10:45:00+00:00,2475.41,2479.0,2469.87,2472.68,1874.07786
2026-09-13 11:00:00+00:00,2472.72,2478.26,2468.07,2470.39,1196.277962
2026-09-13 11:15:00+00:00,2470.4,2476.8,2470.4,2475.35,583.897269
2026-09-13 11:30:00+00:00,2475.29,2480.62,2473.87,2480.62,503.523917
2026-09-13 11:45:00+00:00,2480.64,2482.53,2479.51,2481.45,328.700746
2026-09-13 12:00:00+00:00,2481.45,2482.49,2479.14,2481.72,237.383545
2026-09-13 12:15:00+00:00,2481.73,2483.54,2480.85,2480.9,210.656221
2026-09-13 12:30:00+00:00,2480.9,2483.22,2475.38,2476.41,1251.675506
2026-09-13 12:45:00+00:00,2476.41,2478.56,2475.52,2477.71,646.726788
2026-09-13 13:00:00+00:00,2477.71,2478.38,2473.32,2477.78,535.021299
2026-09-13 13:15:00+00:00,2477.73,2477.73,2461.54,2467.35,1839.639742
2026-09-13 13:30:00+00:00,2467.31,2476.66,2467.1,2476.17,678.874884
2026-09-13 13:45:00+00:00,2476.17,2483.33,2476.17,2479.26,541.443147
2026-09-13 14:00:00+00:00,2479.26,2485.58,2479.12,2485.2,552.245516
2026-09-13 14:15:00+00:00,2485.25,2492.41,2485.25,2490.69,1299.961698
2026-09-13 14:30:00+00:00,2490.73,2494.99,2489.14,2492.96,724.196152
2026-09-13 14:45:00+00:00,2493.0,2495.63,2490.33,2492.83,1143.807102
2026-09-13 15:00:00+00:00,2492.83,2493.26,2485.51,2487.92,1722.591803
2026-09-13 15:15:00+00:00,2487.87,2491.82,2482.34,2487.15,1647.48612
2026-09-13 15:30:00+00:00,2487.25,2491.55,2487.25,2490.76,1113.882117
2026-09-13 15:45:00+00:00,2490.76,2492.68,2489.41,2491.18,1025.670016
2026-09-13 16:00:00+00:00,2491.19,2505.75,2490.94,2501.3,3045.961782
2026-09-13 16:15:00+00:00,2501.3,2504.5,2498.49,2502.92,1215.954648
2026-09-13 16:30:00+00:00,2502.95,2505.41,2500.44,2504.02,485.735913
2026-09-13 16:45:00+00:00,2504.01,2506.24,2502.35,2504.87,531.630761
2026-09-13 17:00:00+00:00,2504.83,2513.0,2504.39,2509.37,1058.812082
2026-09-13 17:15:00+00:00,2509.41,2511.11,2505.45,2505.73,260.008999
2026-09-13 17:30:00+00:00,2505.73,2506.2,2502.99,2504.05,320.268427
2026-09-13 17:45:00+00:00,2504.01,2506.37,2504.01,2505.06,141.045847
2026-09-13 18:00:00+00:00,2505.05,2506.69,2504.52,2506.64,163.084881
2026-09-13 18:15:00+00:00,2506.6,2508.96,2506.03,2506.33,156.956942
2026-09-13 18:30:00+00:00,2506.43,2509.33,2506.37,2508.79,354.863019
2026-09-13 18:45:00+00:00,2508.8,2509.5,2508.21,2509.4,150.006765
2026-09-13 19:00:00+00:00,2509.41,2515.47,2508.8,2508.98,593.153326
2026-09-13 19:15:00+00:00,2509.01,2510.47,2506.39,2508.11,447.887981
2026-09-13 19:30:00+00:00,2508.1,2508.11,2503.42,2505.25,218.89982
2026-09-13 19:45:00+00:00,2505.26,2506.1,2504.18,2506.08,129.894225
2026-09-13 20:00:00+00:00,2506.09,2507.88,2506.09,2507.87,98.499214
2026-09-13 20:15:00+00:00,2507.77,2510.3,2507.42,2509.92,240.250298
2026-09-13 20:30:00+00:00,2509.93,2512.59,2508.9,2511.79,279.658988
2026-09-13 20:45:00+00:00,2511.75,2514.99,2511.71,2513.01,411.752936
2026-09-13 21:00:00+00:00,2513.01,2515.57,2511.51,2514.62,438.005359
2026-09-13 21:15:00+00:00,2514.59,2516.7,2513.44,2513.69,409.569308
2026-09-13 21:30:00+00:00,2513.69,2513.81,2510.43,2511.95,406.033075
2026-09-13 21:45:00+00:00,2512.12,2512.38,2508.54,2509.01,147.816011
2026-09-13 22:00:00+00:00,2509.01,2509.01,2484.27,2488.18,3984.235254
2026-09-13 22:15:00+00:00,2488.17,2488.37,2475.0,2481.65,1878.745398
2026-09-13 22:30:00+00:00,2481.68,2483.57,2473.68,2474.99,1419.456343
2026-09-13 22:45:00+00:00,2475.12,2481.31,2472.32,2475.82,1839.230356
2026-09-13 23:00:00+00:00,2475.84,2480.27,2473.45,2475.05,713.168103
2026-09-13 23:15:00+00:00,2474.95,2478.16,2470.65,2475.24,861.552643
2026-09-13 23:30:00+00:00,2475.18,2482.23,2474.88,2476.6,1261.734397
2026-09-13 23:45:00+00:00,2476.6,2478.59,2474.08,2476.89,422.560068
2026-09-14 00:00:00+00:00,2476.93,2491.94,2476.42,2485.7,1924.189209
2026-09-14 00:15:00+00:00,2485.76,2487.5,2464.52,2469.3,3663.55988
2026-09-14 00:30:00+00:00,2469.51,2485.71,2467.86,2483.0,2184.536059
2026-09-14 00:45:00+00:00,2483.08,2486.14,2482.12,2484.21,678.755059
2026-09-14 01:00:00+00:00,2484.21,2487.71,2480.14,2481.84,852.937679
2026-09-14 01:15:00+00:00,2481.84,2486.65,2476.32,2483.95,789.544134
2026-09-14 01:30:00+00:00,2483.8,2486.26,2473.62,2481.26,1059.004148
2026-09-14 01:45:00+00:00,2481.25,2496.08,2479.93,2493.41,1612.063216
2026-09-14 02:00:00+00:00,2493.49,2505.97,2490.8,2504.37,1699.087866
2026-09-14 02:15:00+00:00,2504.51,2510.51,2498.77,2505.0,1720.799252
2026-09-14 02:30:00+00:00,2505.1,2509.39,2500.29,2503.85,848.759177
2026-09-14 02:45:00+00:00,2504.1,2513.45,2504.1,2511.07,1327.326309
2026-09-14 03:00:00+00:00,2511.08,2519.85,2510.72,2518.12,2114.965536
2026-09-14 03:15:00+00:00,2518.19,2519.39,2515.31,2516.33,782.857785
2026-09-14 03:30:00+00:00,2516.33,2516.33,2507.41,2509.44,1302.102912
2026-09-14 03:45:00+00:00,2509.46,2512.96,2509.21,2512.85,439.743841
2026-09-14 04:00:00+00:00,2512.85,2515.16,2511.5,2511.93,497.319277
2026-09-14 04:15:00+00:00,2511.78,2518.0,2511.19,2514.04,660.576578
2026-09-14 04:30:00+00:00,2514.04,2517.12,2511.75,2515.95,573.71094
2026-09-14 04:45:00+00:00,2515.95,2517.76,2513.0,2514.86,697.535638
2026-09-14 05:00:00+00:00,2514.87,2516.0,2511.37,2515.12,447.053242
2026-09-14 05:15:00+00:00,2515.01,2515.2,2510.72,2511.23,615.049418
2026-09-14 05:30:00+00:00,2511.2,2515.6,2510.39,2514.41,704.663607
2026-09-14 05:45:00+00:00,2514.42,2516.37,2511.11,2516.37,464.819783
2026-09-14 06:00:00+00:00,2516.37,2527.0,2515.28,2522.83,2979.824454
2026-09-14 06:15:00+00:00,2522.9,2524.05,2514.93,2514.93,877.979957
2026-09-14 06:30:00+00:00,2514.93,2522.39,2508.09,2520.81,1526.014419
2026-09-14 06:45:00+00:00,2520.88,2521.0,2514.5,2514.51,750.915823
2026-09-14 07:00:00+00:00,2514.61,2520.0,2511.47,2519.78,552.052208
2026-09-14 07:15:00+00:00,2519.59,2523.43,2519.13,2520.03,816.416279
2026-09-14 07:30:00+00:00,2520.1,2526.52,2518.37,2525.15,1333.503599
2026-09-14 07:45:00+00:00,2524.88,2525.13,2519.75,2522.62,2246.409759
2026-09-14 08:00:00+00:00,2522.73,2529.29,2516.13,2521.52,2088.832149
2026-09-14 08:15:00+00:00,2521.43,2532.71,2519.01,2521.61,2446.267518
2026-09-14 08:30:00+00:00,2521.6,2524.79,2519.56,2522.14,1412.945165
2026-09-14 08:45:00+00:00,2522.14,2522.59,2516.32,2518.68,414.922499
2026-09-14 09:00:00+00:00,2518.67,2520.27,2514.5,2515.24,725.701302
2026-09-14 09:15:00+00:00,2515.19,2519.4,2511.33,2519.39,1735.801684
2026-09-14 09:30:00+00:00,2519.4,2525.0,2518.82,2522.13,1554.226266
2026-09-14 09:45:00+00:00,2522.05,2534.66,2521.64,2523.93,3508.622374
2026-09-14 10:00:00+00:00,2523.83,2525.56,2518.93,2520.1,1215.682233
2026-09-14 10:15:00+00:00,2520.09,2520.71,2515.97,2517.0,440.90192
2026-09-14 10:30:00+00:00,2517.1,2518.51,2515.62,2516.91,683.149759
2026-09-14 10:45:00+00:00,2517.16,2519.24,2513.0,2513.01,661.924199
2026-09-14 11:00:00+00:00,2513.01,2515.04,2507.45,2511.62,1398.585409
2026-09-14 11:15:00+00:00,2511.87,2516.14,2511.6,2515.63,307.623136
2026-09-14 11:30:00+00:00,2515.63,2516.89,2510.75,2512.64,519.823009
2026-09-14 11:45:00+00:00,2512.8,2512.85,2505.5,2509.18,780.068399
2026-09-14 12:00:00+00:00,2509.19,2512.67,2506.59,2511.97,542.495762
2026-09-14 12:15:00+00:00,2511.88,2516.01,2511.01,2515.92,777.797317
2026-09-14 12:30:00+00:00,2515.7,2518.56,2506.11,2512.58,1677.920196
2026-09-14 12:45:00+00:00,2512.56,2514.2,2503.49,2505.48,1220.525842
2026-09-14 13:00:00+00:00,2505.49,2505.77,2488.0,2498.61,3294.396082
2026-09-14 13:15:00+00:00,2498.86,2505.3,2498.86,2504.38,689.242152
2026-09-14 13:30:00+00:00,2504.27,2518.0,2496.45,2508.72,5012.385621
2026-09-14 13:45:00+00:00,2508.81,2516.45,2496.55,2500.82,2686.465595
2026-09-14 14:00:00+00:00,2500.82,2515.67,2500.04,2514.26,1823.476817
2026-09-14 14:15:00+00:00,2514.24,2516.76,2494.87,2505.08,2430.411681
2026-09-14 14:30:00+00:00,2505.3,2512.99,2496.62,2500.18,2305.266771
2026-09-14 14:45:00+00:00,2500.2,2509.44,2499.76,2501.88,1799.321716
2026-09-14 15:00:00+00:00,2501.78,2509.72,2496.55,2504.39,1841.004548
2026-09-14 15:15:00+00:00,2504.51,2508.59,2499.77,2500.77,780.047999
2026-09-14 15:30:00+00:00,2500.63,2513.25,2498.89,2510.38,2139.00028
2026-09-14 15:45:00+00:00,2510.43,2511.14,2504.0,2508.53,1065.361171
2026-09-14 16:00:00+00:00,2508.52,2510.22,2504.19,2507.8,613.952329
2026-09-14 16:15:00+00:00,2507.83,2533.0,2507.83,2521.43,4892.900203
2026-09-14 16:30:00+00:00,2521.58,2526.6,2520.61,2522.53,835.457658
2026-09-14 16:45:00+00:00,2522.54,2537.57,2522.54,2529.34,2659.82516
2026-09-14 17:00:00+00:00,2529.2,2533.15,2525.48,2532.87,591.992876
2026-09-14 17:15:00+00:00,2532.6,2535.55,2529.13,2530.55,1577.549445
2026-09-14 17:30:00+00:00,2530.51,2530.79,2522.56,2526.48,957.479637
2026-09-14 17:45:00+00:00,2526.6,2535.06,2526.26,2533.52,1062.545676
2026-09-14 18:00:00+00:00,2533.53,2536.93,2530.49,2531.0,1117.284666
2026-09-14 18:15:00+00:00,2530.99,2539.96,2529.72,2539.44,1800.970652
2026-09-14 18:30:00+00:00,2539.44,2543.13,2534.32,2539.19,3087.856342
2026-09-14 18:45:00+00:00,2539.19,2544.39,2536.7,2538.8,1600.446247
2026-09-14 19:00:00+00:00,2538.91,2539.98,2534.2,2538.69,1605.865554
2026-09-14 19:15:00+00:00,2538.7,2549.65,2538.0,2544.87,1121.931971
2026-09-14 19:30:00+00:00,2544.81,2545.74,2536.01,2544.29,1086.868117
2026-09-14 19:45:00+00:00,2544.26,2545.74,2539.01,2539.72,830.827136
2026-09-14 20:00:00+00:00,2539.73,2573.96,2539.73,2565.11,4157.771449
2026-09-14 20:15:00+00:00,2565.2,2615.0,2565.16,2598.99,8243.447888
2026-09-14 20:30:00+00:00,2599.4,2602.59,2586.29,2587.59,2272.579037
2026-09-14 20:45:00+00:00,2587.6,2592.34,2567.4,2570.63,2587.753893
2026-09-14 21:00:00+00:00,2570.64,2571.76,2538.88,2551.79,6019.691228
2026-09-14 21:15:00+00:00,2551.68,2560.18,2548.05,2556.18,1317.759094
2026-09-14 21:30:00+00:00,2556.2,2559.61,2543.4,2547.5,1404.958583
2026-09-14 21:45:00+00:00,2547.39,2550.49,2545.01,2546.78,759.46292
2026-09-14 22:00:00+00:00,2546.79,2556.68,2542.38,2554.6,1257.329428
2026-09-14 22:15:00+00:00,2554.61,2555.26,2541.67,2544.8,1000.251057
2026-09-14 22:30:00+00:00,2544.79,2544.79,2536.0,2539.49,1459.901881
2026-09-14 22:45:00+00:00,2539.33,2539.33,2532.61,2533.46,1175.65452
2026-09-14 23:00:00+00:00,2533.46,2534.85,2524.59,2524.78,1560.919224
2026-09-14 23:15:00+00:00,2524.82,2527.0,2522.5,2525.01,672.246117
2026-09-14 23:30:00+00:00,2525.0,2525.13,2514.76,2519.91,1299.432905
2026-09-14 23:45:00+00:00,2519.65,2519.65,2513.42,2515.75,1341.902973
2026-09-15 00:00:00+00:00,2515.4,2517.5,2510.86,2512.69,1759.592804
2026-09-15 00:15:00+00:00,2512.73,2512.73,2507.21,2510.03,1143.37959
2026-09-15 00:30:00+00:00,2510.03,2516.51,2509.79,2513.77,1072.482987
2026-09-15 00:45:00+00:00,2513.74,2517.0,2512.6,2516.13,1101.984446
2026-09-15 01:00:00+00:00,2515.98,2516.36,2508.04,2511.98,864.831806
2026-09-15 01:15:00+00:00,2512.03,2518.42,2508.5,2511.35,1028.880241
2026-09-15 01:30:00+00:00,2511.58,2516.99,2510.0,2516.69,429.721539
2026-09-15 01:45:00+00:00,2516.7,2519.75,2513.41,2515.62,935.798066
2026-09-15 02:00:00+00:00,2515.66,2519.82,2514.68,2517.95,969.626003
2026-09-15 02:15:00+00:00,2518.04,2519.71,2516.01,2516.65,398.355304
2026-09-15 02:30:00+00:00,2516.8,2517.79,2511.0,2512.81,1126.290561
2026-09-15 02:45:00+00:00,2512.62,2513.46,2509.45,2512.45,708.517886
2026-09-15 03:00:00+00:00,2512.45,2512.46,2495.82,2498.67,2588.302707
2026-09-15 03:15:00+00:00,2498.6,2502.89,2497.08,2502.89,495.103157
2026-09-15 03:30:00+00:00,2502.89,2505.5,2501.18,2503.99,376.781514
2026-09-15 03:45:00+00:00,2504.0,2505.37,2497.64,2499.22,688.36768
2026-09-15 04:00:00+00:00,2498.76,2500.78,2496.3,2498.51,979.385074
2026-09-15 04:15:00+00:00,2498.52,2500.32,2493.39,2493.97,903.818495
2026-09-15 04:30:00+00:00,2493.97,2495.56,2490.0,2494.32,1580.943291
2026-09-15 04:45:00+00:00,2494.33,2494.58,2490.67,2490.77,669.400155
2026-09-15 05:00:00+00:00,2490.72,2494.21,2478.66,2484.06,2796.601854
2026-09-15 05:15:00+00:00,2484.15,2490.0,2479.41,2488.46,1708.878138
2026-09-15 05:30:00+00:00,2488.69,2490.83,2486.0,2490.6,452.205372
2026-09-15 05:45:00+00:00,2490.7,2497.86,2490.49,2496.45,957.4256
2026-09-15 06:00:00+00:00,2496.54,2500.92,2496.12,2496.44,751.234707
2026-09-15 06:15:00+00:00,2496.23,2496.23,2488.64,2489.13,658.265175
2026-09-15 06:30:00+00:00,2489.12,2490.87,2487.5,2490.21,715.466424
2026-09-15 06:45:00+00:00,2490.13,2490.56,2481.89,2485.92,1201.844949
2026-09-15 07:00:00+00:00,2485.92,2486.04,2479.36,2481.18,1325.43885
2026-09-15 07:15:00+00:00,2481.15,2484.51,2477.88,2483.77,1645.221723
2026-09-15 07:30:00+00:00,2483.77,2483.92,2475.12,2478.24,3944.276769
2026-09-15 07:45:00+00:00,2478.09,2482.12,2470.08,2474.32,4122.744376
2026-09-15 08:00:00+00:00,2474.22,2474.36,2465.11,2471.69,3334.411736
2026-09-15 08:15:00+00:00,2471.69,2474.51,2467.02,2472.49,1138.198776
2026-09-15 08:30:00+00:00,2472.38,2474.86,2470.21,2473.19,654.858085
2026-09-15 08:45:00+00:00,2473.19,2477.76,2473.19,2477.46,1911.166987
2026-09-15 09:00:00+00:00,2477.45,2477.45,2473.21,2474.14,798.525655
2026-09-15 09:15:00+00:00,2474.14,2476.18,2473.23,2475.26,407.356191
2026-09-15 09:30:00+00:00,2475.26,2477.6,2474.2,2476.44,582.108081
2026-09-15 09:45:00+00:00,2476.42,2480.53,2473.71,2474.46,1278.955058
2026-09-15 10:00:00+00:00,2474.37,2478.77,2471.76,2475.53,2225.801487
2026-09-15 10:15:00+00:00,2475.47,2478.1,2474.27,2474.28,1897.183893
2026-09-15 10:30:00+00:00,2474.28,2480.33,2474.0,2479.16,1790.019826
2026-09-15 10:45:00+00:00,2479.34,2486.65,2479.31,2483.85,1535.306165
2026-09-15 11:00:00+00:00,2483.85,2488.32,2480.78,2482.53,872.672853
2026-09-15 11:15:00+00:00,2482.56,2485.47,2480.15,2480.47,678.917463
2026-09-15 11:30:00+00:00,2480.47,2481.39,2474.0,2475.49,1747.740019
2026-09-15 11:45:00+00:00,2475.49,2477.21,2473.0,2476.43,716.412378
2026-09-15 12:00:00+00:00,2476.43,2481.5,2475.18,2480.35,781.154461
2026-09-15 12:15:00+00:00,2480.34,2481.6,2477.41,2479.39,696.520168
2026-09-15 12:30:00+00:00,2479.39,2479.88,2475.25,2476.47,990.443474
2026-09-15 12:45:00+00:00,2476.52,2485.99,2475.2,2479.32,1567.869734
2026-09-15 13:00:00+00:00,2479.33,2486.66,2477.05,2478.85,1576.746027
2026-09-15 13:15:00+00:00,2478.87,2480.0,2477.58,2478.74,602.636137
2026-09-15 13:30:00+00:00,2478.73,2478.73,2432.25,2450.36,18318.634982
2026-09-15 13:45:00+00:00,2450.36,2454.08,2440.0,2453.82,3053.939928
2026-09-15 14:00:00+00:00,2453.83,2458.0,2445.88,2446.86,1953.431858
2026-09-15 14:15:00+00:00,2446.86,2450.29,2435.02,2439.22,3011.694633
2026-09-15 14:30:00+00:00,2439.22,2439.39,2411.11,2416.81,9191.55846
2026-09-15 14:45:00+00:00,2416.97,2418.2,2389.0,2408.13,14190.582389
2026-09-15 15:00:00+00:00,2408.13,2414.49,2398.01,2413.32,3651.825287
2026-09-15 15:15:00+00:00,2413.26,2429.84,2410.51,2425.35,4178.077903
2026-09-15 15:30:00+00:00,2425.34,2431.24,2423.51,2427.1,2285.682952
2026-09-15 15:45:00+00:00,2427.24,2432.3,2422.62,2424.68,2053.118078
2026-09-15 16:00:00+00:00,2424.51,2425.33,2412.7,2413.8,1496.185106
2026-09-15 16:15:00+00:00,2413.8,2425.36,2413.8,2424.19,1306.761618
2026-09-15 16:30:00+00:00,2424.28,2425.36,2417.45,2420.22,622.493511
2026-09-15 16:45:00+00:00,2420.23,2426.19,2420.0,2422.29,564.517776
2026-09-15 17:00:00+00:00,2422.29,2423.95,2413.01,2416.93,1756.593629
2026-09-15 17:15:00+00:00,2416.92,2425.6,2415.04,2425.06,1305.390832
2026-09-15 17:30:00+00:00,2425.06,2448.98,2423.41,2429.64,5239.570654
2026-09-15 17:45:00+00:00,2429.72,2445.18,2429.72,2441.16,1748.689164
2026-09-15 18:00:00+00:00,2441.01,2443.1,2433.81,2436.02,1396.130819
2026-09-15 18:15:00+00:00,2436.06,2447.14,2422.84,2435.75,4075.424116
2026-09-15 18:30:00+00:00,2435.75,2436.99,2370.7,2387.4,26966.284589
2026-09-15 18:45:00+00:00,2387.4,2416.66,2358.1,2403.36,30478.008409
2026-09-15 19:00:00+00:00,2402.88,2413.75,2397.65,2405.37,6529.199735
2026-09-15 19:15:00+00:00,2405.5,2420.0,2401.82,2404.59,6346.059112
2026-09-15 19:30:00+00:00,2404.46,2409.62,2398.63,2404.23,5312.137243
2026-09-15 19:45:00+00:00,2404.26,2416.74,2403.12,2416.73,3898.489852
2026-09-15 20:00:00+00:00,2416.74,2418.61,2405.96,2410.0,2237.181614
2026-09-15 20:15:00+00:00,2410.0,2410.19,2399.04,2399.56,3440.74603
2026-09-15 20:30:00+00:00,2399.56,2406.13,2395.27,2405.95,2848.585138
2026-09-15 20:45:00+00:00,2405.89,2410.92,2405.42,2407.74,2282.881481
2026-09-15 21:00:00+00:00,2407.74,2407.99,2399.4,2401.66,1587.83569
2026-09-15 21:15:00+00:00,2401.65,2404.84,2396.25,2398.51,1242.232084
2026-09-15 21:30:00+00:00,2398.36,2402.57,2396.0,2401.32,762.854573
2026-09-15 21:45:00+00:00,2401.31,2401.5,2389.71,2390.42,1133.255464
2026-09-15 22:00:00+00:00,2390.42,2397.89,2386.39,2388.01,1219.12821
2026-09-15 22:15:00+00:00,2388.16,2398.25,2381.65,2393.84,1671.000721
2026-09-15 22:30:00+00:00,2393.84,2403.03,2393.83,2396.22,1244.291402
2026-09-15 22:45:00+00:00,2396.21,2401.76,2395.42,2396.89,605.419731
2026-09-15 23:00:00+00:00,2396.81,2410.0,2396.43,2409.97,2257.162366
2026-09-15 23:15:00+00:00,2409.97,2412.69,2405.7,2406.04,1395.979014
2026-09-15 23:30:00+00:00,2405.99,2406.04,2397.69,2401.35,1467.017146
2026-09-15 23:45:00+00:00,2401.34,2402.64,2397.87,2398.07,488.418745
2026-09-16 00:00:00+00:00,2398.24,2405.71,2397.45,2401.54,786.916383
2026-09-16 00:15:00+00:00,2401.45,2405.36,2400.8,2404.76,445.400832
2026-09-16 00:30:00+00:00,2404.91,2406.03,2402.09,2403.49,343.437311
2026-09-16 00:45:00+00:00,2403.5,2405.64,2398.67,2399.01,893.274269
2026-09-16 01:00:00+00:00,2399.01,2403.66,2395.79,2400.38,690.474751
2026-09-16 01:15:00+00:00,2400.44,2407.78,2398.6,2403.77,823.364175
2026-09-16 01:30:00+00:00,2403.77,2403.81,2393.75,2398.15,1991.256194
2026-09-16 01:45:00+00:00,2397.99,2400.49,2390.63,2390.78,795.251542
2026-09-16 02:00:00+00:00,2390.78,2396.96,2388.76,2393.67,1276.765949
2026-09-16 02:15:00+00:00,2393.6,2402.27,2393.21,2402.27,789.230972
2026-09-16 02:30:00+00:00,2402.28,2411.77,2402.09,2406.45,2114.110103
2026-09-16 02:45:00+00:00,2406.45,2408.13,2400.0,2403.2,788.374715
2026-09-16 03:00:00+00:00,2403.21,2407.09,2400.88,2406.83,923.886711
2026-09-16 03:15:00+00:00,2406.87,2411.64,2404.69,2404.69,817.694315
2026-09-16 03:30:00+00:00,2404.77,2406.87,2400.47,2401.81,1077.409517
2026-09-16 03:45:00+00:00,2401.92,2403.67,2400.55,2402.16,259.887362
2026-09-16 04:00:00+00:00,2402.17,2405.8,2402.07,2403.92,339.464504
2026-09-16 04:15:00+00:00,2403.92,2409.99,2402.08,2404.63,1285.822872
2026-09-16 04:30:00+00:00,2404.62,2410.76,2402.6,2406.32,1438.290741
2026-09-16 04:45:00+00:00,2406.32,2408.8,2402.74,2403.96,697.43787
2026-09-16 05:00:00+00:00,2403.86,2404.91,2393.37,2400.42,2623.928961
2026-09-16 05:15:00+00:00,2400.41,2404.52,2399.96,2404.47,442.42708
2026-09-16 05:30:00+00:00,2404.37,2407.15,2402.55,2406.93,1455.042046
2026-09-16 05:45:00+00:00,2406.99,2407.96,2404.15,2407.45,1083.773497
2026-09-16 06:00:00+00:00,2407.47,2409.95,2403.82,2404.32,929.914643
2026-09-16 06:15:00+00:00,2404.31,2405.24,2400.89,2401.46,418.65035
2026-09-16 06:30:00+00:00,2401.27,2401.53,2393.45,2398.49,3201.455893
2026-09-16 06:45:00+00:00,2398.58,2407.85,2398.49,2407.18,3257.707105
2026-09-16 07:00:00+00:00,2407.19,2411.59,2398.73,2402.32,5752.656376
2026-09-16 07:15:00+00:00,2402.32,2405.53,2398.01,2399.32,7883.792587
2026-09-16 07:30:00+00:00,2399.31,2402.31,2398.38,2399.69,9181.125237
2026-09-16 07:45:00+00:00,2399.69,2400.81,2397.0,2397.27,10382.319576
2026-09-16 08:00:00+00:00,2397.27,2397.82,2382.53,2387.94,4580.613895
2026-09-16 08:15:00+00:00,2387.94,2393.93,2384.92,2389.11,3238.143338
2026-09-16 08:30:00+00:00,2389.1,2394.26,2388.55,2394.11,1138.389543
2026-09-16 08:45:00+00:00,2394.08,2403.74,2393.44,2403.28,1135.263135
2026-09-16 09:00:00+00:00,2403.27,2407.33,2401.39,2401.39,1188.358355
2026-09-16 09:15:00+00:00,2401.39,2405.25,2399.36,2402.3,1043.248604
2026-09-16 09:30:00+00:00,2402.31,2405.0,2401.38,2403.31,352.535719
2026-09-16 09:45:00+00:00,2403.31,2406.61,2401.55,2405.84,279.99734
2026-09-16 10:00:00+00:00,2405.84,2406.68,2398.45,2399.89,717.109229
2026-09-16 10:15:00+00:00,2399.84,2404.27,2399.35,2402.94,432.260517
2026-09-16 10:30:00+00:00,2402.94,2407.31,2401.9,2406.4,433.731634
2026-09-16 10:45:00+00:00,2406.56,2406.91,2402.01,2406.48,330.369705
2026-09-16 11:00:00+00:00,2406.48,2409.23,2404.69,2404.69,479.894192
2026-09-16 11:15:00+00:00,2404.69,2407.99,2402.86,2407.31,420.186908
2026-09-16 11:30:00+00:00,2407.31,2430.07,2406.8,2426.03,3004.995392
2026-09-16 11:45:00+00:00,2425.95,2427.51,2419.57,2422.62,958.372549
2026-09-16 12:00:00+00:00,2422.44,2423.87,2412.82,2413.74,1095.193298
2026-09-16 12:15:00+00:00,2413.73,2418.16,2405.89,2407.1,1729.331292
2026-09-16 12:30:00+00:00,2407.1,2411.32,2403.22,2407.02,678.842507
2026-09-16 12:45:00+00:00,2406.97,2410.67,2403.76,2406.7,704.970121
2026-09-16 13:00:00+00:00,2406.69,2407.07,2395.37,2402.0,2006.931023
2026-09-16 13:15:00+00:00,2401.99,2406.11,2398.48,2400.91,920.760555
2026-09-16 13:30:00+00:00,2400.9,2402.7,2390.0,2399.0,1751.318768
2026-09-16 13:45:00+00:00,2399.0,2403.86,2392.01,2394.2,1433.722165
2026-09-16 14:00:00+00:00,2394.16,2395.14,2383.33,2390.44,2584.411026
2026-09-16 14:15:00+00:00,2390.45,2398.99,2388.0,2398.38,1704.501806
2026-09-16 14:30:00+00:00,2398.42,2398.87,2384.93,2391.8,2124.56064
2026-09-16 14:45:00+00:00,2391.8,2391.98,2378.23,2390.59,3504.169189
2026-09-16 15:00:00+00:00,2390.63,2396.4,2386.66,2393.85,1482.489119
2026-09-16 15:15:00+00:00,2393.95,2394.73,2387.07,2387.53,672.409726
2026-09-16 15:30:00+00:00,2387.42,2395.55,2384.0,2390.89,927.151592
2026-09-16 15:45:00+00:00,2390.9,2402.75,2390.33,2392.71,1663.54309
2026-09-16 16:00:00+00:00,2392.79,2397.49,2388.64,2397.0,1959.785344
2026-09-16 16:15:00+00:00,2397.0,2399.56,2392.81,2396.12,935.761541
2026-09-16 16:30:00+00:00,2396.13,2397.95,2387.0,2388.37,749.892293
2026-09-16 16:45:00+00:00,2388.36,2395.64,2388.07,2391.8,1318.201129
2026-09-16 17:00:00+00:00,2391.7,2394.12,2386.52,2391.1,1713.359111
2026-09-16 17:15:00+00:00,2390.89,2394.2,2386.69,2389.02,753.754803
2026-09-16 17:30:00+00:00,2388.83,2389.24,2371.55,2376.2,2860.428966
2026-09-16 17:45:00+00:00,2376.33,2396.62,2371.72,2390.68,3834.067205
2026-09-16 18:00:00+00:00,2390.85,2430.0,2369.53,2402.37,32927.235156
2026-09-16 18:15:00+00:00,2402.58,2413.07,2396.08,2412.09,4733.254093
2026-09-16 18:30:00+00:00,2412.25,2422.71,2368.72,2409.66,12752.151685
2026-09-16 18:45:00+00:00,2409.66,2413.27,2389.99,2398.11,5530.040675
2026-09-16 19:00:00+00:00,2398.33,2418.44,2398.28,2407.42,5205.236061
2026-09-16 19:15:00+00:00,2407.25,2410.47,2377.0,2388.5,4930.44211
2026-09-16 19:30:00+00:00,2388.51,2407.86,2381.91,2406.06,3630.367997
2026-09-16 19:45:00+00:00,2405.93,2411.47,2405.55,2408.51,2542.203504
2026-09-16 20:00:00+00:00,2408.46,2419.89,2405.01,2412.56,1854.263119
2026-09-16 20:15:00+00:00,2412.62,2417.96,2407.4,2411.81,1448.411347
2026-09-16 20:30:00+00:00,2411.81,2415.65,2404.71,2409.1,1320.771178
2026-09-16 20:45:00+00:00,2409.09,2412.86,2407.11,2411.06,1710.059312
2026-09-16 21:00:00+00:00,2411.23,2413.64,2408.01,2409.97,834.338157
2026-09-16 21:15:00+00:00,2409.97,2411.86,2405.33,2405.81,720.554156
2026-09-16 21:30:00+00:00,2406.04,2408.0,2400.0,2402.85,805.146789
2026-09-16 21:45:00+00:00,2402.85,2406.25,2401.43,2404.82,475.773985
2026-09-16 22:00:00+00:00,2404.83,2406.05,2388.0,2399.06,2209.168089
2026-09-16 22:15:00+00:00,2398.82,2402.27,2392.94,2394.44,827.721013
2026-09-16 22:30:00+00:00,2394.41,2398.48,2392.0,2398.22,273.650513
2026-09-16 22:45:00+00:00,2398.23,2398.96,2391.29,2392.47,522.860492
2026-09-16 23:00:00+00:00,2392.47,2399.12,2390.01,2399.01,392.97983
2026-09-16 23:15:00+00:00,2399.12,2415.41,2399.12,2413.21,1531.457981
2026-09-16 23:30:00+00:00,2413.15,2422.8,2412.0,2419.39,2209.561475
2026-09-16 23:45:00+00:00,2419.51,2422.67,2415.67,2418.48,1391.173518
2026-09-17 00:00:00+00:00,2418.48,2425.21,2416.01,2421.61,802.633397
2026-09-17 00:15:00+00:00,2421.66,2427.0,2420.6,2422.27,709.722517
2026-09-17 00:30:00+00:00,2422.22,2427.89,2421.29,2424.1,1101.790487
2026-09-17 00:45:00+00:00,2424.27,2425.11,2418.85,2418.85,456.412999
2026-09-17 01:00:00+00:00,2418.96,2421.37,2413.86,2418.7,604.523643
2026-09-17 01:15:00+00:00,2418.75,2440.48,2416.72,2438.59,11430.568436
2026-09-17 01:30:00+00:00,2438.6,2445.16,2430.29,2434.96,3480.585567
2026-09-17 01:45:00+00:00,2434.93,2435.58,2427.26,2427.83,1635.84197
2026-09-17 02:00:00+00:00,2427.83,2429.28,2418.35,2422.58,2706.491806
2026-09-17 02:15:00+00:00,2422.54,2423.99,2416.31,2422.85,1197.923395
2026-09-17 02:30:00+00:00,2422.68,2433.04,2420.73,2431.29,1593.961822
2026-09-17 02:45:00+00:00,2431.16,2432.67,2427.59,2428.93,573.422347
2026-09-17 03:00:00+00:00,2429.11,2436.74,2429.11,2434.03,747.301713
2026-09-17 03:15:00+00:00,2434.03,2438.68,2431.75,2436.44,452.417928
2026-09-17 03:30:00+00:00,2436.37,2439.03,2434.81,2437.47,488.760883
2026-09-17 03:45:00+00:00,2437.42,2438.25,2434.23,2435.76,605.983044
2026-09-17 04:00:00+00:00,2435.76,2436.11,2430.79,2431.51,446.570128
2026-09-17 04:15:00+00:00,2431.52,2431.58,2425.5,2426.17,812.080892
2026-09-17 04:30:00+00:00,2426.16,2437.5,2425.3,2435.74,966.801464
2026-09-17 04:45:00+00:00,2435.61,2444.29,2434.79,2442.2,1033.021978
2026-09-17 05:00:00+00:00,2442.07,2446.7,2439.81,2441.23,929.977092
2026-09-17 05:15:00+00:00,2441.22,2445.34,2438.44,2443.1,871.722095
2026-09-17 05:30:00+00:00,2443.2,2443.23,2437.49,2438.78,913.607917
2026-09-17 05:45:00+00:00,2438.77,2441.39,2436.1,2437.22,660.83807
2026-09-17 06:00:00+00:00,2437.13,2443.09,2436.3,2441.87,899.686712
2026-09-17 06:15:00+00:00,2441.82,2441.82,2435.76,2440.62,293.628946
2026-09-17 06:30:00+00:00,2440.68,2445.38,2439.71,2445.04,773.344238
2026-09-17 06:45:00+00:00,2444.98,2446.64,2440.7,2441.26,603.601741
2026-09-17 07:00:00+00:00,2441.26,2454.99,2441.01,2448.27,3454.499251
2026-09-17 07:15:00+00:00,2448.12,2452.27,2446.69,2448.28,1762.875282
2026-09-17 07:30:00+00:00,2448.47,2449.37,2446.27,2446.27,1390.592251
2026-09-17 07:45:00+00:00,2446.27,2448.38,2442.62,2444.38,1255.830808
2026-09-17 08:00:00+00:00,2444.38,2446.43,2438.57,2439.03,1053.144454
2026-09-17 08:15:00+00:00,2439.07,2444.19,2437.82,2439.3,1011.912688
2026-09-17 08:30:00+00:00,2439.19,2445.79,2437.41,2443.02,1559.86402
2026-09-17 08:45:00+00:00,2442.9,2446.58,2442.4,2445.59,1217.165999
2026-09-17 09:00:00+00:00,2445.59,2449.37,2445.01,2446.67,692.164054
2026-09-17 09:15:00+00:00,2446.61,2448.95,2445.01,2445.02,2165.589264
2026-09-17 09:30:00+00:00,2445.02,2448.87,2442.1,2442.52,908.083945
2026-09-17 09:45:00+00:00,2442.54,2444.98,2438.13,2438.66,1219.541851
2026-09-17 10:00:00+00:00,2438.67,2439.36,2431.62,2435.38,1062.185761
2026-09-17 10:15:00+00:00,2435.38,2435.43,2431.78,2433.45,1023.622139
2026-09-17 10:30:00+00:00,2433.46,2435.83,2432.01,2433.04,543.82039
2026-09-17 10:45:00+00:00,2433.03,2435.8,2430.38,2435.8,1088.780722
2026-09-17 11:00:00+00:00,2435.83,2438.73,2433.99,2438.6,610.454169
2026-09-17 11:15:00+00:00,2438.6,2439.13,2434.22,2437.25,456.97986
2026-09-17 11:30:00+00:00,2437.13,2437.13,2428.01,2428.17,686.55813
2026-09-17 11:45:00+00:00,2428.23,2443.25,2428.23,2442.64,1720.937264
2026-09-17 12:00:00+00:00,2442.4,2457.49,2439.33,2455.48,3644.962158
2026-09-17 12:15:00+00:00,2455.41,2472.24,2454.4,2472.22,5435.304077
2026-09-17 12:30:00+00:00,2472.09,2480.0,2461.82,2461.82,5321.162867
2026-09-17 12:45:00+00:00,2461.83,2466.38,2458.91,2459.98,1808.973737
2026-09-17 13:00:00+00:00,2459.99,2464.83,2454.94,2457.12,2073.556185
2026-09-17 13:15:00+00:00,2457.12,2460.0,2451.19,2452.37,1019.270875
2026-09-17 13:30:00+00:00,2452.38,2455.77,2432.98,2439.68,3162.231061
2026-09-17 13:45:00+00:00,2439.8,2463.73,2436.32,2462.35,3162.45951
2026-09-17 14:00:00+00:00,2462.36,2481.0,2450.77,2480.17,5566.315444
2026-09-17 14:15:00+00:00,2480.16,2483.83,2467.81,2477.04,4677.439563
2026-09-17 14:30:00+00:00,2477.04,2481.32,2464.41,2464.79,3546.557492
2026-09-17 14:45:00+00:00,2464.77,2469.05,2461.47,2461.68,1244.497456
2026-09-17 15:00:00+00:00,2461.68,2462.24,2448.38,2451.6,3253.442139
2026-09-17 15:15:00+00:00,2451.46,2456.93,2448.84,2456.01,1170.550863
2026-09-17 15:30:00+00:00,2456.05,2478.11,2454.81,2471.81,2410.621521
2026-09-17 15:45:00+00:00,2471.65,2473.71,2466.81,2470.29,1250.445945
2026-09-17 16:00:00+00:00,2470.29,2473.24,2468.06,2470.22,707.685305
2026-09-17 16:15:00+00:00,2470.4,2471.87,2466.3,2469.07,549.079439
2026-09-17 16:30:00+00:00,2469.17,2469.17,2454.72,2464.64,2124.579174
2026-09-17 16:45:00+00:00,2464.65,2470.81,2460.23,2470.59,1412.208308
2026-09-17 17:00:00+00:00,2470.6,2476.13,2468.61,2469.38,1573.754716
2026-09-17 17:15:00+00:00,2469.38,2476.85,2467.33,2473.41,869.54929
2026-09-17 17:30:00+00:00,2473.52,2473.69,2463.77,2465.2,948.019786
2026-09-17 17:45:00+00:00,2465.39,2465.47,2460.24,2462.89,1125.895891
2026-09-17 18:00:00+00:00,2462.89,2463.24,2459.36,2462.26,262.132933
2026-09-17 18:15:00+00:00,2462.4,2463.79,2460.58,2461.0,434.891225
2026-09-17 18:30:00+00:00,2461.01,2462.2,2450.27,2455.8,1707.530082
2026-09-17 18:45:00+00:00,2455.57,2458.65,2451.87,2451.87,807.01943
2026-09-17 19:00:00+00:00,2451.89,2455.69,2451.44,2451.45,316.249318
2026-09-17 19:15:00+00:00,2451.44,2455.25,2450.0,2453.28,582.635233
2026-09-17 19:30:00+00:00,2453.46,2454.95,2448.72,2450.17,678.214848
2026-09-17 19:45:00+00:00,2450.25,2455.03,2445.29,2449.1,1263.058291
2026-09-17 20:00:00+00:00,2449.1,2453.76,2447.4,2453.76,213.98082
2026-09-17 20:15:00+00:00,2453.77,2458.87,2452.42,2457.75,476.516287
2026-09-17 20:30:00+00:00,2457.62,2457.77,2449.58,2451.24,637.119388
2026-09-17 20:45:00+00:00,2451.24,2453.63,2448.48,2453.63,410.649769
2026-09-17 21:00:00+00:00,2453.59,2456.07,2450.07,2450.61,1117.246374
2026-09-17 21:15:00+00:00,2450.62,2452.72,2450.51,2452.27,683.617066
2026-09-17 21:30:00+00:00,2452.27,2453.46,2450.28,2451.51,671.407256
2026-09-17 21:45:00+00:00,2451.37,2451.5,2447.45,2447.46,409.336572
2026-09-17 22:00:00+00:00,2447.45,2449.8,2442.49,2443.56,1705.439362
2026-09-17 22:15:00+00:00,2443.56,2444.02,2437.69,2438.76,833.18571
2026-09-17 22:30:00+00:00,2438.82,2448.0,2437.39,2446.93,791.601847
2026-09-17 22:45:00+00:00,2446.93,2447.77,2441.75,2445.8,1211.340628
2026-09-17 23:00:00+00:00,2445.8,2450.15,2444.03,2447.76,1270.815421
2026-09-17 23:15:00+00:00,2447.77,2449.85,2447.63,2449.38,385.709078
2026-09-17 23:30:00+00:00,2449.34,2449.51,2446.0,2447.88,590.393106
2026-09-17 23:45:00+00:00,2447.88,2450.65,2446.62,2447.65,839.001501
2026-09-18 00:00:00+00:00,2447.12,2448.13,2442.91,2444.22,695.726069
2026-09-18 00:15:00+00:00,2444.09,2444.31,2436.91,2440.45,825.454433
2026-09-18 00:30:00+00:00,2440.44,2444.69,2439.4,2443.1,627.236586
2026-09-18 00:45:00+00:00,2443.1,2448.5,2440.76,2448.2,679.420706
2026-09-18 01:00:00+00:00,2448.2,2452.49,2445.63,2450.49,790.189485
2026-09-18 01:15:00+00:00,2450.48,2453.6,2448.51,2450.95,510.430608
2026-09-18 01:30:00+00:00,2450.82,2458.36,2450.61,2455.7,1211.960717
2026-09-18 01:45:00+00:00,2455.71,2459.98,2455.17,2457.61,1185.813428
2026-09-18 02:00:00+00:00,2457.61,2460.96,2452.58,2456.19,1253.222415
2026-09-18 02:15:00+00:00,2456.19,2462.67,2455.97,2460.88,1038.274326
2026-09-18 02:30:00+00:00,2460.88,2466.98,2460.88,2462.45,1581.047463
2026-09-18 02:45:00+00:00,2462.41,2465.24,2461.41,2462.91,588.234932
2026-09-18 03:00:00+00:00,2462.84,2474.67,2461.71,2474.51,1742.905543
2026-09-18 03:15:00+00:00,2474.32,2485.38,2468.51,2475.02,4784.830466
2026-09-18 03:30:00+00:00,2475.03,2477.97,2469.51,2474.18,1486.751902
2026-09-18 03:45:00+00:00,2474.18,2482.57,2474.18,2479.4,4217.225286
2026-09-18 04:00:00+00:00,2479.4,2483.18,2473.42,2475.8,2088.122298
2026-09-18 04:15:00+00:00,2475.68,2478.14,2471.01,2472.26,1436.691184
2026-09-18 04:30:00+00:00,2472.41,2477.0,2470.03,2477.0,1280.416754
2026-09-18 04:45:00+00:00,2477.0,2482.49,2474.72,2482.49,1526.782042
2026-09-18 05:00:00+00:00,2482.5,2493.24,2477.09,2488.91,3283.723269
2026-09-18 05:15:00+00:00,2488.91,2492.38,2481.01,2484.95,1897.470515
2026-09-18 05:30:00+00:00,2484.89,2490.0,2482.76,2484.78,1743.300248
2026-09-18 05:45:00+00:00,2484.78,2485.7,2478.76,2480.4,1257.580806
2026-09-18 06:00:00+00:00,2480.4,2487.63,2480.39,2483.5,947.492358
2026-09-18 06:15:00+00:00,2483.57,2488.09,2482.9,2483.18,1908.9828
2026-09-18 06:30:00+00:00,2483.19,2487.0,2482.42,2486.04,814.318847
2026-09-18 06:45:00+00:00,2486.04,2488.15,2482.42,2487.44,1090.824597
2026-09-18 07:00:00+00:00,2487.43,2496.9,2485.85,2490.19,2749.837428
2026-09-18 07:15:00+00:00,2490.19,2498.5,2489.01,2493.55,2326.265772
2026-09-18 07:30:00+00:00,2493.6,2495.0,2488.91,2491.63,1828.023777
2026-09-18 07:45:00+00:00,2491.81,2493.49,2487.73,2489.93,3046.739938
2026-09-18 08:00:00+00:00,2489.94,2498.5,2485.55,2488.87,1520.789014
2026-09-18 08:15:00+00:00,2488.79,2507.25,2487.61,2497.86,3147.288143
2026-09-18 08:30:00+00:00,2497.8,2500.0,2493.79,2496.68,1081.729023
2026-09-18 08:45:00+00:00,2496.67,2506.0,2495.6,2505.44,1132.33471
2026-09-18 09:00:00+00:00,2505.19,2516.6,2504.15,2515.0,5987.32953
2026-09-18 09:15:00+00:00,2514.88,2521.05,2506.36,2508.31,5435.840828
2026-09-18 09:30:00+00:00,2508.27,2508.37,2502.25,2503.46,1706.902021
2026-09-18 09:45:00+00:00,2503.45,2508.99,2502.18,2507.89,1050.387124
2026-09-18 10:00:00+00:00,2507.9,2516.08,2507.79,2515.81,1904.181409
2026-09-18 10:15:00+00:00,2515.8,2518.86,2511.25,2517.72,841.151751
2026-09-18 10:30:00+00:00,2517.72,2519.99,2515.0,2516.71,882.180326
2026-09-18 10:45:00+00:00,2516.72,2521.6,2513.0,2513.57,1463.80285
2026-09-18 11:00:00+00:00,2513.56,2518.19,2499.18,2502.83,2872.31077
2026-09-18 11:15:00+00:00,2502.83,2507.5,2501.61,2503.53,841.739938
2026-09-18 11:30:00+00:00,2503.4,2513.94,2502.72,2505.96,1524.829228
2026-09-18 11:45:00+00:00,2506.16,2511.72,2506.15,2508.42,946.712497
2026-09-18 12:00:00+00:00,2508.42,2511.05,2500.0,2504.6,1948.49116
2026-09-18 12:15:00+00:00,2504.6,2505.99,2500.21,2504.28,1352.303225
2026-09-18 12:30:00+00:00,2504.2,2509.64,2500.92,2504.59,1825.941365
2026-09-18 12:45:00+00:00,2504.46,2506.56,2500.53,2502.57,1079.784758
2026-09-18 13:00:00+00:00,2502.57,2503.28,2493.76,2498.74,2551.520054
2026-09-18 13:15:00+00:00,2498.75,2507.13,2497.74,2506.3,2886.963292
2026-09-18 13:30:00+00:00,2506.18,2539.0,2504.31,2537.62,18190.578322
2026-09-18 13:45:00+00:00,2537.62,2578.0,2532.39,2554.94,24614.555208
2026-09-18 14:00:00+00:00,2554.66,2570.1,2554.66,2561.4,10401.543972
2026-09-18 14:15:00+00:00,2561.4,2583.27,2560.0,2569.65,8969.996627
2026-09-18 14:30:00+00:00,2569.33,2579.19,2563.46,2578.2,4132.604228
2026-09-18 14:45:00+00:00,2578.2,2585.0,2574.02,2582.74,10480.467388
2026-09-18 15:00:00+00:00,2582.54,2588.93,2565.93,2575.36,6440.900052
2026-09-18 15:15:00+00:00,2575.23,2597.97,2575.07,2588.03,4003.782357
2026-09-18 15:30:00+00:00,2588.04,2588.76,2573.61,2573.61,3360.693332
2026-09-18 15:45:00+00:00,2573.71,2585.71,2569.34,2584.26,2858.855854
2026-09-18 16:00:00+00:00,2584.25,2597.36,2579.01,2596.61,4893.011781
2026-09-18 16:15:00+00:00,2596.61,2602.11,2591.71,2599.59,5944.877715
2026-09-18 16:30:00+00:00,2599.6,2610.44,2597.0,2601.97,6402.450245
2026-09-18 16:45:00+00:00,2601.8,2601.8,2589.41,2597.18,2523.513387
2026-09-18 17:00:00+00:00,2597.28,2597.8,2588.6,2595.99,1907.975725
2026-09-18 17:15:00+00:00,2596.02,2599.0,2585.28,2592.49,1930.047293
2026-09-18 17:30:00+00:00,2592.45,2595.0,2585.62,2594.89,1192.157234
2026-09-18 17:45:00+00:00,2594.9,2610.01,2594.5,2607.11,3275.608282
2026-09-18 18:00:00+00:00,2607.11,2609.77,2601.41,2605.8,1492.268605
2026-09-18 18:15:00+00:00,2605.76,2611.97,2602.97,2610.3,1297.710878
2026-09-18 18:30:00+00:00,2610.59,2626.51,2606.39,2610.53,5900.285144
2026-09-18 18:45:00+00:00,2610.52,2618.57,2609.85,2612.92,1768.067642
2026-09-18 19:00:00+00:00,2612.92,2627.24,2611.74,2625.76,1855.33685
2026-09-18 19:15:00+00:00,2625.8,2640.41,2625.0,2636.37,3975.551972
2026-09-18 19:30:00+00:00,2636.36,2643.1,2627.5,2641.96,1969.701741
2026-09-18 19:45:00+00:00,2642.07,2646.38,2633.19,2636.72,3303.253983
2026-09-18 20:00:00+00:00,2636.48,2637.91,2628.17,2634.8,2676.221134
2026-09-18 20:15:00+00:00,2634.81,2640.41,2625.58,2628.03,2022.012469
2026-09-18 20:30:00+00:00,2628.19,2636.33,2624.52,2634.04,1152.902432
2026-09-18 20:45:00+00:00,2633.97,2637.5,2630.23,2631.8,1308.322749
2026-09-18 21:00:00+00:00,2631.88,2639.98,2630.54,2638.77,1263.440849
2026-09-18 21:15:00+00:00,2639.19,2639.42,2631.2,2632.54,1619.857372
2026-09-18 21:30:00+00:00,2632.54,2635.71,2627.45,2629.09,1757.914081
2026-09-18 21:45:00+00:00,2629.09,2629.7,2625.01,2626.82,768.692631
2026-09-18 22:00:00+00:00,2626.82,2633.0,2625.41,2629.82,801.503903
2026-09-18 22:15:00+00:00,2629.91,2634.5,2629.8,2632.32,615.458559
2026-09-18 22:30:00+00:00,2632.31,2632.33,2618.17,2619.06,1617.00892
2026-09-18 22:45:00+00:00,2619.06,2622.3,2617.59,2619.81,723.415753
2026-09-18 23:00:00+00:00,2620.13,2622.43,2612.84,2619.9,1138.747597
2026-09-18 23:15:00+00:00,2619.88,2621.61,2613.21,2614.18,723.75945
2026-09-18 23:30:00+00:00,2614.19,2614.83,2609.6,2611.72,1203.24395
2026-09-18 23:45:00+00:00,2611.83,2614.19,2608.75,2611.96,852.547963
2026-09-19 00:00:00+00:00,2611.9,2613.0,2607.01,2612.49,1465.222353
2026-09-19 00:15:00+00:00,2612.6,2617.58,2612.24,2615.84,914.763709
2026-09-19 00:30:00+00:00,2615.85,2621.95,2615.67,2620.82,664.754801
2026-09-19 00:45:00+00:00,2620.83,2626.91,2619.03,2626.86,1078.790069
2026-09-19 01:00:00+00:00,2626.92,2627.49,2613.0,2613.13,1435.955882
2026-09-19 01:15:00+00:00,2613.14,2614.99,2603.31,2612.53,1425.73288
2026-09-19 01:30:00+00:00,2612.53,2613.37,2604.01,2612.28,828.67608
2026-09-19 01:45:00+00:00,2612.3,2620.11,2612.3,2613.04,743.335958
2026-09-19 02:00:00+00:00,2613.16,2618.19,2612.08,2616.23,526.182489
2026-09-19 02:15:00+00:00,2616.2,2622.49,2614.03,2617.8,903.503607
2026-09-19 02:30:00+00:00,2617.8,2623.04,2617.25,2619.93,846.896742
2026-09-19 02:45:00+00:00,2619.85,2623.68,2618.42,2623.66,318.848888
2026-09-19 03:00:00+00:00,2623.52,2632.18,2621.95,2626.72,1209.842973
2026-09-19 03:15:00+00:00,2626.73,2626.99,2620.97,2620.97,861.677178
2026-09-19 03:30:00+00:00,2621.01,2623.1,2619.34,2623.1,321.524588
2026-09-19 03:45:00+00:00,2623.13,2623.13,2620.23,2620.23,162.519032
2026-09-19 04:00:00+00:00,2620.24,2626.08,2620.18,2625.96,244.792133
2026-09-19 04:15:00+00:00,2625.96,2627.77,2622.0,2625.24,953.168609
2026-09-19 04:30:00+00:00,2625.24,2625.24,2612.09,2614.46,1214.505217
2026-09-19 04:45:00+00:00,2614.46,2620.0,2613.06,2619.98,676.229768
2026-09-19 05:00:00+00:00,2619.99,2630.7,2619.74,2624.85,612.639705
2026-09-19 05:15:00+00:00,2624.98,2632.86,2623.8,2628.14,859.8064
2026-09-19 05:30:00+00:00,2627.99,2633.53,2626.78,2626.91,357.503268
2026-09-19 05:45:00+00:00,2627.05,2632.98,2626.45,2628.77,706.778143
2026-09-19 06:00:00+00:00,2628.95,2630.72,2625.02,2625.02,309.179801
2026-09-19 06:15:00+00:00,2625.3,2627.7,2620.48,2624.61,376.746946
2026-09-19 06:30:00+00:00,2624.61,2630.0,2623.02,2628.61,663.854253
2026-09-19 06:45:00+00:00,2628.6,2629.66,2626.36,2627.44,316.554535
2026-09-19 07:00:00+00:00,2627.52,2631.23,2626.03,2630.58,360.921559
2026-09-19 07:15:00+00:00,2630.57,2636.0,2627.0,2629.5,1449.056529
2026-09-19 07:30:00+00:00,2629.5,2630.74,2623.68,2624.69,3396.978902
2026-09-19 07:45:00+00:00,2624.7,2630.3,2622.73,2626.71,4091.427536
2026-09-19 08:00:00+00:00,2626.8,2636.0,2623.75,2635.83,1146.461624
2026-09-19 08:15:00+00:00,2635.81,2662.75,2632.39,2645.18,8258.643387
2026-09-19 08:30:00+00:00,2645.0,2657.82,2642.69,2649.0,1794.489008
2026-09-19 08:45:00+00:00,2648.92,2651.73,2643.47,2645.44,1653.024453
2026-09-19 09:00:00+00:00,2645.45,2660.0,2644.37,2650.1,1645.289411
2026-09-19 09:15:00+00:00,2650.11,2653.66,2645.76,2646.63,1085.54547
2026-09-19 09:30:00+00:00,2646.64,2648.39,2632.66,2636.38,2018.408714
2026-09-19 09:45:00+00:00,2636.39,2643.93,2636.39,2640.91,821.086958
2026-09-19 10:00:00+00:00,2640.92,2642.69,2638.51,2641.49,1077.984609
2026-09-19 10:15:00+00:00,2641.5,2645.45,2640.35,2644.89,635.623619
2026-09-19 10:30:00+00:00,2645.01,2646.0,2642.88,2644.14,612.44733
2026-09-19 10:45:00+00:00,2644.14,2645.0,2638.05,2638.56,671.529046
2026-09-19 11:00:00+00:00,2638.53,2643.0,2638.0,2638.19,752.893906
2026-09-19 11:15:00+00:00,2638.2,2642.98,2637.01,2638.77,946.537416
2026-09-19 11:30:00+00:00,2638.78,2640.63,2636.73,2639.47,526.535937
2026-09-19 11:45:00+00:00,2639.48,2641.42,2638.91,2639.71,182.082824
2026-09-19 12:00:00+00:00,2639.71,2642.96,2636.49,2642.22,713.677912
2026-09-19 12:15:00+00:00,2642.22,2644.17,2640.07,2641.29,400.871591
2026-09-19 12:30:00+00:00,2641.28,2643.42,2639.76,2640.02,422.290342
2026-09-19 12:45:00+00:00,2640.26,2643.33,2637.7,2642.35,557.497665
2026-09-19 13:00:00+00:00,2642.35,2643.74,2633.6,2637.7,1037.48041
2026-09-19 13:15:00+00:00,2637.69,2642.2,2633.28,2634.73,954.618251
2026-09-19 13:30:00+00:00,2634.72,2637.8,2627.5,2635.88,1252.475744
2026-09-19 13:45:00+00:00,2635.71,2639.15,2633.7,2638.38,529.986706
2026-09-19 14:00:00+00:00,2638.44,2642.01,2636.46,2638.24,682.208021
2026-09-19 14:15:00+00:00,2638.24,2643.79,2638.23,2643.79,744.715876
2026-09-19 14:30:00+00:00,2643.8,2644.22,2636.23,2638.73,733.973773
2026-09-19 14:45:00+00:00,2639.16,2641.77,2636.97,2638.81,503.50039
2026-09-19 15:00:00+00:00,2638.81,2644.73,2638.81,2642.51,643.167384
2026-09-19 15:15:00+00:00,2642.72,2644.89,2637.32,2637.76,915.339522
2026-09-19 15:30:00+00:00,2637.76,2652.36,2637.76,2649.07,1388.958127
2026-09-19 15:45:00+00:00,2649.06,2649.06,2640.35,2641.16,784.498956
2026-09-19 16:00:00+00:00,2641.29,2646.85,2636.0,2644.83,1183.924599
2026-09-19 16:15:00+00:00,2644.85,2650.25,2642.86,2647.82,676.859221
2026-09-19 16:30:00+00:00,2647.92,2651.66,2646.94,2647.72,457.856612
2026-09-19 16:45:00+00:00,2647.79,2650.79,2646.4,2650.05,251.128323
2026-09-19 17:00:00+00:00,2649.97,2655.16,2648.52,2649.86,770.388966
2026-09-19 17:15:00+00:00,2649.86,2668.99,2642.47,2646.66,3532.811446
2026-09-19 17:30:00+00:00,2646.66,2650.69,2642.46,2647.07,559.104268
2026-09-19 17:45:00+00:00,2647.39,2649.44,2644.87,2645.59,303.276664
2026-09-19 18:00:00+00:00,2645.53,2647.62,2637.0,2637.91,1000.796549
2026-09-19 18:15:00+00:00,2637.87,2643.43,2635.45,2640.83,671.149819
2026-09-19 18:30:00+00:00,2640.83,2644.62,2635.0,2641.75,1471.979535
2026-09-19 18:45:00+00:00,2641.61,2642.33,2636.41,2638.94,639.823318
2026-09-19 19:00:00+00:00,2638.95,2640.84,2634.0,2634.75,556.080647
2026-09-19 19:15:00+00:00,2634.58,2638.57,2631.98,2637.15,539.310525
2026-09-19 19:30:00+00:00,2637.15,2638.43,2634.9,2635.35,160.212882
2026-09-19 19:45:00+00:00,2635.38,2637.83,2633.0,2635.07,331.188697
2026-09-19 20:00:00+00:00,2635.08,2637.03,2633.01,2635.16,258.419247
2026-09-19 20:15:00+00:00,2635.21,2640.43,2632.18,2635.05,693.777565
2026-09-19 20:30:00+00:00,2635.24,2640.49,2634.85,2640.49,180.892353
2026-09-19 20:45:00+00:00,2640.49,2640.49,2632.61,2635.86,316.212701
2026-09-19 21:00:00+00:00,2636.22,2639.19,2624.13,2624.63,1549.196685
2026-09-19 21:15:00+00:00,2624.62,2629.06,2617.82,2627.8,1310.35615
2026-09-19 21:30:00+00:00,2627.81,2628.49,2620.77,2624.52,1243.519721
2026-09-19 21:45:00+00:00,2624.52,2629.82,2624.25,2628.2,213.362038
2026-09-19 22:00:00+00:00,2627.95,2628.0,2620.33,2620.33,568.220101
2026-09-19 22:15:00+00:00,2620.52,2624.0,2619.29,2622.5,314.704321
2026-09-19 22:30:00+00:00,2622.6,2629.86,2622.2,2629.85,265.451855
2026-09-19 22:45:00+00:00,2629.85,2631.81,2629.0,2630.94,351.267408
2026-09-19 23:00:00+00:00,2630.95,2636.17,2630.55,2636.12,562.775174
2026-09-19 23:15:00+00:00,2636.12,2637.65,2629.63,2632.49,482.026253
2026-09-19 23:30:00+00:00,2632.6,2637.65,2631.28,2635.32,470.637426
2026-09-19 23:45:00+00:00,2635.32,2636.26,2632.25,2632.76,219.597197
2026-09-20 00:00:00+00:00,2632.77,2633.0,2626.66,2630.0,384.41999
2026-09-20 00:15:00+00:00,2629.99,2631.67,2627.01,2629.46,351.387637
2026-09-20 00:30:00+00:00,2629.41,2631.76,2627.02,2630.86,419.797683
2026-09-20 00:45:00+00:00,2630.86,2630.86,2625.8,2627.42,236.196659
2026-09-20 01:00:00+00:00,2627.36,2627.4,2620.49,2621.01,485.968646
2026-09-20 01:15:00+00:00,2621.0,2625.8,2620.47,2621.09,579.32717
2026-09-20 01:30:00+00:00,2621.09,2621.69,2613.75,2619.3,878.685621
2026-09-20 01:45:00+00:00,2619.3,2620.54,2615.82,2619.64,529.222381
2026-09-20 02:00:00+00:00,2619.65,2622.93,2618.21,2622.93,420.261579
2026-09-20 02:15:00+00:00,2622.99,2624.32,2613.84,2614.11,666.40268
2026-09-20 02:30:00+00:00,2614.11,2615.42,2585.0,2589.72,4788.054616
2026-09-20 02:45:00+00:00,2589.6,2599.66,2566.63,2574.43,7578.05389
2026-09-20 03:00:00+00:00,2574.43,2585.93,2564.14,2575.01,3575.278293
2026-09-20 03:15:00+00:00,2575.03,2591.01,2570.0,2585.08,2237.204875
2026-09-20 03:30:00+00:00,2585.08,2589.34,2578.78,2581.84,1035.913666
2026-09-20 03:45:00+00:00,2581.92,2588.5,2580.0,2588.02,1355.53573
2026-09-20 04:00:00+00:00,2588.02,2588.43,2581.07,2585.3,746.274905
2026-09-20 04:15:00+00:00,2585.4,2588.45,2579.82,2584.01,501.057018
2026-09-20 04:30:00+00:00,2584.15,2586.0,2581.01,2581.14,629.823085
2026-09-20 04:45:00+00:00,2581.15,2582.0,2576.39,2580.02,1072.597789
2026-09-20 05:00:00+00:00,2580.2,2586.04,2577.5,2584.0,666.919018
2026-09-20 05:15:00+00:00,2584.0,2584.13,2575.0,2578.59,983.457778
2026-09-20 05:30:00+00:00,2578.59,2582.57,2574.03,2576.35,1040.450078
2026-09-20 05:45:00+00:00,2576.35,2579.9,2575.4,2578.14,406.202904
2026-09-20 06:00:00+00:00,2578.13,2579.8,2574.6,2579.1,884.67961
2026-09-20 06:15:00+00:00,2579.1,2585.4,2578.92,2580.41,909.195523
2026-09-20 06:30:00+00:00,2580.4,2581.38,2569.23,2574.45,1021.242533
2026-09-20 06:45:00+00:00,2574.45,2576.55,2571.23,2574.53,601.015194
2026-09-20 07:00:00+00:00,2574.53,2576.55,2572.66,2575.22,363.562746
2026-09-20 07:15:00+00:00,2575.07,2577.72,2571.41,2576.83,1590.494183
2026-09-20 07:30:00+00:00,2577.01,2577.76,2572.25,2575.3,3073.078401
2026-09-20 07:45:00+00:00,2575.31,2578.96,2575.3,2577.32,3634.856546
2026-09-20 08:00:00+00:00,2577.3,2584.12,2576.0,2580.36,744.339824
2026-09-20 08:15:00+00:00,2580.26,2581.52,2577.15,2578.34,453.613031
2026-09-20 08:30:00+00:00,2578.35,2579.45,2572.82,2573.72,656.137179
2026-09-20 08:45:00+00:00,2573.72,2575.65,2569.82,2575.07,728.297446
2026-09-20 09:00:00+00:00,2575.0,2577.74,2574.6,2576.78,425.9017
2026-09-20 09:15:00+00:00,2576.79,2580.79,2576.34,2579.57,786.027433
2026-09-20 09:30:00+00:00,2579.6,2587.5,2579.59,2586.12,1279.286434
2026-09-20 09:45:00+00:00,2585.96,2585.96,2579.99,2579.99,651.378808
2026-09-20 10:00:00+00:00,2580.0,2581.81,2572.49,2576.95,886.289547
2026-09-20 10:15:00+00:00,2576.88,2579.99,2574.53,2576.13,840.752998
2026-09-20 10:30:00+00:00,2575.95,2578.85,2573.1,2574.85,323.085675
2026-09-20 10:45:00+00:00,2574.74,2576.66,2570.91,2571.5,446.500519
2026-09-20 11:00:00+00:00,2571.49,2575.65,2567.94,2572.17,873.671917
2026-09-20 11:15:00+00:00,2572.28,2573.3,2568.9,2573.01,301.365147
2026-09-20 11:30:00+00:00,2573.01,2578.21,2573.0,2575.94,613.350704
2026-09-20 11:45:00+00:00,2576.02,2581.07,2575.21,2579.08,322.556361
2026-09-20 12:00:00+00:00,2579.09,2583.22,2575.71,2580.84,609.989727
2026-09-20 12:15:00+00:00,2580.85,2580.94,2574.77,2575.21,286.163838
2026-09-20 12:30:00+00:00,2575.21,2576.27,2571.95,2575.27,377.507875
2026-09-20 12:45:00+00:00,2575.26,2580.77,2575.0,2580.51,622.576524
2026-09-20 13:00:00+00:00,2580.5,2586.51,2580.2,2581.65,871.34463
2026-09-20 13:15:00+00:00,2581.86,2583.19,2578.6,2580.88,528.54842
2026-09-20 13:30:00+00:00,2580.88,2581.6,2577.14,2580.1,348.902717
2026-09-20 13:45:00+00:00,2580.09,2581.54,2578.76,2580.9,349.517943
2026-09-20 14:00:00+00:00,2580.91,2588.8,2579.99,2580.64,1076.29422
2026-09-20 14:15:00+00:00,2580.6,2580.6,2573.9,2577.27,1721.250037
2026-09-20 14:30:00+00:00,2577.21,2583.78,2575.83,2581.64,621.415846
2026-09-20 14:45:00+00:00,2581.63,2588.03,2580.34,2585.64,979.738675
2026-09-20 15:00:00+00:00,2585.64,2608.44,2585.64,2596.99,3916.217463
2026-09-20 15:15:00+00:00,2597.0,2606.66,2593.33,2593.38,2073.061254
2026-09-20 15:30:00+00:00,2593.37,2606.81,2593.37,2603.79,1434.360407
2026-09-20 15:45:00+00:00,2603.8,2615.97,2603.55,2612.89,1189.105669
2026-09-20 16:00:00+00:00,2612.89,2628.33,2606.82,2623.25,3114.140782
2026-09-20 16:15:00+00:00,2622.9,2627.4,2615.78,2619.16,1299.996637
2026-09-20 16:30:00+00:00,2619.06,2648.05,2619.06,2641.68,3838.87134
2026-09-20 16:45:00+00:00,2641.68,2644.0,2632.13,2640.18,2552.7342
2026-09-20 17:00:00+00:00,2640.47,2649.94,2634.0,2636.99,3683.588766
2026-09-20 17:15:00+00:00,2636.98,2640.15,2618.53,2621.75,1833.44524
2026-09-20 17:30:00+00:00,2621.91,2640.0,2621.6,2635.85,1410.873442
2026-09-20 17:45:00+00:00,2635.85,2637.59,2622.27,2626.36,1073.352465
2026-09-20 18:00:00+00:00,2626.35,2629.0,2622.13,2625.81,520.002897
2026-09-20 18:15:00+00:00,2625.88,2638.46,2625.23,2638.45,578.0593
2026-09-20 18:30:00+00:00,2638.46,2640.18,2630.66,2632.75,637.517363
2026-09-20 18:45:00+00:00,2632.75,2633.01,2623.0,2626.39,587.340195
2026-09-20 19:00:00+00:00,2626.65,2629.54,2625.91,2627.39,432.147014
2026-09-20 19:15:00+00:00,2627.6,2629.8,2626.34,2629.4,185.793944
2026-09-20 19:30:00+00:00,2629.39,2636.36,2629.01,2635.04,356.980973
2026-09-20 19:45:00+00:00,2635.04,2638.69,2631.87,2633.26,537.465225
2026-09-20 20:00:00+00:00,2633.4,2637.23,2631.5,2632.18,243.924223
2026-09-20 20:15:00+00:00,2632.2,2638.35,2630.21,2636.45,620.651913
2026-09-20 20:30:00+00:00,2636.44,2637.48,2630.91,2636.68,480.424948
2026-09-20 20:45:00+00:00,2636.67,2642.99,2632.5,2634.84,624.599728
2026-09-20 21:00:00+00:00,2634.86,2635.99,2608.61,2619.28,3636.012995
2026-09-20 21:15:00+00:00,2619.8,2627.49,2618.41,2623.99,1198.146589
2026-09-20 21:30:00+00:00,2624.0,2627.74,2620.76,2620.76,514.404137
2026-09-20 21:45:00+00:00,2620.77,2631.07,2620.76,2631.07,321.721
2026-09-20 22:00:00+00:00,2631.08,2647.0,2624.33,2646.5,2774.649268
2026-09-20 22:15:00+00:00,2646.51,2646.51,2635.23,2641.19,961.097957
2026-09-20 22:30:00+00:00,2641.18,2645.0,2636.24,2636.68,885.654954
2026-09-20 22:45:00+00:00,2636.75,2643.43,2634.86,2639.39,441.935586
2026-09-20 23:00:00+00:00,2639.39,2639.39,2632.31,2634.36,554.132783
2026-09-20 23:15:00+00:00,2634.3,2648.8,2633.4,2638.2,854.501768
2026-09-20 23:30:00+00:00,2637.98,2644.41,2637.36,2643.76,732.86349
2026-09-20 23:45:00+00:00,2643.63,2646.64,2638.01,2644.88,704.611197
2026-09-21 00:00:00+00:00,2645.08,2686.3,2643.98,2679.2,11015.185487
2026-09-21 00:15:00+00:00,2678.9,2697.19,2672.0,2685.59,7120.309461
2026-09-21 00:30:00+00:00,2685.78,2694.15,2682.5,2690.24,2929.870774
2026-09-21 00:45:00+00:00,2690.49,2707.98,2687.17,2688.92,5851.390936
2026-09-21 01:00:00+00:00,2688.8,2691.58,2680.56,2689.98,1848.04421
2026-09-21 01:15:00+00:00,2690.0,2701.0,2672.05,2678.72,4370.824109
2026-09-21 01:30:00+00:00,2678.64,2684.29,2669.19,2681.91,1663.372808
2026-09-21 01:45:00+00:00,2681.94,2685.71,2644.13,2649.37,5550.533186
2026-09-21 02:00:00+00:00,2649.44,2660.52,2644.24,2660.08,2435.590463
2026-09-21 02:15:00+00:00,2659.95,2669.54,2658.21,2664.89,1057.026211
2026-09-21 02:30:00+00:00,2664.87,2665.04,2652.87,2659.1,1293.82593
2026-09-21 02:45:00+00:00,2659.1,2665.19,2656.01,2661.98,1333.739872
2026-09-21 03:00:00+00:00,2662.03,2669.43,2658.46,2663.56,815.902246
2026-09-21 03:15:00+00:00,2663.87,2673.72,2663.66,2668.12,1358.228506
2026-09-21 03:30:00+00:00,2668.14,2673.73,2664.27,2665.81,611.124398
2026-09-21 03:45:00+00:00,2666.0,2668.78,2662.61,2666.02,410.872197
2026-09-21 04:00:00+00:00,2666.02,2668.84,2658.69,2659.68,558.764765
2026-09-21 04:15:00+00:00,2659.79,2661.54,2655.43,2656.27,942.726326
2026-09-21 04:30:00+00:00,2656.07,2665.37,2653.72,2665.37,1212.17865
2026-09-21 04:45:00+00:00,2665.38,2670.43,2663.13,2663.92,782.537364
2026-09-21 05:00:00+00:00,2663.99,2666.23,2658.96,2660.37,520.159411
2026-09-21 05:15:00+00:00,2660.37,2673.07,2660.37,2669.5,1014.531605
2026-09-21 05:30:00+00:00,2669.5,2675.85,2666.13,2667.98,1059.122199
2026-09-21 05:45:00+00:00,2667.98,2670.61,2664.45,2665.52,590.72316
2026-09-21 06:00:00+00:00,2665.52,2669.74,2663.91,2666.3,740.596367
2026-09-21 06:15:00+00:00,2666.6,2678.5,2666.6,2671.87,1101.053511
2026-09-21 06:30:00+00:00,2671.88,2673.0,2654.43,2654.44,1807.905418
2026-09-21 06:45:00+00:00,2654.8,2667.44,2654.8,2663.26,867.313259
2026-09-21 07:00:00+00:00,2663.15,2665.78,2655.88,2659.25,585.04325
2026-09-21 07:15:00+00:00,2659.42,2661.5,2657.31,2658.95,626.07106
2026-09-21 07:30:00+00:00,2658.94,2659.15,2646.27,2648.73,11180.739275
2026-09-21 07:45:00+00:00,2648.74,2661.49,2645.98,2661.17,11749.084513
2026-09-21 08:00:00+00:00,2661.29,2670.9,2660.64,2667.19,2412.016983
2026-09-21 08:15:00+00:00,2667.09,2682.0,2666.75,2680.8,3477.395804
2026-09-21 08:30:00+00:00,2680.79,2713.8,2679.51,2700.18,12399.715358
2026-09-21 08:45:00+00:00,2700.03,2708.81,2692.3,2696.47,5203.583015
2026-09-21 09:00:00+00:00,2696.34,2704.42,2691.98,2696.49,3398.545426
2026-09-21 09:15:00+00:00,2696.44,2721.88,2695.36,2717.43,5659.499046
2026-09-21 09:30:00+00:00,2716.99,2749.0,2714.81,2741.89,13204.909303
2026-09-21 09:45:00+00:00,2741.64,2742.33,2717.18,2720.5,3950.993805
2026-09-21 10:00:00+00:00,2720.67,2726.57,2715.11,2719.51,2481.987532
2026-09-21 10:15:00+00:00,2719.69,2722.53,2711.75,2711.83,1948.692589
2026-09-21 10:30:00+00:00,2711.83,2717.96,2706.87,2715.18,2069.123967
2026-09-21 10:45:00+00:00,2715.05,2717.76,2710.01,2715.8,1302.446889
2026-09-21 11:00:00+00:00,2715.8,2722.22,2713.11,2720.84,1297.012583
2026-09-21 11:15:00+00:00,2720.84,2724.0,2716.0,2721.54,1439.402566
2026-09-21 11:30:00+00:00,2721.53,2730.2,2719.58,2727.06,1269.034947
2026-09-21 11:45:00+00:00,2726.91,2727.5,2721.15,2725.55,951.881562
2026-09-21 12:00:00+00:00,2725.41,2730.3,2718.8,2719.75,2406.591659
2026-09-21 12:15:00+00:00,2719.75,2733.88,2718.76,2722.13,2877.801492
2026-09-21 12:30:00+00:00,2722.19,2731.47,2721.2,2728.12,2219.12717
2026-09-21 12:45:00+00:00,2728.12,2740.38,2723.9,2735.22,2007.055151
2026-09-21 13:00:00+00:00,2735.22,2744.17,2729.33,2731.19,2434.969918
2026-09-21 13:15:00+00:00,2731.18,2739.89,2728.99,2736.47,2068.349462
2026-09-21 13:30:00+00:00,2736.34,2740.0,2718.43,2722.27,5084.846428
2026-09-21 13:45:00+00:00,2722.27,2744.84,2720.83,2732.32,9238.211304
2026-09-21 14:00:00+00:00,2732.48,2736.11,2712.0,2721.12,3255.776783
2026-09-21 14:15:00+00:00,2720.38,2739.57,2718.36,2733.7,4217.23829
2026-09-21 14:30:00+00:00,2733.44,2746.24,2727.22,2735.36,3253.301605
2026-09-21 14:45:00+00:00,2735.36,2757.14,2732.33,2736.37,7758.891951
2026-09-21 15:00:00+00:00,2736.37,2752.93,2735.61,2748.72,3734.769751
2026-09-21 15:15:00+00:00,2748.87,2749.27,2729.1,2733.64,2535.065575
2026-09-21 15:30:00+00:00,2733.64,2745.0,2728.49,2744.99,1752.687957
2026-09-21 15:45:00+00:00,2745.0,2765.51,2744.79,2755.56,6439.959919
2026-09-21 16:00:00+00:00,2755.44,2756.91,2742.85,2752.02,1945.289798
2026-09-21 16:15:00+00:00,2752.19,2767.67,2751.3,2762.07,3078.476456
2026-09-21 16:30:00+00:00,2762.1,2769.0,2748.86,2759.8,4168.785421
2026-09-21 16:45:00+00:00,2759.63,2766.29,2753.91,2754.57,2002.704161
2026-09-21 17:00:00+00:00,2754.58,2758.72,2749.17,2749.47,1251.34748
2026-09-21 17:15:00+00:00,2749.79,2753.62,2743.51,2749.25,2101.918276
2026-09-21 17:30:00+00:00,2749.26,2752.4,2744.39,2744.4,695.745884
2026-09-21 17:45:00+00:00,2744.39,2745.12,2735.13,2743.07,1468.342488
2026-09-21 18:00:00+00:00,2743.08,2751.88,2738.01,2750.72,857.220094
2026-09-21 18:15:00+00:00,2750.87,2753.6,2746.66,2751.27,1046.080797
2026-09-21 18:30:00+00:00,2751.27,2751.46,2744.6,2748.09,601.666738
2026-09-21 18:45:00+00:00,2748.1,2758.15,2747.14,2757.95,742.170468
2026-09-21 19:00:00+00:00,2758.14,2761.56,2755.15,2760.71,806.410286
2026-09-21 19:15:00+00:00,2760.72,2773.53,2759.24,2765.81,2118.719896
2026-09-21 19:30:00+00:00,2765.8,2776.24,2762.53,2764.76,2074.786068
2026-09-21 19:45:00+00:00,2764.72,2767.2,2755.6,2761.93,1826.959356
2026-09-21 20:00:00+00:00,2761.72,2774.24,2761.72,2771.08,1136.025584
2026-09-21 20:15:00+00:00,2771.08,2807.67,2770.47,2804.29,9574.465562
2026-09-21 20:30:00+00:00,2804.45,2805.54,2780.18,2781.2,2536.383511
2026-09-21 20:45:00+00:00,2781.14,2786.58,2776.41,2784.55,1770.952516
2026-09-21 21:00:00+00:00,2783.99,2783.99,2768.58,2769.2,1360.619388
2026-09-21 21:15:00+00:00,2769.2,2770.55,2763.7,2769.71,911.52156
2026-09-21 21:30:00+00:00,2769.7,2780.3,2769.48,2777.86,958.507331
2026-09-21 21:45:00+00:00,2777.62,2778.04,2768.44,2768.57,410.655829
2026-09-21 22:00:00+00:00,2768.58,2778.41,2768.52,2777.04,607.464423
2026-09-21 22:15:00+00:00,2777.03,2783.99,2767.32,2772.64,1662.103659
2026-09-21 22:30:00+00:00,2773.0,2782.06,2771.7,2776.58,1130.041741
2026-09-21 22:45:00+00:00,2776.57,2779.97,2771.0,2779.0,641.965865
2026-09-21 23:00:00+00:00,2778.85,2788.0,2777.75,2783.15,1487.292025
2026-09-21 23:15:00+00:00,2783.15,2786.84,2773.26,2773.73,806.981869
2026-09-21 23:30:00+00:00,2773.73,2774.74,2767.0,2771.95,926.903607
2026-09-21 23:45:00+00:00,2772.31,2778.03,2769.46,2776.13,730.816594
2026-09-22 00:00:00+00:00,2776.14,2776.71,2767.68,2774.29,1402.610227
2026-09-22 00:15:00+00:00,2774.09,2776.5,2767.39,2771.35,696.224622
2026-09-22 00:30:00+00:00,2771.35,2778.11,2763.77,2772.49,1242.166267
2026-09-22 00:45:00+00:00,2772.5,2775.93,2753.0,2754.74,2297.214677
2026-09-22 01:00:00+00:00,2754.74,2757.19,2739.53,2750.3,3874.913953
2026-09-22 01:15:00+00:00,2750.41,2754.52,2737.19,2752.11,2299.070578
2026-09-22 01:30:00+00:00,2752.03,2755.28,2746.8,2749.33,1677.494901
2026-09-22 01:45:00+00:00,2749.24,2751.06,2742.85,2748.46,1463.513698
2026-09-22 02:00:00+00:00,2748.53,2750.47,2737.14,2743.41,1621.592061
2026-09-22 02:15:00+00:00,2743.4,2748.63,2737.01,2745.02,904.567453
2026-09-22 02:30:00+00:00,2745.1,2749.0,2739.58,2746.23,980.78869
2026-09-22 02:45:00+00:00,2746.39,2748.28,2738.48,2740.0,938.031487
2026-09-22 03:00:00+00:00,2740.0,2743.82,2725.77,2732.53,2711.198791
2026-09-22 03:15:00+00:00,2732.07,2741.09,2728.0,2739.53,828.116127
2026-09-22 03:30:00+00:00,2739.54,2739.81,2732.17,2734.32,489.071515
2026-09-22 03:45:00+00:00,2734.07,2741.3,2733.01,2739.46,583.959981
2026-09-22 04:00:00+00:00,2739.46,2743.27,2737.62,2740.0,955.101674
2026-09-22 04:15:00+00:00,2740.0,2741.35,2735.61,2736.22,740.31259
2026-09-22 04:30:00+00:00,2736.32,2736.61,2727.5,2730.0,1034.449095
2026-09-22 04:45:00+00:00,2729.87,2732.73,2726.39,2729.52,807.204915
2026-09-22 05:00:00+00:00,2729.54,2732.26,2726.48,2727.8,425.791736
2026-09-22 05:15:00+00:00,2727.81,2728.47,2716.0,2720.3,2601.42549
2026-09-22 05:30:00+00:00,2720.3,2733.79,2716.01,2733.79,1394.781294
2026-09-22 05:45:00+00:00,2733.78,2739.38,2733.0,2733.43,1432.20892
2026-09-22 06:00:00+00:00,2733.43,2735.47,2725.01,2729.83,1118.163916
2026-09-22 06:15:00+00:00,2730.06,2731.0,2725.34,2729.99,297.898627
2026-09-22 06:30:00+00:00,2729.93,2736.74,2728.13,2734.5,1108.738746
2026-09-22 06:45:00+00:00,2734.36,2735.59,2729.1,2730.65,538.965501
2026-09-22 07:00:00+00:00,2730.64,2734.84,2727.95,2733.06,512.642844
2026-09-22 07:15:00+00:00,2732.78,2733.49,2724.07,2727.65,916.834031
2026-09-22 07:30:00+00:00,2727.65,2728.39,2722.36,2725.31,3233.119971
2026-09-22 07:45:00+00:00,2725.32,2726.37,2722.36,2726.34,3355.402797
2026-09-22 08:00:00+00:00,2726.35,2733.67,2725.88,2732.8,2390.145432
2026-09-22 08:15:00+00:00,2732.72,2735.0,2723.96,2724.55,876.473681
2026-09-22 08:30:00+00:00,2724.55,2746.66,2721.5,2746.44,3296.746875
2026-09-22 08:45:00+00:00,2746.4,2755.4,2743.71,2748.71,2749.612147
2026-09-22 09:00:00+00:00,2748.71,2750.2,2730.56,2739.33,3458.355714
2026-09-22 09:15:00+00:00,2739.5,2742.5,2736.41,2739.57,908.31986
2026-09-22 09:30:00+00:00,2739.57,2745.95,2737.18,2743.97,929.474505
2026-09-22 09:45:00+00:00,2743.97,2754.28,2743.01,2750.64,1229.03101
2026-09-22 10:00:00+00:00,2750.92,2752.34,2744.74,2745.89,620.085753
2026-09-22 10:15:00+00:00,2745.99,2749.89,2738.38,2740.15,585.945552
2026-09-22 10:30:00+00:00,2740.14,2742.5,2735.76,2740.47,751.526152
2026-09-22 10:45:00+00:00,2740.65,2745.42,2739.2,2742.29,375.578023
2026-09-22 11:00:00+00:00,2742.3,2745.0,2734.7,2741.42,656.672963
2026-09-22 11:15:00+00:00,2741.41,2746.24,2738.64,2739.35,533.812835
2026-09-22 11:30:00+00:00,2739.35,2747.59,2738.03,2745.86,534.857838
2026-09-22 11:45:00+00:00,2745.89,2747.59,2738.19,2742.24,656.098745
2026-09-22 12:00:00+00:00,2742.24,2746.63,2740.78,2741.68,632.612474
2026-09-22 12:15:00+00:00,2741.51,2748.6,2735.92,2748.59,1074.079577
2026-09-22 12:30:00+00:00,2748.6,2752.14,2746.62,2749.43,1005.532897
2026-09-22 12:45:00+00:00,2749.4,2757.0,2749.4,2756.84,2108.910886
2026-09-22 13:00:00+00:00,2756.84,2764.42,2755.0,2756.5,1384.079489
2026-09-22 13:15:00+00:00,2756.5,2757.0,2740.96,2744.6,1944.876386
2026-09-22 13:30:00+00:00,2744.44,2761.11,2739.2,2751.25,3262.085184
2026-09-22 13:45:00+00:00,2751.17,2760.19,2747.35,2759.12,1764.702077
2026-09-22 14:00:00+00:00,2759.2,2760.18,2748.62,2756.87,1926.580369
2026-09-22 14:15:00+00:00,2756.88,2757.28,2740.0,2740.27,1769.347059
2026-09-22 14:30:00+00:00,2740.06,2740.06,2716.59,2727.89,5266.664822
2026-09-22 14:45:00+00:00,2727.8,2743.34,2727.75,2742.84,1821.63685
2026-09-22 15:00:00+00:00,2742.88,2749.2,2740.02,2745.6,1433.335295
2026-09-22 15:15:00+00:00,2745.88,2747.45,2736.74,2743.71,1221.28885
2026-09-22 15:30:00+00:00,2743.32,2752.0,2740.62,2750.47,1285.700425
2026-09-22 15:45:00+00:00,2750.44,2755.96,2742.48,2744.07,1158.135138
2026-09-22 16:00:00+00:00,2744.08,2748.43,2732.0,2733.23,1836.910727
2026-09-22 16:15:00+00:00,2733.01,2737.51,2729.37,2732.25,1854.639122
2026-09-22 16:30:00+00:00,2732.21,2739.99,2730.62,2737.73,652.760531
2026-09-22 16:45:00+00:00,2737.88,2750.82,2735.57,2745.52,2142.896294
2026-09-22 17:00:00+00:00,2745.53,2749.91,2743.54,2747.33,943.943894
2026-09-22 17:15:00+00:00,2747.61,2753.43,2744.4,2753.43,1132.003836
2026-09-22 17:30:00+00:00,2753.43,2759.39,2749.56,2750.84,1511.943991
2026-09-22 17:45:00+00:00,2750.97,2757.99,2747.32,2753.78,1106.752994
2026-09-22 18:00:00+00:00,2753.9,2755.44,2748.11,2752.61,1197.102563
2026-09-22 18:15:00+00:00,2752.65,2756.74,2743.28,2743.36,808.799496
2026-09-22 18:30:00+00:00,2743.47,2751.5,2743.05,2748.51,729.410743
2026-09-22 18:45:00+00:00,2748.46,2753.78,2748.46,2752.29,778.212598
2026-09-22 19:00:00+00:00,2752.29,2758.13,2751.99,2755.99,728.771538
2026-09-22 19:15:00+00:00,2755.99,2763.64,2755.99,2763.63,1470.872205
2026-09-22 19:30:00+00:00,2763.64,2763.64,2749.68,2753.88,1457.73799
2026-09-22 19:45:00+00:00,2754.04,2755.36,2745.03,2751.42,886.198664
2026-09-22 20:00:00+00:00,2751.64,2752.57,2747.45,2749.95,787.023467
2026-09-22 20:15:00+00:00,2749.96,2758.79,2749.06,2757.33,626.371283
2026-09-22 20:30:00+00:00,2757.33,2757.33,2752.4,2753.5,515.817109
2026-09-22 20:45:00+00:00,2753.5,2753.56,2748.58,2751.73,759.925306
2026-09-22 21:00:00+00:00,2751.59,2754.61,2747.09,2748.36,763.916512
2026-09-22 21:15:00+00:00,2748.36,2750.54,2747.44,2749.36,290.403039
2026-09-22 21:30:00+00:00,2749.42,2752.01,2747.09,2747.32,820.475443
2026-09-22 21:45:00+00:00,2747.31,2751.69,2747.3,2747.37,401.883245
2026-09-22 22:00:00+00:00,2747.31,2750.81,2736.29,2739.63,1348.515289
2026-09-22 22:15:00+00:00,2739.62,2748.0,2738.49,2746.62,605.629222
2026-09-22 22:30:00+00:00,2746.63,2757.89,2746.53,2757.63,1121.459325
2026-09-22 22:45:00+00:00,2757.88,2760.46,2752.77,2753.02,789.365377
2026-09-22 23:00:00+00:00,2753.24,2774.58,2752.77,2766.96,3178.873228
2026-09-22 23:15:00+00:00,2766.91,2769.16,2756.03,2757.71,1261.377004
2026-09-22 23:30:00+00:00,2757.7,2759.54,2748.96,2753.76,1129.647562
2026-09-22 23:45:00+00:00,2753.86,2756.34,2751.2,2753.82,826.046965
2026-09-23 00:00:00+00:00,2754.06,2758.55,2749.85,2757.89,1432.855268
2026-09-23 00:15:00+00:00,2757.85,2761.11,2756.25,2757.93,447.014119
2026-09-23 00:30:00+00:00,2757.93,2766.66,2757.93,2760.93,766.54188
2026-09-23 00:45:00+00:00,2761.04,2763.46,2759.49,2760.31,338.489797
2026-09-23 01:00:00+00:00,2760.11,2774.92,2759.49,2770.37,947.100804
2026-09-23 01:15:00+00:00,2770.38,2772.56,2766.01,2767.36,573.668693
2026-09-23 01:30:00+00:00,2767.39,2768.24,2752.58,2752.6,722.029894
2026-09-23 01:45:00+00:00,2752.57,2754.46,2746.0,2754.2,805.262443
2026-09-23 02:00:00+00:00,2754.14,2754.64,2746.47,2752.64,572.145257
2026-09-23 02:15:00+00:00,2752.7,2761.72,2751.94,2759.17,456.598596
2026-09-23 02:30:00+00:00,2759.3,2760.3,2756.36,2757.64,396.270171
2026-09-23 02:45:00+00:00,2757.58,2763.0,2757.57,2762.41,371.292015
2026-09-23 03:00:00+00:00,2762.23,2765.0,2758.07,2764.96,225.763678
2026-09-23 03:15:00+00:00,2764.96,2774.73,2763.11,2768.4,2614.028118
2026-09-23 03:30:00+00:00,2768.37,2784.28,2766.01,2782.88,2782.226663
2026-09-23 03:45:00+00:00,2782.87,2783.05,2773.42,2774.05,949.936174
2026-09-23 04:00:00+00:00,2774.05,2780.62,2767.69,2777.18,1122.006562
2026-09-23 04:15:00+00:00,2777.0,2788.7,2774.15,2780.01,1629.662131
2026-09-23 04:30:00+00:00,2780.01,2787.0,2779.8,2781.19,1441.680407
2026-09-23 04:45:00+00:00,2781.0,2784.75,2779.4,2779.5,508.761721
2026-09-23 05:00:00+00:00,2779.56,2780.14,2768.22,2770.83,1182.090303
2026-09-23 05:15:00+00:00,2770.76,2773.38,2765.16,2766.18,723.874725
2026-09-23 05:30:00+00:00,2766.33,2771.19,2765.0,2768.49,1108.894053
2026-09-23 05:45:00+00:00,2768.48,2770.47,2755.6,2757.81,1165.059787
2026-09-23 06:00:00+00:00,2757.8,2760.31,2754.94,2760.31,893.197028
2026-09-23 06:15:00+00:00,2760.31,2762.08,2755.9,2756.05,851.885561
2026-09-23 06:30:00+00:00,2755.99,2760.05,2753.33,2759.63,438.561661
2026-09-23 06:45:00+00:00,2759.63,2759.63,2752.23,2754.46,619.257203
2026-09-23 07:00:00+00:00,2754.45,2754.82,2746.67,2748.65,2368.550146
2026-09-23 07:15:00+00:00,2748.65,2753.21,2747.46,2751.82,893.442191
2026-09-23 07:30:00+00:00,2751.99,2752.31,2735.03,2739.63,2116.985634
2026-09-23 07:45:00+00:00,2739.62,2746.47,2738.18,2743.31,2406.762842
2026-09-23 08:00:00+00:00,2743.31,2747.89,2739.05,2744.69,796.313151
2026-09-23 08:15:00+00:00,2744.7,2750.54,2744.7,2745.68,863.321487
2026-09-23 08:30:00+00:00,2745.59,2748.36,2742.94,2743.25,421.726426
2026-09-23 08:45:00+00:00,2743.24,2743.24,2726.96,2735.28,2844.67753
2026-09-23 09:00:00+00:00,2735.29,2742.47,2735.29,2739.64,1978.544482
2026-09-23 09:15:00+00:00,2739.59,2743.8,2736.06,2738.53,1174.522223
2026-09-23 09:30:00+00:00,2738.53,2740.09,2735.04,2736.22,551.2388
2026-09-23 09:45:00+00:00,2736.29,2738.82,2731.49,2733.77,1157.725635
2026-09-23 10:00:00+00:00,2733.78,2737.16,2731.79,2733.86,739.816324
2026-09-23 10:15:00+00:00,2733.79,2733.79,2726.01,2732.68,1386.391621
2026-09-23 10:30:00+00:00,2732.69,2737.75,2729.66,2737.1,1214.76363
2026-09-23 10:45:00+00:00,2737.11,2738.55,2730.01,2738.2,813.644984
2026-09-23 11:00:00+00:00,2738.19,2739.7,2731.35,2733.51,1392.010458
2026-09-23 11:15:00+00:00,2733.51,2733.7,2720.0,2721.72,1589.634025
2026-09-23 11:30:00+00:00,2721.72,2725.51,2717.02,2719.53,1749.254036
2026-09-23 11:45:00+00:00,2719.33,2729.28,2719.17,2728.13,1217.603223
2026-09-23 12:00:00+00:00,2728.12,2730.41,2720.47,2722.29,1325.811223
2026-09-23 12:15:00+00:00,2722.29,2727.5,2712.0,2722.67,2469.84092
2026-09-23 12:30:00+00:00,2722.66,2728.1,2722.36,2722.42,1089.746022
2026-09-23 12:45:00+00:00,2722.43,2724.06,2717.79,2722.24,580.489636
2026-09-23 13:00:00+00:00,2722.18,2723.08,2707.73,2709.43,2890.422591
2026-09-23 13:15:00+00:00,2709.43,2717.5,2709.42,2715.97,1069.655574
2026-09-23 13:30:00+00:00,2715.98,2723.82,2711.89,2720.88,2840.446538
2026-09-23 13:45:00+00:00,2720.88,2721.17,2708.36,2716.14,2755.670938
2026-09-23 14:00:00+00:00,2716.15,2723.45,2656.25,2676.28,20548.950347
2026-09-23 14:15:00+00:00,2675.96,2677.03,2647.59,2652.2,10853.5425
2026-09-23 14:30:00+00:00,2652.74,2672.83,2648.44,2669.24,4367.790889
2026-09-23 14:45:00+00:00,2669.18,2680.0,2661.89,2676.54,5324.150817
2026-09-23 15:00:00+00:00,2676.54,2683.19,2673.57,2679.44,3726.005925
2026-09-23 15:15:00+00:00,2679.33,2684.69,2674.29,2674.36,2107.572081
2026-09-23 15:30:00+00:00,2674.5,2675.41,2661.16,2665.39,3179.772797
2026-09-23 15:45:00+00:00,2665.39,2667.36,2654.69,2656.47,5527.214702
2026-09-23 16:00:00+00:00,2656.01,2665.2,2635.23,2663.32,9840.090855
2026-09-23 16:15:00+00:00,2663.32,2666.0,2658.89,2662.96,1873.438231
2026-09-23 16:30:00+00:00,2663.18,2667.84,2655.99,2663.64,1662.720854
2026-09-23 16:45:00+00:00,2663.74,2667.04,2654.38,2661.06,1801.066066
2026-09-23 17:00:00+00:00,2661.09,2667.5,2648.0,2652.13,1952.946732
2026-09-23 17:15:00+00:00,2652.1,2668.43,2650.25,2662.75,1557.648642
2026-09-23 17:30:00+00:00,2662.61,2669.43,2657.65,2667.15,1652.656546
2026-09-23 17:45:00+00:00,2667.0,2671.14,2665.46,2668.16,987.018021
2026-09-23 18:00:00+00:00,2668.17,2669.03,2661.75,2663.33,1101.882502
2026-09-23 18:15:00+00:00,2663.44,2665.04,2659.68,2661.67,723.105758
2026-09-23 18:30:00+00:00,2661.66,2664.74,2659.43,2664.42,503.427866
2026-09-23 18:45:00+00:00,2664.42,2672.53,2662.71,2669.14,926.425778
2026-09-23 19:00:00+00:00,2669.14,2672.08,2664.51,2668.65,610.596035
2026-09-23 19:15:00+00:00,2668.71,2675.36,2665.38,2673.42,461.420138
2026-09-23 19:30:00+00:00,2673.56,2677.25,2672.37,2673.89,859.394157
2026-09-23 19:45:00+00:00,2674.11,2680.6,2673.52,2678.68,1531.677394
2026-09-23 20:00:00+00:00,2678.75,2680.0,2670.65,2672.52,1103.014829
2026-09-23 20:15:00+00:00,2672.51,2676.26,2669.27,2671.21,477.744095
2026-09-23 20:30:00+00:00,2671.38,2676.22,2671.19,2675.91,446.523135
2026-09-23 20:45:00+00:00,2675.76,2676.34,2670.07,2671.24,417.355692
2026-09-23 21:00:00+00:00,2671.25,2674.41,2668.42,2673.66,1297.76198
2026-09-23 21:15:00+00:00,2673.71,2676.0,2671.58,2674.69,267.060351
2026-09-23 21:30:00+00:00,2674.69,2678.67,2674.63,2678.2,353.786626
2026-09-23 21:45:00+00:00,2678.2,2679.49,2676.93,2677.47,366.532047
2026-09-23 22:00:00+00:00,2677.48,2698.56,2676.4,2690.0,3438.648615
2026-09-23 22:15:00+00:00,2690.01,2693.21,2686.88,2686.88,690.663765
2026-09-23 22:30:00+00:00,2686.98,2686.98,2682.74,2685.69,526.134284
2026-09-23 22:45:00+00:00,2685.83,2693.53,2685.83,2690.32,637.828506
2026-09-23 23:00:00+00:00,2690.09,2690.72,2686.06,2686.36,272.324524
2026-09-23 23:15:00+00:00,2686.28,2687.5,2683.54,2684.04,408.97291
2026-09-23 23:30:00+00:00,2684.07,2686.0,2681.68,2682.16,482.28998
2026-09-23 23:45:00+00:00,2682.1,2686.0,2681.4,2684.83,359.952164
2026-09-24 00:00:00+00:00,2684.84,2689.09,2682.53,2685.79,766.634668
2026-09-24 00:15:00+00:00,2685.8,2690.5,2685.43,2688.71,575.966432
2026-09-24 00:30:00+00:00,2688.73,2692.68,2683.45,2685.77,452.648226
2026-09-24 00:45:00+00:00,2685.69,2685.69,2678.93,2682.36,456.199614
2026-09-24 01:00:00+00:00,2682.5,2686.19,2680.14,2683.37,351.855155
2026-09-24 01:15:00+00:00,2683.38,2684.73,2678.63,2682.78,531.341547
2026-09-24 01:30:00+00:00,2682.41,2692.29,2675.73,2678.86,1741.517561
2026-09-24 01:45:00+00:00,2678.85,2681.75,2674.45,2675.11,789.012491
2026-09-24 02:00:00+00:00,2675.25,2676.63,2664.31,2673.3,1986.71091
2026-09-24 02:15:00+00:00,2673.33,2683.9,2673.33,2680.34,1225.496978
2026-09-24 02:30:00+00:00,2680.33,2685.94,2678.31,2685.73,422.366547
2026-09-24 02:45:00+00:00,2685.8,2688.17,2684.81,2685.69,657.210172
2026-09-24 03:00:00+00:00,2685.68,2690.65,2679.49,2686.19,693.918874
2026-09-24 03:15:00+00:00,2686.18,2688.41,2674.3,2675.95,1355.79427
2026-09-24 03:30:00+00:00,2675.94,2676.6,2671.63,2676.33,874.606222
2026-09-24 03:45:00+00:00,2676.33,2677.0,2673.65,2676.8,437.502457
2026-09-24 04:00:00+00:00,2676.88,2676.99,2670.62,2672.06,648.556453
2026-09-24 04:15:00+00:00,2672.06,2678.02,2669.69,2677.85,624.405042
2026-09-24 04:30:00+00:00,2677.85,2677.85,2674.7,2675.93,119.544568
2026-09-24 04:45:00+00:00,2675.93,2683.82,2673.45,2682.18,968.203067
2026-09-24 05:00:00+00:00,2682.18,2704.28,2682.18,2691.83,2968.067477
2026-09-24 05:15:00+00:00,2691.82,2693.98,2689.87,2692.74,518.500382
2026-09-24 05:30:00+00:00,2692.81,2695.28,2688.57,2691.71,399.542796
2026-09-24 05:45:00+00:00,2691.78,2692.94,2681.71,2682.86,1222.686489
2026-09-24 06:00:00+00:00,2682.75,2690.58,2678.48,2687.63,1445.588102
2026-09-24 06:15:00+00:00,2687.63,2689.86,2684.74,2688.24,205.79634
2026-09-24 06:30:00+00:00,2688.23,2690.58,2686.2,2688.89,433.455423
2026-09-24 06:45:00+00:00,2688.9,2689.59,2685.01,2686.13,503.52422
2026-09-24 07:00:00+00:00,2686.12,2686.99,2679.64,2684.21,1981.368891
2026-09-24 07:15:00+00:00,2684.27,2693.26,2682.54,2693.26,3669.08319
2026-09-24 07:30:00+00:00,2693.26,2698.48,2692.86,2695.83,2666.481639
2026-09-24 07:45:00+00:00,2695.54,2699.66,2692.47,2693.13,2341.512426
2026-09-24 08:00:00+00:00,2693.14,2695.67,2687.15,2687.44,1014.829954
2026-09-24 08:15:00+00:00,2687.45,2689.63,2670.0,2670.43,2589.09733
2026-09-24 08:30:00+00:00,2670.32,2677.06,2665.0,2669.32,1804.239138
2026-09-24 08:45:00+00:00,2669.15,2670.38,2655.37,2669.51,5758.56574
2026-09-24 09:00:00+00:00,2669.52,2673.84,2658.74,2659.25,2032.715901
2026-09-24 09:15:00+00:00,2659.25,2661.53,2651.0,2654.88,2231.139042
2026-09-24 09:30:00+00:00,2654.89,2654.93,2628.18,2640.18,7203.258957
2026-09-24 09:45:00+00:00,2640.33,2647.58,2636.76,2642.41,2911.57715
2026-09-24 10:00:00+00:00,2642.39,2644.48,2635.05,2640.11,1429.280313
2026-09-24 10:15:00+00:00,2640.11,2642.97,2633.66,2638.41,2099.776465
2026-09-24 10:30:00+00:00,2638.4,2644.6,2633.89,2641.62,1042.9904
2026-09-24 10:45:00+00:00,2641.38,2649.62,2640.89,2648.15,788.525199
2026-09-24 11:00:00+00:00,2648.09,2652.08,2648.01,2649.84,919.835845
2026-09-24 11:15:00+00:00,2649.83,2652.41,2648.03,2648.16,495.158951
2026-09-24 11:30:00+00:00,2648.17,2650.24,2642.95,2646.7,716.507812
2026-09-24 11:45:00+00:00,2646.64,2649.76,2643.19,2647.51,934.336657
2026-09-24 12:00:00+00:00,2647.5,2650.16,2642.8,2648.11,674.810659
2026-09-24 12:15:00+00:00,2648.0,2654.2,2647.58,2648.64,730.103646
2026-09-24 12:30:00+00:00,2648.64,2649.74,2639.49,2643.85,847.372372
2026-09-24 12:45:00+00:00,2643.99,2649.62,2641.08,2648.65,736.886916
2026-09-24 13:00:00+00:00,2648.69,2657.26,2648.67,2657.17,854.125425
2026-09-24 13:15:00+00:00,2657.16,2667.7,2656.06,2660.55,1591.935063
2026-09-24 13:30:00+00:00,2660.58,2678.59,2659.44,2665.3,3732.812151
2026-09-24 13:45:00+00:00,2665.33,2670.42,2660.84,2669.92,1304.257491
2026-09-24 14:00:00+00:00,2669.92,2673.32,2664.73,2667.32,1181.167982
2026-09-24 14:15:00+00:00,2667.32,2697.13,2665.18,2693.76,4798.309605
2026-09-24 14:30:00+00:00,2693.79,2699.77,2680.28,2680.75,2781.673222
2026-09-24 14:45:00+00:00,2680.74,2680.84,2645.99,2657.9,6210.636579
2026-09-24 15:00:00+00:00,2657.82,2665.5,2653.0,2663.76,1858.019298
2026-09-24 15:15:00+00:00,2663.71,2675.8,2663.04,2669.91,1575.006373
2026-09-24 15:30:00+00:00,2670.22,2685.64,2668.98,2681.88,2412.636618
2026-09-24 15:45:00+00:00,2682.46,2684.53,2677.71,2683.44,983.171106
2026-09-24 16:00:00+00:00,2683.8,2684.5,2665.99,2674.42,2049.979702
2026-09-24 16:15:00+00:00,2674.41,2699.0,2674.41,2695.52,5675.42271
2026-09-24 16:30:00+00:00,2695.8,2706.0,2685.69,2689.77,2646.569035
2026-09-24 16:45:00+00:00,2690.04,2694.96,2682.31,2687.25,1515.453872
2026-09-24 17:00:00+00:00,2687.12,2690.33,2680.83,2685.14,1036.257982
2026-09-24 17:15:00+00:00,2685.53,2688.17,2677.0,2682.75,1876.47525
2026-09-24 17:30:00+00:00,2682.69,2684.99,2669.74,2671.69,1507.728299
2026-09-24 17:45:00+00:00,2671.67,2674.28,2666.8,2669.54,880.469041
2026-09-24 18:00:00+00:00,2669.46,2675.51,2660.73,2675.5,1304.159326
2026-09-24 18:15:00+00:00,2675.51,2685.53,2674.31,2682.55,1018.132061
2026-09-24 18:30:00+00:00,2683.08,2691.57,2679.42,2687.16,1281.752927
2026-09-24 18:45:00+00:00,2687.22,2694.47,2686.27,2690.04,676.923956
2026-09-24 19:00:00+00:00,2690.08,2692.76,2682.85,2689.83,946.465972
2026-09-24 19:15:00+00:00,2689.84,2698.0,2689.84,2697.03,1085.357236
2026-09-24 19:30:00+00:00,2697.29,2697.73,2691.94,2695.75,695.100453
2026-09-24 19:45:00+00:00,2695.74,2701.28,2691.83,2696.29,1278.77323
2026-09-24 20:00:00+00:00,2696.32,2697.51,2688.19,2688.65,922.795504
2026-09-24 20:15:00+00:00,2688.63,2691.09,2681.86,2688.24,1163.775168
2026-09-24 20:30:00+00:00,2688.77,2689.52,2683.58,2687.83,461.063781
2026-09-24 20:45:00+00:00,2687.83,2690.68,2684.99,2688.02,574.254906
2026-09-24 21:00:00+00:00,2688.02,2690.71,2685.27,2686.06,385.397729
2026-09-24 21:15:00+00:00,2686.19,2690.41,2686.19,2689.14,217.187839
2026-09-24 21:30:00+00:00,2689.16,2693.0,2688.66,2690.55,333.566545
2026-09-24 21:45:00+00:00,2690.53,2690.97,2685.79,2686.62,470.458503
2026-09-24 22:00:00+00:00,2686.62,2688.42,2683.46,2685.56,676.913484
2026-09-24 22:15:00+00:00,2685.55,2686.52,2675.77,2680.55,1025.397132
2026-09-24 22:30:00+00:00,2680.62,2683.6,2679.67,2681.79,301.711041
2026-09-24 22:45:00+00:00,2681.65,2685.29,2681.44,2685.21,240.890991
2026-09-24 23:00:00+00:00,2685.22,2688.85,2684.7,2685.6,471.260297
2026-09-24 23:15:00+00:00,2685.6,2693.23,2685.23,2692.97,487.161059
2026-09-24 23:30:00+00:00,2692.97,2693.24,2690.11,2690.12,429.035737
2026-09-24 23:45:00+00:00,2690.13,2690.95,2687.17,2687.96,332.684256
2026-09-25 00:00:00+00:00,2687.97,2697.37,2687.96,2694.74,618.890112
2026-09-25 00:15:00+00:00,2694.73,2694.73,2690.68,2691.66,599.743044
2026-09-25 00:30:00+00:00,2691.66,2694.65,2688.63,2690.53,853.191218
2026-09-25 00:45:00+00:00,2690.51,2691.67,2688.77,2690.46,490.366956
2026-09-25 01:00:00+00:00,2690.57,2698.27,2689.08,2693.87,1393.677213
2026-09-25 01:15:00+00:00,2693.88,2697.5,2688.56,2689.08,677.401637
2026-09-25 01:30:00+00:00,2688.99,2688.99,2682.5,2686.97,1025.419743
2026-09-25 01:45:00+00:00,2686.96,2690.55,2686.59,2689.62,502.985695
2026-09-25 02:00:00+00:00,2689.62,2698.43,2688.84,2696.95,1268.259947
2026-09-25 02:15:00+00:00,2696.95,2700.1,2688.55,2691.69,1621.258476
2026-09-25 02:30:00+00:00,2691.69,2693.02,2681.13,2684.18,862.996081
2026-09-25 02:45:00+00:00,2684.18,2684.18,2674.63,2676.9,1792.065072
2026-09-25 03:00:00+00:00,2676.91,2679.91,2673.33,2676.52,1006.389414
2026-09-25 03:15:00+00:00,2676.57,2679.69,2675.24,2675.45,473.637211
2026-09-25 03:30:00+00:00,2675.46,2681.57,2672.77,2677.06,799.900414
2026-09-25 03:45:00+00:00,2676.87,2679.63,2674.79,2679.09,419.309449
2026-09-25 04:00:00+00:00,2679.1,2679.52,2672.83,2673.02,402.070145
2026-09-25 04:15:00+00:00,2673.02,2677.14,2672.05,2676.77,440.884514
2026-09-25 04:30:00+00:00,2676.78,2685.85,2676.78,2683.9,588.976703
2026-09-25 04:45:00+00:00,2683.9,2684.83,2678.68,2680.31,430.083849
2026-09-25 05:00:00+00:00,2680.31,2683.12,2677.32,2678.34,400.167406
2026-09-25 05:15:00+00:00,2678.34,2682.35,2675.63,2680.04,425.678881
2026-09-25 05:30:00+00:00,2680.11,2685.13,2676.91,2681.58,868.714345
2026-09-25 05:45:00+00:00,2681.62,2683.11,2680.15,2680.26,121.529137
2026-09-25 06:00:00+00:00,2680.26,2680.71,2671.37,2675.62,799.037636
2026-09-25 06:15:00+00:00,2675.63,2683.28,2673.21,2677.69,544.197815
2026-09-25 06:30:00+00:00,2677.59,2677.79,2669.19,2674.18,561.511751
2026-09-25 06:45:00+00:00,2674.14,2676.04,2672.48,2674.63,237.22747
2026-09-25 07:00:00+00:00,2674.63,2675.76,2668.26,2670.81,415.629594
2026-09-25 07:15:00+00:00,2670.81,2679.99,2670.81,2679.67,519.4773
2026-09-25 07:30:00+00:00,2679.68,2680.78,2667.34,2670.18,2091.097685
2026-09-25 07:45:00+00:00,2670.19,2673.03,2668.97,2672.28,1881.791521
2026-09-25 08:00:00+00:00,2672.28,2680.61,2672.28,2678.54,705.496921
2026-09-25 08:15:00+00:00,2678.53,2696.82,2678.53,2692.36,1735.621899
2026-09-25 08:30:00+00:00,2692.36,2693.85,2686.46,2686.87,696.575662
2026-09-25 08:45:00+00:00,2686.77,2692.44,2685.14,2690.99,625.21106
2026-09-25 09:00:00+00:00,2690.72,2700.0,2690.71,2694.06,2408.445292
2026-09-25 09:15:00+00:00,2694.01,2714.5,2693.59,2710.58,5086.301072
2026-09-25 09:30:00+00:00,2710.58,2718.18,2705.04,2706.43,2599.212131
2026-09-25 09:45:00+00:00,2706.44,2706.95,2702.07,2704.6,974.432404
2026-09-25 10:00:00+00:00,2704.61,2704.82,2693.18,2700.11,1304.851453
2026-09-25 10:15:00+00:00,2700.22,2715.38,2698.35,2714.23,1967.277747
2026-09-25 10:30:00+00:00,2714.28,2715.68,2709.29,2713.19,972.263921
2026-09-25 10:45:00+00:00,2713.18,2719.42,2712.78,2714.14,1130.877793
2026-09-25 11:00:00+00:00,2714.25,2742.22,2713.28,2740.71,6424.693049
2026-09-25 11:15:00+00:00,2740.72,2742.69,2722.21,2727.08,2848.089578
2026-09-25 11:30:00+00:00,2727.1,2731.02,2722.03,2722.07,1115.1742
2026-09-25 11:45:00+00:00,2722.07,2723.67,2716.65,2717.4,937.524339
2026-09-25 12:00:00+00:00,2717.45,2725.0,2705.55,2711.56,3011.962188
2026-09-25 12:15:00+00:00,2711.65,2711.65,2686.2,2711.21,5196.161199
2026-09-25 12:30:00+00:00,2711.21,2719.65,2710.37,2715.39,1869.388691
2026-09-25 12:45:00+00:00,2715.93,2720.32,2710.46,2717.6,1317.657423
2026-09-25 13:00:00+00:00,2717.66,2722.22,2710.23,2714.48,940.220421
2026-09-25 13:15:00+00:00,2714.49,2719.74,2697.21,2700.75,1930.296954
2026-09-25 13:30:00+00:00,2700.49,2711.52,2688.9,2695.89,6054.242701
2026-09-25 13:45:00+00:00,2695.88,2701.18,2680.29,2695.32,4623.988305
2026-09-25 14:00:00+00:00,2695.5,2698.45,2671.93,2685.63,7580.153077
2026-09-25 14:15:00+00:00,2685.76,2692.48,2681.19,2687.01,2891.814408
2026-09-25 14:30:00+00:00,2687.11,2698.02,2683.6,2684.5,2301.399468
2026-09-25 14:45:00+00:00,2684.14,2695.88,2678.95,2695.75,2832.50735
2026-09-25 15:00:00+00:00,2695.74,2698.92,2689.4,2697.41,1606.820923
2026-09-25 15:15:00+00:00,2697.6,2698.2,2687.34,2689.6,3580.302646
2026-09-25 15:30:00+00:00,2689.61,2694.13,2672.69,2672.7,4917.000147
2026-09-25 15:45:00+00:00,2672.84,2686.95,2668.63,2686.73,4648.271339
2026-09-25 16:00:00+00:00,2686.74,2698.0,2685.63,2693.27,4257.678466
2026-09-25 16:15:00+00:00,2693.27,2697.56,2686.45,2691.81,2266.810021
2026-09-25 16:30:00+00:00,2691.81,2695.64,2684.3,2689.17,2278.02437
2026-09-25 16:45:00+00:00,2689.12,2689.85,2681.46,2683.38,2000.960057
2026-09-25 17:00:00+00:00,2683.27,2691.65,2682.94,2691.2,1258.108386
2026-09-25 17:15:00+00:00,2691.2,2693.3,2679.74,2679.9,2597.951457
2026-09-25 17:30:00+00:00,2679.73,2688.59,2678.03,2686.23,1511.792328
2026-09-25 17:45:00+00:00,2686.37,2686.37,2681.2,2685.78,434.39891
2026-09-25 18:00:00+00:00,2685.79,2696.84,2685.68,2694.91,1054.767047
2026-09-25 18:15:00+00:00,2694.84,2699.3,2690.63,2693.86,752.343018
2026-09-25 18:30:00+00:00,2693.94,2695.89,2690.94,2694.04,614.909412
2026-09-25 18:45:00+00:00,2694.23,2695.96,2692.19,2693.47,357.76389
2026-09-25 19:00:00+00:00,2693.44,2696.05,2690.23,2695.99,500.841
2026-09-25 19:15:00+00:00,2695.99,2696.19,2690.7,2693.46,623.14143
2026-09-25 19:30:00+00:00,2693.45,2696.11,2690.23,2691.82,331.676024
2026-09-25 19:45:00+00:00,2691.83,2696.31,2691.83,2693.1,255.21472
2026-09-25 20:00:00+00:00,2693.1,2695.25,2689.62,2690.42,497.522913
2026-09-25 20:15:00+00:00,2690.42,2695.7,2690.42,2693.93,190.76762
2026-09-25 20:30:00+00:00,2693.93,2696.31,2690.38,2692.62,552.788641
2026-09-25 20:45:00+00:00,2692.62,2692.62,2684.01,2684.43,620.572744
2026-09-25 21:00:00+00:00,2684.44,2685.77,2677.27,2679.31,946.009661
2026-09-25 21:15:00+00:00,2679.3,2681.26,2677.19,2680.78,160.99998
2026-09-25 21:30:00+00:00,2680.78,2682.99,2677.28,2682.24,186.155074
2026-09-25 21:45:00+00:00,2682.35,2683.53,2680.12,2681.53,219.223953
2026-09-25 22:00:00+00:00,2681.46,2685.69,2680.25,2685.69,293.406675
2026-09-25 22:15:00+00:00,2685.69,2688.59,2685.69,2688.37,329.023217
2026-09-25 22:30:00+00:00,2688.47,2694.37,2688.47,2693.14,537.147156
2026-09-25 22:45:00+00:00,2693.14,2694.44,2691.68,2691.77,526.974588
2026-09-25 23:00:00+00:00,2691.73,2694.39,2691.73,2693.86,173.280754
2026-09-25 23:15:00+00:00,2693.86,2694.27,2691.36,2693.32,178.744572
2026-09-25 23:30:00+00:00,2693.39,2694.25,2692.48,2692.65,358.729844
2026-09-25 23:45:00+00:00,2692.64,2692.78,2690.63,2691.82,282.496364
2026-09-26 00:00:00+00:00,2691.82,2694.38,2689.09,2691.27,374.323047
2026-09-26 00:15:00+00:00,2691.27,2692.51,2686.46,2686.74,406.408342
2026-09-26 00:30:00+00:00,2686.74,2686.87,2681.1,2684.93,824.542249
2026-09-26 00:45:00+00:00,2684.88,2689.0,2684.88,2687.35,241.079778
2026-09-26 01:00:00+00:00,2687.15,2692.09,2686.67,2689.68,551.366555
2026-09-26 01:15:00+00:00,2689.68,2691.76,2688.18,2688.65,126.32184
2026-09-26 01:30:00+00:00,2688.84,2696.09,2688.33,2694.14,512.161947
2026-09-26 01:45:00+00:00,2694.21,2695.18,2691.65,2692.59,226.678341
2026-09-26 02:00:00+00:00,2692.59,2695.28,2688.85,2695.28,311.622504
2026-09-26 02:15:00+00:00,2695.12,2695.64,2692.55,2692.88,298.159127
2026-09-26 02:30:00+00:00,2692.88,2694.33,2691.0,2691.55,394.546641
2026-09-26 02:45:00+00:00,2691.68,2693.07,2690.43,2690.81,196.576372
2026-09-26 03:00:00+00:00,2690.8,2690.89,2685.48,2687.38,556.594611
2026-09-26 03:15:00+00:00,2687.37,2690.99,2686.86,2690.08,375.62347
2026-09-26 03:30:00+00:00,2690.08,2691.34,2688.11,2688.14,176.629234
2026-09-26 03:45:00+00:00,2688.15,2688.66,2687.48,2687.91,64.597091
2026-09-26 04:00:00+00:00,2687.91,2690.91,2687.9,2688.83,236.406728
2026-09-26 04:15:00+00:00,2688.83,2691.37,2685.97,2685.97,263.968245
2026-09-26 04:30:00+00:00,2685.97,2689.34,2685.0,2688.84,197.201759
2026-09-26 04:45:00+00:00,2688.85,2690.0,2688.81,2689.67,87.502484
2026-09-26 05:00:00+00:00,2689.67,2689.93,2687.13,2688.21,76.632601
2026-09-26 05:15:00+00:00,2688.21,2690.47,2686.19,2687.53,146.6363
2026-09-26 05:30:00+00:00,2687.58,2688.83,2685.42,2688.46,394.735749
2026-09-26 05:45:00+00:00,2688.46,2689.41,2685.36,2686.3,367.835534
2026-09-26 06:00:00+00:00,2686.31,2686.95,2684.18,2685.01,396.565287
2026-09-26 06:15:00+00:00,2685.01,2686.22,2683.46,2685.06,281.162215
2026-09-26 06:30:00+00:00,2685.12,2687.48,2683.76,2685.2,123.668163
2026-09-26 06:45:00+00:00,2685.2,2687.12,2684.78,2685.59,226.84195
2026-09-26 07:00:00+00:00,2685.59,2690.9,2685.59,2690.69,424.021195
2026-09-26 07:15:00+00:00,2690.83,2691.13,2689.75,2690.09,291.052577
2026-09-26 07:30:00+00:00,2690.09,2691.43,2689.15,2689.74,405.671835
2026-09-26 07:45:00+00:00,2689.76,2691.57,2688.92,2690.78,791.85511
2026-09-26 08:00:00+00:00,2690.85,2691.57,2688.66,2689.77,342.264334
2026-09-26 08:15:00+00:00,2689.78,2690.41,2687.55,2690.41,270.911437
2026-09-26 08:30:00+00:00,2690.41,2697.57,2690.41,2694.77,1303.358213
2026-09-26 08:45:00+00:00,2694.77,2694.77,2690.96,2690.96,153.412536
2026-09-26 09:00:00+00:00,2690.96,2690.96,2679.74,2682.59,1505.715123
2026-09-26 09:15:00+00:00,2682.61,2684.62,2679.74,2682.09,448.534679
2026-09-26 09:30:00+00:00,2682.1,2682.75,2680.24,2681.97,247.829792
2026-09-26 09:45:00+00:00,2681.97,2683.72,2681.4,2682.96,296.512453
2026-09-26 10:00:00+00:00,2682.95,2688.69,2682.59,2687.36,533.94844
2026-09-26 10:15:00+00:00,2687.23,2690.4,2687.21,2688.52,331.381099
2026-09-26 10:30:00+00:00,2688.53,2688.59,2686.65,2687.89,241.079424
2026-09-26 10:45:00+00:00,2687.92,2689.92,2686.0,2687.52,183.809646
2026-09-26 11:00:00+00:00,2687.65,2688.42,2685.66,2687.84,317.249409
2026-09-26 11:15:00+00:00,2687.91,2690.51,2687.91,2688.79,185.391089
2026-09-26 11:30:00+00:00,2688.73,2690.56,2688.2,2690.29,219.913409
2026-09-26 11:45:00+00:00,2690.4,2690.56,2689.06,2689.38,82.351616
2026-09-26 12:00:00+00:00,2689.44,2690.39,2687.37,2689.7,276.470518
2026-09-26 12:15:00+00:00,2689.7,2692.33,2689.24,2690.7,267.122553
2026-09-26 12:30:00+00:00,2690.69,2691.1,2686.24,2686.88,167.862272
2026-09-26 12:45:00+00:00,2686.89,2689.22,2686.89,2688.82,175.850068
2026-09-26 13:00:00+00:00,2688.76,2691.91,2685.32,2687.16,469.755954
2026-09-26 13:15:00+00:00,2687.27,2688.47,2682.34,2685.06,453.539161
2026-09-26 13:30:00+00:00,2685.07,2685.22,2682.21,2683.85,249.514061
2026-09-26 13:45:00+00:00,2683.98,2687.41,2683.73,2686.71,310.398187
2026-09-26 14:00:00+00:00,2686.71,2688.2,2685.47,2688.2,245.907733
2026-09-26 14:15:00+00:00,2688.21,2688.59,2687.06,2688.59,61.988149
2026-09-26 14:30:00+00:00,2688.58,2689.81,2687.71,2688.72,190.880277
2026-09-26 14:45:00+00:00,2688.75,2689.63,2688.01,2688.88,188.292622
2026-09-26 15:00:00+00:00,2688.87,2690.0,2688.55,2689.54,177.93255
2026-09-26 15:15:00+00:00,2689.56,2691.38,2689.24,2690.96,370.350103
2026-09-26 15:30:00+00:00,2690.95,2696.0,2690.95,2693.31,1010.236436
2026-09-26 15:45:00+00:00,2693.31,2693.74,2689.65,2692.84,428.608501
2026-09-26 16:00:00+00:00,2692.89,2692.89,2690.92,2691.41,358.811293
2026-09-26 16:15:00+00:00,2691.41,2691.61,2689.27,2690.84,138.895224
2026-09-26 16:30:00+00:00,2690.84,2694.25,2690.83,2692.46,68.964209
2026-09-26 16:45:00+00:00,2692.46,2692.99,2690.41,2691.55,195.434348
2026-09-26 17:00:00+00:00,2691.56,2691.86,2687.61,2688.55,325.357677
2026-09-26 17:15:00+00:00,2688.44,2689.45,2686.94,2688.25,249.684729
2026-09-26 17:30:00+00:00,2688.54,2689.93,2687.51,2689.92,279.320342
2026-09-26 17:45:00+00:00,2689.92,2691.0,2688.96,2690.76,129.902312
2026-09-26 18:00:00+00:00,2690.75,2691.16,2688.09,2688.1,111.81326
2026-09-26 18:15:00+00:00,2688.15,2689.2,2687.49,2688.02,33.188869
2026-09-26 18:30:00+00:00,2688.02,2689.15,2684.2,2684.7,245.247034
2026-09-26 18:45:00+00:00,2684.69,2685.64,2683.85,2685.2,211.286946
2026-09-26 19:00:00+00:00,2685.2,2686.71,2685.19,2686.0,91.208871
2026-09-26 19:15:00+00:00,2686.0,2686.06,2683.33,2683.56,309.428969
2026-09-26 19:30:00+00:00,2683.56,2684.53,2682.48,2683.33,154.073285
2026-09-26 19:45:00+00:00,2683.34,2684.79,2683.33,2684.6,72.52594
2026-09-26 20:00:00+00:00,2684.63,2685.61,2681.36,2682.07,230.519035
2026-09-26 20:15:00+00:00,2681.88,2684.67,2681.87,2684.4,111.898085
2026-09-26 20:30:00+00:00,2684.36,2684.6,2667.14,2672.21,2553.307434
2026-09-26 20:45:00+00:00,2671.86,2677.16,2664.25,2676.71,1552.333941
2026-09-26 21:00:00+00:00,2676.75,2681.37,2676.23,2681.31,811.629654
2026-09-26 21:15:00+00:00,2681.3,2687.72,2680.83,2687.69,657.719822
2026-09-26 21:30:00+00:00,2687.67,2694.31,2685.9,2686.44,902.716648
2026-09-26 21:45:00+00:00,2686.44,2686.5,2684.17,2686.28,245.820777
2026-09-26 22:00:00+00:00,2686.44,2692.31,2684.39,2689.94,433.059961
2026-09-26 22:15:00+00:00,2689.94,2690.51,2687.43,2689.91,162.373527
2026-09-26 22:30:00+00:00,2689.91,2689.91,2687.0,2687.0,174.027445
2026-09-26 22:45:00+00:00,2687.01,2690.53,2687.01,2689.13,319.62082
2026-09-26 23:00:00+00:00,2689.13,2693.53,2689.12,2693.28,261.035009
2026-09-26 23:15:00+00:00,2693.31,2695.0,2693.0,2694.09,376.194167
2026-09-26 23:30:00+00:00,2694.09,2696.14,2693.08,2693.22,309.648681
2026-09-26 23:45:00+00:00,2693.22,2696.73,2693.1,2696.15,364.729541
2026-09-27 00:00:00+00:00,2696.15,2696.4,2691.6,2691.72,155.284452
2026-09-27 00:15:00+00:00,2691.72,2692.55,2690.02,2692.48,199.587109
2026-09-27 00:30:00+00:00,2692.48,2695.78,2692.25,2694.68,209.527175
2026-09-27 00:45:00+00:00,2694.75,2695.25,2693.01,2693.28,378.090452
2026-09-27 01:00:00+00:00,2693.28,2695.45,2691.74,2695.38,188.558071
2026-09-27 01:15:00+00:00,2695.38,2695.54,2692.63,2692.79,188.679593
2026-09-27 01:30:00+00:00,2692.79,2694.96,2691.11,2694.96,260.990674
2026-09-27 01:45:00+00:00,2694.96,2705.81,2694.96,2701.55,1721.589304
2026-09-27 02:00:00+00:00,2701.55,2704.75,2699.31,2702.0,540.746528
2026-09-27 02:15:00+00:00,2702.01,2706.13,2701.36,2703.51,607.067744
2026-09-27 02:30:00+00:00,2703.51,2704.75,2700.53,2700.55,167.023968
2026-09-27 02:45:00+00:00,2700.67,2700.68,2697.2,2698.0,286.895133
2026-09-27 03:00:00+00:00,2698.0,2700.68,2698.0,2700.29,508.681561
2026-09-27 03:15:00+00:00,2700.28,2700.28,2696.09,2696.38,242.790946
2026-09-27 03:30:00+00:00,2696.39,2698.49,2696.31,2697.49,246.328914
2026-09-27 03:45:00+00:00,2697.48,2697.5,2696.0,2696.46,161.931935
2026-09-27 04:00:00+00:00,2696.44,2700.0,2694.42,2699.33,331.302835
2026-09-27 04:15:00+00:00,2699.32,2699.74,2695.58,2695.58,396.266974
2026-09-27 04:30:00+00:00,2695.62,2695.65,2691.66,2691.66,229.095013
2026-09-27 04:45:00+00:00,2691.67,2693.78,2691.48,2692.16,216.051996
2026-09-27 05:00:00+00:00,2692.19,2696.42,2691.95,2695.43,178.065064
2026-09-27 05:15:00+00:00,2695.55,2697.33,2694.95,2697.22,132.865168
2026-09-27 05:30:00+00:00,2697.22,2712.43,2696.5,2705.13,2717.861775
2026-09-27 05:45:00+00:00,2705.38,2708.0,2704.32,2704.75,353.538311
2026-09-27 06:00:00+00:00,2704.73,2711.05,2704.73,2709.33,516.933528
2026-09-27 06:15:00+00:00,2709.33,2711.78,2707.61,2709.29,758.277923
2026-09-27 06:30:00+00:00,2708.96,2709.83,2706.3,2707.48,152.062977
2026-09-27 06:45:00+00:00,2707.48,2707.84,2706.0,2706.91,138.176631
2026-09-27 07:00:00+00:00,2706.91,2709.29,2705.58,2706.26,370.62098
2026-09-27 07:15:00+00:00,2706.75,2708.24,2705.49,2707.89,584.779862
2026-09-27 07:30:00+00:00,2707.96,2715.46,2707.96,2712.08,890.196676
2026-09-27 07:45:00+00:00,2712.08,2718.83,2711.67,2717.9,1183.616893
2026-09-27 08:00:00+00:00,2717.98,2720.44,2715.01,2718.11,1092.423955
2026-09-27 08:15:00+00:00,2718.1,2720.12,2714.63,2716.59,719.846636
2026-09-27 08:30:00+00:00,2716.6,2723.75,2715.32,2716.34,701.966207
2026-09-27 08:45:00+00:00,2716.33,2716.66,2713.77,2714.42,594.77371
2026-09-27 09:00:00+00:00,2714.16,2714.52,2706.12,2709.31,904.680094
2026-09-27 09:15:00+00:00,2709.31,2711.48,2708.09,2710.8,538.274882
2026-09-27 09:30:00+00:00,2710.8,2713.66,2710.8,2713.66,413.556325
2026-09-27 09:45:00+00:00,2713.67,2716.67,2713.16,2716.24,919.674902
2026-09-27 10:00:00+00:00,2716.24,2717.61,2713.47,2717.2,583.261595
2026-09-27 10:15:00+00:00,2717.2,2719.09,2711.53,2711.96,845.955333
2026-09-27 10:30:00+00:00,2711.96,2711.96,2709.35,2709.42,391.504698
2026-09-27 10:45:00+00:00,2709.43,2711.78,2708.75,2709.76,497.199145
2026-09-27 11:00:00+00:00,2709.75,2711.77,2708.61,2709.96,712.470522
2026-09-27 11:15:00+00:00,2709.96,2711.14,2707.95,2709.44,491.163092
2026-09-27 11:30:00+00:00,2709.34,2710.12,2707.33,2709.46,777.089302
2026-09-27 11:45:00+00:00,2709.45,2710.72,2707.23,2709.5,426.307255
2026-09-27 12:00:00+00:00,2709.5,2715.32,2709.5,2715.32,455.955594
2026-09-27 12:15:00+00:00,2715.31,2717.2,2712.55,2713.63,446.752044
2026-09-27 12:30:00+00:00,2713.77,2715.68,2712.73,2714.69,267.085508
2026-09-27 12:45:00+00:00,2714.68,2715.49,2707.69,2707.69,842.248194
2026-09-27 13:00:00+00:00,2707.69,2707.69,2698.34,2699.41,1936.408475
2026-09-27 13:15:00+00:00,2699.42,2709.35,2699.04,2709.21,487.958179
2026-09-27 13:30:00+00:00,2709.29,2715.38,2703.25,2703.36,1218.267555
2026-09-27 13:45:00+00:00,2703.8,2709.77,2702.0,2709.76,886.34635
2026-09-27 14:00:00+00:00,2709.77,2710.0,2704.24,2706.82,518.490638
2026-09-27 14:15:00+00:00,2706.93,2707.98,2689.0,2690.8,2230.2792
2026-09-27 14:30:00+00:00,2690.8,2695.07,2686.05,2690.47,1684.331004
2026-09-27 14:45:00+00:00,2690.47,2692.21,2682.53,2687.99,2262.191061
2026-09-27 15:00:00+00:00,2688.0,2689.31,2682.06,2688.77,1689.506334
2026-09-27 15:15:00+00:00,2688.64,2694.13,2685.02,2690.57,1470.975175
2026-09-27 15:30:00+00:00,2690.41,2692.59,2687.4,2687.75,810.750952
2026-09-27 15:45:00+00:00,2687.91,2692.58,2687.82,2690.29,745.627406
2026-09-27 16:00:00+00:00,2690.3,2694.25,2689.37,2693.15,677.369373
2026-09-27 16:15:00+00:00,2693.15,2696.79,2690.68,2691.21,673.708392
2026-09-27 16:30:00+00:00,2690.97,2690.97,2685.0,2685.89,606.543986
2026-09-27 16:45:00+00:00,2685.97,2688.32,2685.9,2686.69,245.525412
2026-09-27 17:00:00+00:00,2686.69,2690.0,2686.0,2688.61,318.227586
2026-09-27 17:15:00+00:00,2688.62,2690.16,2686.26,2686.57,212.378794
2026-09-27 17:30:00+00:00,2686.58,2689.87,2686.57,2688.36,333.250278
2026-09-27 17:45:00+00:00,2688.36,2692.21,2688.35,2691.4,186.111454
2026-09-27 18:00:00+00:00,2691.39,2692.98,2690.01,2692.61,213.51962
2026-09-27 18:15:00+00:00,2692.61,2698.91,2692.61,2697.89,634.977772
2026-09-27 18:30:00+00:00,2697.88,2698.13,2695.56,2697.44,448.281153
2026-09-27 18:45:00+00:00,2697.63,2699.72,2696.01,2698.55,571.799722
2026-09-27 19:00:00+00:00,2698.55,2699.24,2693.56,2695.52,151.405594
2026-09-27 19:15:00+00:00,2695.53,2697.5,2692.23,2692.73,238.379748
2026-09-27 19:30:00+00:00,2692.66,2695.11,2690.5,2693.27,282.90811
2026-09-27 19:45:00+00:00,2693.28,2695.33,2691.33,2691.74,180.529194
2026-09-27 20:00:00+00:00,2691.8,2696.54,2691.8,2696.53,185.026988
2026-09-27 20:15:00+00:00,2696.55,2696.55,2688.31,2688.88,440.249018
2026-09-27 20:30:00+00:00,2688.96,2691.85,2688.96,2691.77,130.439059
2026-09-27 20:45:00+00:00,2691.78,2691.85,2685.57,2686.29,506.721463
2026-09-27 21:00:00+00:00,2686.29,2691.93,2686.28,2691.92,285.378434
2026-09-27 21:15:00+00:00,2691.92,2693.88,2687.08,2687.43,365.973028
2026-09-27 21:30:00+00:00,2687.42,2687.91,2675.0,2682.41,1808.171788
2026-09-27 21:45:00+00:00,2682.3,2686.01,2680.81,2684.46,312.823486
2026-09-27 22:00:00+00:00,2684.47,2686.8,2672.15,2673.6,2041.670586
2026-09-27 22:15:00+00:00,2673.8,2685.0,2671.45,2683.59,1300.719765
2026-09-27 22:30:00+00:00,2683.59,2683.59,2671.06,2671.18,1779.722467
2026-09-27 22:45:00+00:00,2671.18,2676.4,2669.9,2675.76,887.390917
2026-09-27 23:00:00+00:00,2675.77,2681.11,2673.95,2676.54,827.811765
2026-09-27 23:15:00+00:00,2676.4,2688.0,2675.98,2685.5,798.210581
2026-09-27 23:30:00+00:00,2685.59,2687.86,2683.45,2683.45,394.835131
2026-09-27 23:45:00+00:00,2683.42,2691.16,2682.93,2688.79,656.354022
2026-09-28 00:00:00+00:00,2688.84,2691.86,2684.49,2686.61,538.684789
